date,temperature_2m_max,temperature_2m_min,temperature_2m_mean,precipitation_sum,rain_sum,precipitation_hours,windspeed_10m_max,windgusts_10m_max,winddirection_10m_dominant,shortwave_radiation_sum
2015-01-01,17.7,11.4,13.8,0.0,0.0,0.0,20.9,49.3,17,15.06
2015-01-02,16.8,11.3,13.6,1.1,1.1,7.0,13.8,36.0,9,12.25
2015-01-03,17.0,11.2,14.0,0.8,0.8,7.0,6.7,21.2,347,9.81
2015-01-04,19.7,13.1,15.8,0.0,0.0,0.0,6.6,22.0,345,14.18
2015-01-05,21.7,10.4,15.8,0.0,0.0,0.0,5.9,22.3,16,15.21
2015-01-06,22.4,12.1,17.2,0.0,0.0,0.0,9.2,26.6,14,10.62
2015-01-07,19.4,14.7,16.9,0.7,0.7,4.0,18.4,41.0,7,10.86
2015-01-08,17.8,11.8,14.7,0.0,0.0,0.0,19.9,45.4,10,14.56
2015-01-09,18.1,11.2,14.2,0.0,0.0,0.0,13.6,37.4,5,13.54
2015-01-10,17.4,11.7,14.6,0.2,0.2,2.0,11.8,33.1,6,9.89
2015-01-11,18.4,13.3,16.0,1.3,1.3,8.0,10.5,28.8,16,10.02
2015-01-12,19.0,15.4,16.7,4.4,4.4,16.0,12.0,29.2,23,6.22
2015-01-13,21.3,14.3,17.2,1.1,1.1,3.0,13.7,26.6,330,14.09
2015-01-14,19.1,13.8,15.7,4.6,4.6,6.0,19.1,43.6,5,13.81
2015-01-15,19.3,12.8,15.5,0.0,0.0,0.0,15.9,38.9,10,15.25
2015-01-16,18.5,12.0,14.8,0.0,0.0,0.0,15.6,37.8,5,13.41
2015-01-17,18.3,12.6,14.9,0.0,0.0,0.0,17.3,43.6,14,13.82
2015-01-18,18.3,11.7,14.7,0.0,0.0,0.0,18.4,42.5,5,12.5
2015-01-19,19.9,11.9,15.6,0.0,0.0,0.0,18.0,43.9,12,15.0
2015-01-20,18.8,13.4,16.3,0.4,0.4,3.0,7.8,24.1,346,8.62
2015-01-21,19.4,12.8,16.2,1.4,1.4,5.0,13.5,36.4,1,14.5
2015-01-22,18.2,8.7,13.3,0.0,0.0,0.0,14.8,39.2,12,17.86
2015-01-23,18.0,5.8,12.1,0.0,0.0,0.0,9.9,29.5,2,17.54
2015-01-24,19.3,9.9,14.1,0.0,0.0,0.0,9.1,25.6,346,16.91
2015-01-25,20.2,9.9,15.1,0.0,0.0,0.0,8.4,29.5,15,10.67
2015-01-26,19.4,14.8,16.6,0.0,0.0,0.0,9.5,25.6,11,5.79
2015-01-27,18.4,14.8,16.4,4.1,4.1,19.0,15.9,30.2,18,4.48
2015-01-28,20.1,14.9,16.7,1.2,1.2,10.0,15.2,41.4,18,11.03
2015-01-29,20.3,14.4,16.8,1.3,1.3,6.0,11.4,33.5,5,12.52
2015-01-30,19.7,13.2,15.9,0.0,0.0,0.0,19.8,46.8,13,15.45
2015-01-31,19.5,13.0,15.5,0.0,0.0,0.0,18.1,45.0,11,15.86
2015-02-01,17.9,13.1,15.1,0.4,0.4,4.0,14.2,37.1,4,10.78
2015-02-02,19.2,12.8,15.5,0.7,0.7,4.0,12.4,34.2,358,12.75
2015-02-03,20.0,12.9,16.1,0.8,0.8,4.0,15.3,40.7,4,15.53
2015-02-04,19.2,13.2,15.5,0.0,0.0,0.0,18.4,45.4,11,14.36
2015-02-05,15.1,11.0,12.7,5.7,5.7,17.0,21.3,49.0,13,8.65
2015-02-06,15.6,11.1,12.9,3.3,3.3,16.0,11.4,35.6,11,7.94
2015-02-07,19.1,11.2,14.8,0.4,0.4,2.0,11.1,35.6,1,15.83
2015-02-08,18.0,12.9,14.9,0.0,0.0,0.0,23.7,54.0,17,15.44
2015-02-09,15.3,10.8,12.7,4.9,4.9,10.0,19.6,47.2,16,13.13
2015-02-10,16.8,9.5,12.9,0.0,0.0,0.0,11.8,34.2,10,16.19
2015-02-11,17.8,9.8,13.7,0.0,0.0,0.0,8.4,30.2,350,15.66
2015-02-12,18.9,9.9,14.0,0.0,0.0,0.0,15.6,39.6,7,16.4
2015-02-13,20.2,8.3,14.7,0.0,0.0,0.0,8.8,25.9,344,19.35
2015-02-14,21.2,11.7,16.2,0.0,0.0,0.0,9.4,27.4,307,18.12
2015-02-15,24.7,12.5,17.9,1.5,1.5,5.0,7.8,31.7,355,15.84
2015-02-16,22.7,14.6,18.6,7.4,7.4,8.0,12.0,34.2,9,16.63
2015-02-17,22.8,14.1,18.2,0.0,0.0,0.0,11.8,34.2,10,18.17
2015-02-18,21.7,12.5,17.1,0.0,0.0,0.0,12.4,36.7,9,15.04
2015-02-19,21.3,13.1,16.7,0.0,0.0,0.0,12.2,35.3,6,15.82
2015-02-20,21.0,14.6,17.2,0.4,0.4,1.0,8.7,28.1,309,13.51
2015-02-21,23.4,14.1,18.8,2.4,2.4,6.0,11.2,34.9,248,17.41
2015-02-22,23.5,16.4,19.6,1.2,1.2,4.0,11.0,32.8,356,16.62
2015-02-23,23.0,16.2,18.8,2.7,2.7,7.0,10.3,31.3,3,13.03
2015-02-24,23.5,15.6,18.8,10.1,10.1,14.0,8.7,31.3,1,14.77
2015-02-25,24.6,14.5,19.7,0.0,0.0,0.0,8.4,28.4,256,18.73
2015-02-26,26.3,14.0,20.0,0.0,0.0,0.0,12.0,31.3,0,19.68
2015-02-27,26.2,14.2,19.5,0.0,0.0,0.0,14.1,36.7,1,19.49
2015-02-28,24.8,15.7,19.6,0.0,0.0,0.0,11.8,33.8,1,20.39
2015-03-01,22.1,15.7,17.9,2.4,2.4,5.0,18.0,46.4,5,17.1
2015-03-02,18.5,14.8,16.5,3.1,3.1,14.0,13.0,29.2,355,7.23
2015-03-03,24.6,15.5,19.3,2.1,2.1,6.0,11.1,33.1,312,18.17
2015-03-04,22.6,15.9,18.3,1.3,1.3,4.0,14.1,39.2,12,12.27
2015-03-05,23.6,15.7,18.7,0.0,0.0,0.0,12.1,36.0,358,16.9
2015-03-06,22.3,16.1,18.2,7.8,7.8,18.0,13.7,35.6,2,10.94
2015-03-07,22.7,16.4,18.5,3.3,3.3,9.0,13.6,36.4,360,14.48
2015-03-08,23.7,15.7,18.8,0.0,0.0,0.0,9.5,31.0,346,16.19
2015-03-09,23.2,16.1,19.3,0.7,0.7,4.0,21.0,50.8,9,20.53
2015-03-10,20.5,15.1,16.6,7.8,7.8,20.0,16.6,42.1,15,8.74
2015-03-11,18.0,14.5,15.8,17.5,17.5,24.0,12.6,33.5,6,6.03
2015-03-12,19.8,13.4,16.2,7.0,7.0,10.0,14.0,33.5,3,8.24
2015-03-13,22.0,11.7,16.9,0.0,0.0,0.0,7.9,27.7,339,18.51
2015-03-14,23.8,13.1,18.8,0.0,0.0,0.0,8.0,25.6,341,19.89
2015-03-15,26.3,14.7,20.8,0.0,0.0,0.0,8.8,28.8,318,19.23
2015-03-16,25.8,16.6,21.2,2.6,2.6,9.0,10.3,34.2,221,15.53
2015-03-17,26.9,19.4,22.7,0.4,0.4,3.0,13.0,32.4,224,17.4
2015-03-18,28.2,19.9,23.2,0.0,0.0,0.0,15.5,38.5,210,22.86
2015-03-19,29.1,19.4,23.3,0.0,0.0,0.0,11.2,28.8,234,22.99
2015-03-20,27.3,18.0,22.0,0.0,0.0,0.0,8.7,26.3,342,21.28
2015-03-21,25.5,18.3,21.3,1.7,1.7,5.0,11.9,34.2,355,19.5
2015-03-22,24.7,18.6,20.8,0.8,0.8,3.0,15.9,41.4,2,16.93
2015-03-23,22.7,16.6,19.0,19.9,19.9,23.0,19.9,45.0,6,10.59
2015-03-24,23.5,17.3,19.5,20.5,20.5,15.0,17.4,40.7,18,14.24
2015-03-25,20.0,16.8,18.2,19.3,19.3,24.0,14.8,33.5,16,7.56
2015-03-26,20.1,16.7,18.3,31.2,31.2,24.0,10.9,26.3,358,6.6
2015-03-27,21.2,16.5,18.4,8.0,8.0,15.0,11.1,30.2,4,8.8
2015-03-28,23.8,15.4,19.2,0.0,0.0,0.0,10.3,30.2,10,20.54
2015-03-29,24.8,17.3,21.0,0.0,0.0,0.0,8.7,27.0,331,23.28
2015-03-30,26.2,19.6,22.4,0.0,0.0,0.0,7.3,26.3,264,20.57
2015-03-31,27.4,17.7,22.9,0.1,0.1,1.0,13.6,37.4,207,21.04
2015-04-01,28.0,19.3,23.7,0.2,0.2,2.0,14.1,33.5,213,20.72
2015-04-02,28.2,19.7,23.8,0.0,0.0,0.0,16.6,41.0,205,22.66
2015-04-03,29.3,19.8,24.3,0.0,0.0,0.0,14.7,37.8,204,25.2
2015-04-04,28.5,20.3,24.3,0.0,0.0,0.0,12.8,34.2,217,22.65
2015-04-05,28.4,19.6,24.0,0.6,0.6,3.0,10.2,27.7,322,22.5
2015-04-06,28.3,19.9,24.3,2.4,2.4,8.0,10.8,28.8,3,18.42
2015-04-07,26.9,20.2,23.3,0.3,0.3,2.0,18.3,41.4,11,19.48
2015-04-08,24.7,18.5,20.9,2.6,2.6,9.0,18.5,47.2,8,18.8
2015-04-09,23.6,17.5,20.3,3.1,3.1,11.0,12.3,34.2,2,16.08
2015-04-10,22.1,18.0,19.8,3.1,3.1,17.0,14.8,34.9,8,9.88
2015-04-11,19.0,17.9,18.5,37.1,37.1,23.0,12.7,29.2,9,3.04
2015-04-12,22.7,16.8,19.4,4.7,4.7,5.0,14.1,36.7,3,19.95
2015-04-13,22.0,14.6,18.7,0.0,0.0,0.0,17.6,43.9,2,23.56
2015-04-14,20.4,11.1,15.9,0.0,0.0,0.0,10.6,31.0,334,27.73
2015-04-15,23.1,9.7,17.5,0.0,0.0,0.0,11.4,31.7,252,26.76
2015-04-16,26.2,14.1,20.6,0.0,0.0,0.0,12.5,32.4,191,25.7
2015-04-17,26.1,15.2,21.2,0.0,0.0,0.0,8.1,25.2,341,21.02
2015-04-18,28.9,20.7,24.4,2.6,2.6,8.0,17.6,47.2,206,19.52
2015-04-19,28.8,20.8,24.7,0.3,0.3,2.0,19.5,44.6,188,17.76
2015-04-20,29.1,21.0,24.9,1.8,1.8,4.0,17.5,43.9,195,19.57
2015-04-21,23.9,19.6,21.8,19.4,19.4,24.0,11.5,51.5,7,13.76
2015-04-22,25.2,19.5,21.6,3.8,3.8,16.0,13.0,35.6,8,14.51
2015-04-23,25.5,19.0,22.2,0.1,0.1,1.0,11.0,32.4,352,18.9
2015-04-24,26.0,19.1,22.4,1.4,1.4,7.0,10.7,31.0,356,20.89
2015-04-25,26.4,18.1,22.7,1.1,1.1,5.0,12.8,37.8,5,23.4
2015-04-26,26.3,19.0,22.8,0.5,0.5,4.0,9.4,31.7,348,22.44
2015-04-27,26.9,17.9,23.2,0.0,0.0,0.0,9.5,30.6,260,23.4
2015-04-28,27.5,19.5,24.0,0.5,0.5,3.0,12.2,38.5,210,20.66
2015-04-29,28.0,22.3,24.6,2.1,2.1,7.0,12.4,32.4,228,18.89
2015-04-30,27.9,22.6,24.9,0.3,0.3,2.0,10.9,32.4,344,23.28
2015-05-01,26.8,21.6,24.0,1.7,1.7,5.0,7.6,29.5,270,13.93
2015-05-02,29.2,20.3,24.7,2.7,2.7,5.0,18.3,50.0,205,23.12
2015-05-03,28.6,21.1,24.8,1.6,1.6,6.0,15.8,41.0,191,19.58
2015-05-04,28.8,21.5,24.9,2.7,2.7,13.0,8.6,35.6,291,20.62
2015-05-05,25.0,21.8,23.0,20.4,20.4,20.0,8.0,37.8,354,9.27
2015-05-06,29.0,21.1,24.5,2.5,2.5,5.0,11.5,39.6,246,19.37
2015-05-07,27.8,21.1,24.8,0.3,0.3,2.0,9.5,27.7,334,19.35
2015-05-08,28.1,22.6,25.3,3.2,3.2,9.0,11.6,37.8,210,19.86
2015-05-09,30.1,20.1,25.2,3.8,3.8,4.0,11.6,33.5,231,25.11
2015-05-10,29.1,20.5,25.2,2.2,2.2,5.0,10.9,32.0,3,23.51
2015-05-11,26.9,22.5,24.7,2.0,2.0,2.0,9.4,23.8,8,9.35
2015-05-12,27.9,21.9,24.2,1.5,1.5,8.0,9.9,33.1,284,17.01
2015-05-13,28.7,21.7,25.0,3.6,3.6,9.0,10.6,37.4,203,20.56
2015-05-14,30.6,20.0,25.9,0.0,0.0,0.0,15.1,36.7,203,24.66
2015-05-15,30.9,21.9,26.4,0.0,0.0,0.0,17.9,43.6,201,26.11
2015-05-16,31.2,19.7,25.8,0.0,0.0,0.0,13.7,39.2,210,27.03
2015-05-17,30.8,21.2,25.9,0.0,0.0,0.0,14.0,37.1,219,24.43
2015-05-18,31.4,18.6,25.8,0.0,0.0,0.0,18.4,45.0,197,27.67
2015-05-19,30.8,20.7,26.1,0.0,0.0,0.0,17.1,44.3,189,21.91
2015-05-20,26.1,22.8,24.3,18.3,18.3,18.0,11.3,33.1,157,8.52
2015-05-21,25.0,22.0,23.6,22.6,22.6,23.0,7.4,27.7,48,4.36
2015-05-22,28.5,22.1,24.6,8.6,8.6,10.0,8.1,38.5,38,14.73
2015-05-23,27.0,23.3,24.4,44.7,44.7,22.0,17.4,56.2,207,8.65
2015-05-24,24.7,22.5,23.6,81.9,81.9,24.0,15.2,51.8,173,4.71
2015-05-25,27.0,23.3,24.5,66.0,66.0,23.0,11.8,35.3,13,10.58
2015-05-26,27.2,22.9,24.7,27.8,27.8,18.0,7.6,30.6,188,11.02
2015-05-27,28.8,22.6,25.2,4.4,4.4,11.0,10.3,39.2,168,15.35
2015-05-28,29.1,22.9,25.7,0.1,0.1,1.0,13.3,37.4,174,17.45
2015-05-29,29.7,22.4,26.2,0.0,0.0,0.0,17.6,44.6,184,22.57
2015-05-30,29.7,22.7,26.5,2.3,2.3,3.0,18.3,42.5,185,23.43
2015-05-31,28.4,22.9,25.4,9.9,9.9,11.0,12.3,38.9,183,16.07
2015-06-01,28.8,22.7,25.7,1.2,1.2,5.0,12.0,32.4,183,17.61
2015-06-02,29.9,20.4,25.6,0.4,0.4,2.0,14.8,37.8,187,24.52
2015-06-03,29.5,21.7,25.9,0.2,0.2,1.0,12.5,33.5,187,20.01
2015-06-04,29.1,21.5,25.9,0.2,0.2,1.0,10.0,31.7,206,22.41
2015-06-05,28.6,21.8,25.6,0.4,0.4,2.0,13.5,35.6,179,17.21
2015-06-06,29.0,22.2,25.6,3.6,3.6,6.0,7.9,31.0,187,16.04
2015-06-07,29.5,23.3,26.5,1.4,1.4,7.0,13.0,33.1,206,23.22
2015-06-08,29.6,20.8,25.8,0.0,0.0,0.0,14.3,36.0,195,25.29
2015-06-09,30.2,20.7,25.9,0.0,0.0,0.0,14.3,37.8,189,26.07
2015-06-10,30.5,21.4,26.3,0.0,0.0,0.0,15.3,38.5,190,26.1
2015-06-11,30.9,21.1,26.4,0.0,0.0,0.0,15.5,40.7,188,25.91
2015-06-12,30.2,21.7,26.5,1.1,1.1,3.0,13.1,35.3,201,23.75
2015-06-13,30.6,22.7,26.9,0.1,0.1,1.0,14.8,38.5,198,25.37
2015-06-14,30.9,22.3,26.7,3.4,3.4,6.0,13.9,33.8,198,23.57
2015-06-15,30.3,23.9,27.0,0.4,0.4,3.0,11.9,31.3,201,21.3
2015-06-16,30.9,22.4,27.1,0.1,0.1,1.0,14.6,36.0,204,25.16
2015-06-17,31.5,21.7,27.1,0.0,0.0,0.0,16.4,39.6,194,25.91
2015-06-18,31.7,22.1,27.1,0.0,0.0,0.0,16.1,41.4,188,26.45
2015-06-19,31.5,21.7,27.2,0.1,0.1,1.0,12.0,34.6,211,25.29
2015-06-20,31.4,24.3,28.2,1.3,1.3,6.0,9.0,29.5,271,24.17
2015-06-21,30.9,25.1,27.8,4.5,4.5,13.0,7.1,25.6,4,20.37
2015-06-22,29.6,25.0,26.9,16.1,16.1,13.0,8.2,29.9,299,18.75
2015-06-23,29.9,24.4,27.1,25.2,25.2,12.0,7.3,31.0,217,18.9
2015-06-24,30.3,24.3,26.7,6.6,6.6,6.0,15.8,44.3,191,19.05
2015-06-25,30.5,23.4,26.8,2.0,2.0,5.0,18.2,46.8,187,21.3
2015-06-26,31.0,23.2,27.3,0.7,0.7,3.0,16.6,42.8,192,23.03
2015-06-27,31.0,23.2,27.2,0.8,0.8,5.0,18.4,45.4,190,23.43
2015-06-28,30.8,22.9,27.3,0.8,0.8,4.0,15.6,39.2,191,24.06
2015-06-29,30.1,22.7,27.0,0.7,0.7,4.0,16.1,44.6,193,23.09
2015-06-30,30.4,22.6,27.1,0.6,0.6,4.0,18.8,47.2,190,23.85
2015-07-01,31.2,23.2,27.5,0.5,0.5,3.0,18.5,46.4,187,23.39
2015-07-02,30.9,24.1,27.6,0.5,0.5,3.0,16.4,43.6,186,22.02
2015-07-03,31.4,22.2,27.1,0.4,0.4,2.0,14.1,35.3,197,16.41
2015-07-04,31.5,24.5,27.8,3.0,3.0,6.0,11.8,29.2,355,21.96
2015-07-05,32.1,24.1,28.1,8.1,8.1,9.0,10.0,28.1,356,22.8
2015-07-06,30.2,25.9,27.4,7.9,7.9,13.0,9.1,27.4,292,15.17
2015-07-07,29.2,25.2,26.9,11.7,11.7,12.0,9.2,29.5,342,13.47
2015-07-08,29.1,25.2,26.8,4.5,4.5,15.0,5.0,24.5,288,10.07
2015-07-09,28.3,24.3,26.4,12.3,12.3,16.0,14.8,33.8,2,17.01
2015-07-10,27.7,23.8,25.6,20.4,20.4,24.0,24.6,60.5,2,12.43
2015-07-11,28.3,22.7,25.3,20.5,20.5,17.0,21.3,54.7,174,13.69
2015-07-12,29.3,23.8,26.3,2.2,2.2,8.0,12.7,41.4,179,18.0
2015-07-13,30.1,23.2,26.8,1.5,1.5,7.0,8.4,24.5,221,24.08
2015-07-14,29.2,24.3,26.4,2.7,2.7,15.0,7.1,23.4,243,18.94
2015-07-15,29.6,23.7,26.6,3.3,3.3,9.0,8.0,23.8,236,22.0
2015-07-16,28.7,24.6,27.0,10.9,10.9,14.0,9.0,25.2,327,19.67
2015-07-17,29.2,25.4,26.9,10.1,10.1,20.0,7.1,22.7,291,18.45
2015-07-18,30.0,24.8,27.4,4.4,4.4,8.0,8.5,26.6,8,21.68
2015-07-19,28.6,24.6,26.4,12.2,12.2,10.0,7.2,38.9,201,15.39
2015-07-20,28.5,23.9,25.7,7.8,7.8,11.0,14.6,55.8,179,12.15
2015-07-21,30.6,23.4,26.7,0.0,0.0,0.0,19.5,48.6,191,20.95
2015-07-22,28.7,23.7,25.6,2.3,2.3,5.0,17.3,54.4,191,14.04
2015-07-23,29.3,22.4,25.7,7.0,7.0,5.0,16.3,47.9,189,19.15
2015-07-24,29.0,21.4,25.6,0.0,0.0,0.0,13.0,38.2,192,23.28
2015-07-25,30.3,21.9,26.2,0.0,0.0,0.0,13.2,34.6,195,25.04
2015-07-26,30.7,22.5,26.6,0.2,0.2,1.0,13.6,35.6,195,24.46
2015-07-27,29.7,22.5,26.1,2.4,2.4,8.0,10.2,30.2,184,20.25
2015-07-28,28.7,22.9,25.6,15.0,15.0,20.0,10.2,25.6,178,15.47
2015-07-29,30.4,21.1,26.0,0.2,0.2,1.0,10.0,26.3,196,22.26
2015-07-30,30.0,22.5,26.3,5.4,5.4,9.0,9.1,25.9,208,23.05
2015-07-31,30.4,23.5,26.9,4.6,4.6,14.0,7.2,23.0,225,22.28
2015-08-01,29.8,23.8,27.0,6.4,6.4,13.0,7.7,24.5,289,21.46
2015-08-02,30.7,23.0,27.1,1.3,1.3,6.0,8.3,26.6,306,23.1
2015-08-03,31.1,23.3,27.5,1.6,1.6,7.0,9.7,26.6,307,23.93
2015-08-04,30.3,23.7,27.5,1.2,1.2,7.0,10.0,25.6,303,21.86
2015-08-05,29.2,23.5,26.7,5.1,5.1,16.0,8.7,27.7,348,19.87
2015-08-06,30.3,22.6,26.9,7.3,7.3,9.0,15.2,42.1,13,21.67
2015-08-07,31.3,23.1,26.6,19.3,19.3,12.0,37.8,87.5,11,18.35
2015-08-08,27.5,24.2,25.1,169.7,169.7,24.0,53.1,137.5,103,4.11
2015-08-09,27.6,24.3,25.9,10.0,10.0,17.0,24.9,63.0,177,9.07
2015-08-10,30.4,21.9,26.4,0.0,0.0,0.0,15.8,39.2,186,24.77
2015-08-11,29.8,21.0,25.9,0.7,0.7,3.0,15.0,36.7,190,24.6
2015-08-12,29.6,21.8,25.8,1.7,1.7,4.0,15.0,36.7,196,22.31
2015-08-13,28.8,23.3,26.0,7.5,7.5,13.0,15.9,40.7,193,19.51
2015-08-14,28.4,23.2,25.4,13.7,13.7,16.0,14.8,41.8,186,13.05
2015-08-15,27.9,22.8,25.4,17.9,17.9,13.0,16.7,45.4,180,14.75
2015-08-16,26.9,23.2,24.8,26.0,26.0,15.0,16.8,47.9,171,7.37
2015-08-17,29.6,22.1,25.9,0.1,0.1,1.0,13.0,38.5,181,20.74
2015-08-18,29.6,22.3,26.0,2.9,2.9,6.0,9.3,27.7,190,19.52
2015-08-19,28.4,24.0,26.3,23.1,23.1,9.0,8.5,24.8,350,18.22
2015-08-20,29.9,23.4,26.9,7.9,7.9,10.0,4.5,22.0,28,19.56
2015-08-21,30.4,25.0,27.5,39.1,39.1,22.0,6.1,25.2,40,16.32
2015-08-22,30.5,24.6,27.6,24.0,24.0,20.0,8.1,23.0,42,16.74
2015-08-23,28.4,24.9,26.6,7.7,7.7,18.0,23.4,60.5,4,13.39
2015-08-24,28.8,24.4,26.1,10.7,10.7,13.0,12.6,32.8,194,14.81
2015-08-25,29.1,23.6,26.0,7.8,7.8,16.0,11.2,31.3,189,18.77
2015-08-26,26.8,23.8,24.8,21.5,21.5,24.0,8.9,25.9,187,10.13
2015-08-27,25.5,23.5,24.4,31.8,31.8,24.0,9.5,31.3,192,4.98
2015-08-28,26.5,23.1,24.6,14.3,14.3,15.0,12.7,40.0,192,9.15
2015-08-29,24.9,22.1,23.5,58.2,58.2,24.0,15.7,54.7,166,3.66
2015-08-30,25.8,21.5,23.5,53.6,53.6,24.0,11.5,35.6,150,6.37
2015-08-31,25.7,21.3,23.6,23.9,23.9,19.0,6.3,30.6,160,6.27
2015-09-01,27.9,22.0,24.6,15.3,15.3,16.0,9.0,31.3,190,11.06
2015-09-02,28.7,21.3,25.1,4.9,4.9,7.0,7.0,22.0,192,15.51
2015-09-03,28.5,23.0,26.0,2.5,2.5,5.0,8.7,25.9,342,16.91
2015-09-04,28.5,22.4,26.0,1.3,1.3,4.0,8.2,22.0,348,15.94
2015-09-05,29.2,21.9,25.8,0.5,0.5,3.0,13.7,33.5,196,21.41
2015-09-06,29.3,21.8,25.8,0.0,0.0,0.0,15.0,36.0,185,21.7
2015-09-07,26.4,23.9,24.8,18.6,18.6,16.0,11.9,26.6,25,6.76
2015-09-08,26.7,23.7,25.1,2.8,2.8,12.0,11.2,30.6,10,13.99
2015-09-09,27.9,22.6,25.3,2.8,2.8,8.0,13.0,34.9,16,20.67
2015-09-10,27.1,20.9,24.2,0.0,0.0,0.0,13.5,40.0,11,22.38
2015-09-11,27.0,21.5,24.3,0.0,0.0,0.0,9.2,27.7,2,19.65
2015-09-12,26.8,21.9,24.7,1.8,1.8,11.0,10.9,31.3,359,17.32
2015-09-13,27.2,23.3,25.0,7.0,7.0,20.0,10.5,33.1,21,15.88
2015-09-14,29.0,21.0,25.1,0.5,0.5,4.0,9.0,26.3,19,20.5
2015-09-15,28.1,23.2,25.4,3.0,3.0,9.0,9.0,26.3,5,14.91
2015-09-16,28.7,21.6,25.3,1.0,1.0,4.0,10.8,29.9,13,20.81
2015-09-17,28.5,21.8,25.3,0.1,0.1,1.0,11.9,33.8,13,22.33
2015-09-18,28.0,19.7,24.2,0.0,0.0,0.0,13.2,35.3,5,23.58
2015-09-19,27.8,22.5,24.9,0.0,0.0,0.0,11.1,32.4,352,22.41
2015-09-20,27.5,21.9,24.9,0.8,0.8,6.0,8.1,23.4,309,16.68
2015-09-21,27.6,23.4,24.9,2.3,2.3,11.0,8.2,24.1,291,15.57
2015-09-22,28.4,23.7,25.7,1.0,1.0,3.0,9.5,24.5,300,17.97
2015-09-23,29.3,21.3,25.9,0.7,0.7,3.0,9.1,27.7,236,21.08
2015-09-24,29.6,21.6,25.9,0.3,0.3,2.0,7.2,23.0,300,19.52
2015-09-25,28.8,23.1,26.0,1.4,1.4,6.0,9.5,26.6,356,19.17
2015-09-26,28.9,22.9,25.7,0.2,0.2,1.0,18.7,43.9,6,18.7
2015-09-27,27.3,22.6,24.7,1.4,1.4,7.0,25.3,59.8,11,18.94
2015-09-28,25.2,24.0,24.6,57.1,57.1,21.0,43.9,120.2,359,5.35
2015-09-29,27.7,23.6,25.2,71.3,71.3,20.0,43.3,104.4,174,7.49
2015-09-30,28.4,23.0,25.6,11.5,11.5,8.0,6.3,23.0,9,13.07
2015-10-01,28.4,22.7,25.7,5.3,5.3,12.0,11.2,30.6,228,16.3
2015-10-02,29.0,22.6,25.7,0.4,0.4,3.0,14.2,36.4,14,19.8
2015-10-03,29.3,23.3,26.1,3.8,3.8,12.0,6.7,21.2,346,18.79
2015-10-04,29.1,23.0,26.1,3.4,3.4,7.0,6.5,24.5,90,17.89
2015-10-05,29.3,23.1,26.2,0.7,0.7,4.0,7.7,24.5,347,18.51
2015-10-06,29.1,23.3,25.8,0.1,0.1,1.0,8.6,26.6,358,18.32
2015-10-07,28.0,22.9,25.2,0.3,0.3,3.0,6.2,21.2,280,17.42
2015-10-08,27.5,21.4,24.4,4.2,4.2,7.0,11.8,33.1,206,16.5
2015-10-09,26.7,21.7,23.9,0.8,0.8,5.0,15.2,39.6,15,15.83
2015-10-10,25.6,21.0,23.2,0.3,0.3,3.0,12.3,31.3,14,13.78
2015-10-11,24.0,21.8,22.6,1.7,1.7,8.0,16.2,35.6,16,4.78
2015-10-12,25.7,21.5,23.0,0.4,0.4,1.0,11.2,31.7,17,12.85
2015-10-13,26.2,19.8,22.8,0.0,0.0,0.0,15.1,38.9,12,18.1
2015-10-14,25.4,19.5,22.2,0.0,0.0,0.0,12.6,35.3,8,17.88
2015-10-15,25.6,18.8,22.2,0.0,0.0,0.0,14.2,37.8,7,19.0
2015-10-16,27.4,19.1,23.3,0.0,0.0,0.0,17.3,42.1,19,19.79
2015-10-17,27.6,18.4,23.1,0.0,0.0,0.0,18.0,42.1,24,20.53
2015-10-18,28.1,18.6,23.7,0.0,0.0,0.0,17.6,40.3,20,18.8
2015-10-19,29.2,21.5,25.1,0.0,0.0,0.0,14.9,36.4,15,16.66
2015-10-20,24.9,23.1,24.1,8.2,8.2,20.0,7.6,19.8,38,3.52
2015-10-21,25.1,22.6,23.9,7.2,7.2,21.0,10.2,24.8,28,3.66
2015-10-22,25.0,22.9,23.9,2.9,2.9,3.0,12.1,26.3,22,4.37
2015-10-23,27.3,22.2,24.1,0.1,0.1,1.0,14.8,35.3,14,13.85
2015-10-24,27.4,21.6,24.4,0.0,0.0,0.0,10.8,30.6,12,14.75
2015-10-25,27.3,21.5,24.2,0.0,0.0,0.0,12.4,33.8,5,16.94
2015-10-26,26.5,21.9,23.7,2.0,2.0,8.0,6.4,23.8,319,13.48
2015-10-27,26.9,21.8,23.9,0.2,0.2,1.0,7.6,23.4,281,15.35
2015-10-28,26.9,20.1,23.7,0.1,0.1,1.0,6.5,23.0,355,15.44
2015-10-29,26.4,21.7,23.7,0.9,0.9,6.0,8.0,24.5,321,14.05
2015-10-30,26.6,18.6,22.8,0.0,0.0,0.0,14.0,34.9,12,15.89
2015-10-31,26.3,19.4,22.6,0.1,0.1,1.0,15.5,41.0,20,16.25
2015-11-01,25.7,19.7,22.2,0.4,0.4,2.0,14.8,34.9,15,14.83
2015-11-02,24.8,19.2,21.8,0.0,0.0,0.0,17.7,43.2,16,15.61
2015-11-03,26.7,19.7,22.9,0.0,0.0,0.0,13.0,31.7,19,11.94
2015-11-04,27.9,20.4,24.1,0.5,0.5,2.0,5.4,19.1,34,14.16
2015-11-05,27.6,21.2,24.2,0.0,0.0,0.0,7.8,22.3,349,13.72
2015-11-06,28.5,21.4,24.6,0.2,0.2,2.0,6.8,22.0,312,15.6
2015-11-07,27.4,22.2,24.3,1.3,1.3,2.0,8.0,22.7,231,14.56
2015-11-08,27.4,20.0,24.1,0.0,0.0,0.0,7.1,23.8,344,15.53
2015-11-09,27.4,21.1,23.8,0.1,0.1,1.0,15.2,38.2,12,14.34
2015-11-10,26.2,20.3,22.7,0.0,0.0,0.0,16.9,40.7,17,15.82
2015-11-11,25.8,19.3,22.4,0.0,0.0,0.0,14.1,36.4,12,12.41
2015-11-12,27.3,19.6,23.2,0.0,0.0,0.0,7.9,25.6,4,14.97
2015-11-13,25.5,21.6,23.2,0.4,0.4,4.0,7.3,24.8,355,10.87
2015-11-14,26.5,19.8,23.0,1.5,1.5,3.0,7.4,34.6,14,13.2
2015-11-15,27.6,17.3,22.6,0.0,0.0,0.0,8.4,27.0,20,16.23
2015-11-16,27.1,19.0,23.0,0.0,0.0,0.0,7.2,24.1,351,15.26
2015-11-17,28.6,19.6,23.9,0.0,0.0,0.0,6.0,22.3,7,15.54
2015-11-18,28.8,18.7,23.5,0.0,0.0,0.0,8.9,24.1,307,15.9
2015-11-19,28.0,18.5,23.0,0.0,0.0,0.0,10.9,29.5,11,15.99
2015-11-20,27.3,18.0,22.7,0.4,0.4,3.0,7.9,24.8,14,13.15
2015-11-21,26.4,20.0,22.5,3.2,3.2,9.0,6.8,21.2,17,11.1
2015-11-22,26.8,18.9,22.6,1.1,1.1,6.0,8.0,23.8,5,14.21
2015-11-23,27.2,18.0,22.3,0.0,0.0,0.0,17.0,41.8,12,15.28
2015-11-24,25.7,19.5,22.0,0.0,0.0,0.0,17.1,39.2,17,12.93
2015-11-25,24.2,18.0,20.5,0.0,0.0,0.0,21.6,44.6,15,14.78
2015-11-26,20.2,14.7,17.6,0.0,0.0,0.0,23.6,52.2,14,14.07
2015-11-27,20.9,13.2,17.0,0.0,0.0,0.0,16.4,41.0,13,14.81
2015-11-28,23.7,14.9,19.0,0.0,0.0,0.0,10.0,29.5,5,14.63
2015-11-29,24.6,14.7,19.6,0.0,0.0,0.0,12.0,33.8,9,13.41
2015-11-30,24.8,16.4,20.3,0.0,0.0,0.0,11.6,34.2,12,13.9
2015-12-01,25.3,16.2,20.7,0.0,0.0,0.0,10.0,29.9,11,14.63
2015-12-02,25.2,15.0,20.1,0.0,0.0,0.0,11.3,27.0,3,14.54
2015-12-03,22.7,17.9,20.1,0.5,0.5,3.0,16.1,37.8,17,7.69
2015-12-04,22.2,18.2,19.5,2.0,2.0,9.0,13.0,36.7,14,6.37
2015-12-05,24.7,17.1,20.5,0.2,0.2,1.0,18.2,33.5,358,12.66
2015-12-06,22.1,17.5,19.4,4.7,4.7,14.0,19.2,42.8,16,7.5
2015-12-07,20.8,17.6,19.1,11.3,11.3,15.0,15.0,33.8,15,6.02
2015-12-08,23.9,18.0,20.4,0.2,0.2,2.0,14.8,36.4,19,10.27
2015-12-09,24.7,18.0,20.7,4.1,4.1,10.0,7.9,32.8,5,7.19
2015-12-10,22.4,16.5,19.1,30.6,30.6,11.0,13.9,60.1,353,7.79
2015-12-11,22.6,15.2,18.4,0.0,0.0,0.0,13.6,34.6,17,14.28
2015-12-12,23.1,15.8,18.8,0.2,0.2,1.0,11.2,33.5,21,14.04
2015-12-13,24.0,13.9,18.7,0.0,0.0,0.0,11.2,30.2,9,14.32
2015-12-14,23.9,15.4,19.4,0.0,0.0,0.0,14.1,35.6,11,13.78
2015-12-15,22.0,15.6,18.2,0.0,0.0,0.0,19.4,43.9,12,13.86
2015-12-16,18.4,13.4,15.9,0.0,0.0,0.0,24.6,54.0,11,12.9
2015-12-17,16.1,12.4,13.8,0.0,0.0,0.0,24.6,54.7,15,13.4
2015-12-18,19.2,11.0,14.8,0.0,0.0,0.0,16.6,41.8,16,14.07
2015-12-19,22.1,11.0,16.5,0.0,0.0,0.0,14.5,36.0,19,14.93
2015-12-20,20.2,13.6,17.6,0.0,0.0,0.0,8.3,19.4,11,5.18
2015-12-21,23.1,16.0,19.4,0.0,0.0,0.0,13.4,33.8,10,10.43
2015-12-22,24.2,18.2,20.5,0.6,0.6,1.0,9.8,26.3,348,11.83
2015-12-23,24.8,17.1,20.7,0.0,0.0,0.0,6.9,27.7,356,13.44
2015-12-24,24.8,17.2,20.7,0.0,0.0,0.0,7.9,25.9,359,11.7
2015-12-25,21.0,16.7,18.8,2.3,2.3,4.0,17.6,40.7,11,7.55
2015-12-26,21.6,15.4,18.0,0.0,0.0,0.0,12.1,33.5,3,12.92
2015-12-27,19.5,16.0,17.6,10.0,10.0,16.0,16.6,33.5,11,5.12
2015-12-28,21.3,15.3,17.6,1.4,1.4,4.0,18.8,43.9,15,13.28
2015-12-29,19.9,15.1,16.9,1.1,1.1,6.0,12.6,35.6,11,10.88
2015-12-30,19.7,13.8,16.6,0.0,0.0,0.0,14.5,36.0,12,7.33
2015-12-31,21.1,15.6,17.6,0.0,0.0,0.0,19.9,45.7,17,12.28
2016-01-01,22.2,14.7,18.0,0.0,0.0,0.0,14.0,35.6,10,13.55
2016-01-02,23.0,13.4,18.0,3.5,3.5,7.0,12.7,30.2,3,11.8
2016-01-03,21.3,17.5,18.8,29.4,29.4,21.0,8.4,32.8,7,5.0
2016-01-04,22.1,17.4,19.5,19.3,19.3,17.0,4.7,26.6,5,6.56
2016-01-05,24.2,16.7,19.9,1.9,1.9,8.0,8.9,30.2,16,11.12
2016-01-06,19.9,16.0,18.0,19.6,19.6,9.0,17.2,37.4,13,6.31
2016-01-07,21.1,13.8,17.4,0.8,0.8,4.0,17.0,38.5,15,12.84
2016-01-08,19.4,15.0,16.8,6.0,6.0,9.0,16.9,40.0,10,9.42
2016-01-09,20.4,12.9,16.4,0.0,0.0,0.0,13.2,33.5,11,14.21
2016-01-10,21.1,13.1,16.9,0.0,0.0,0.0,11.9,28.4,5,9.64
2016-01-11,19.0,16.4,17.1,17.0,17.0,18.0,13.6,29.9,14,2.48
2016-01-12,20.5,15.2,17.1,8.2,8.2,15.0,16.5,41.8,10,12.44
2016-01-13,17.2,13.6,15.5,6.7,6.7,18.0,15.5,40.0,8,6.93
2016-01-14,18.6,12.1,15.2,0.0,0.0,0.0,15.5,36.4,8,14.46
2016-01-15,17.6,13.3,15.4,4.2,4.2,10.0,9.7,25.9,17,4.79
2016-01-16,21.7,13.8,17.4,0.6,0.6,3.0,11.2,28.4,11,13.83
2016-01-17,18.5,15.4,16.9,18.0,18.0,19.0,15.7,36.0,4,4.56
2016-01-18,18.5,13.1,15.3,0.1,0.1,1.0,17.4,39.6,10,14.83
2016-01-19,18.0,12.6,14.9,7.6,7.6,18.0,13.4,39.6,14,10.45
2016-01-20,19.7,13.5,16.6,3.0,3.0,9.0,15.2,34.6,11,8.83
2016-01-21,19.7,15.2,16.9,7.7,7.7,14.0,17.1,40.3,8,9.21
2016-01-22,20.7,15.2,17.1,8.8,8.8,10.0,18.4,41.4,6,9.63
2016-01-23,14.8,8.7,12.2,16.8,16.8,24.0,27.3,61.6,12,2.83
2016-01-24,8.2,5.1,6.2,9.7,8.8,20.0,28.0,62.3,9,2.64
2016-01-25,12.5,6.0,8.9,0.0,0.0,0.0,21.0,45.0,11,15.39
2016-01-26,17.0,6.6,12.2,0.0,0.0,0.0,10.5,27.4,7,15.63
2016-01-27,18.4,11.0,14.6,4.0,4.0,12.0,9.2,30.6,2,9.51
2016-01-28,20.0,13.2,16.4,6.7,6.7,18.0,12.7,29.2,6,7.12
2016-01-29,19.3,14.2,16.5,25.5,25.5,21.0,16.6,52.6,8,5.95
2016-01-30,18.7,15.0,16.9,11.9,11.9,14.0,14.2,35.6,13,7.16
2016-01-31,22.1,13.0,17.0,0.0,0.0,0.0,15.0,36.7,10,16.19
2016-02-01,17.9,14.1,15.6,10.2,10.2,19.0,22.6,48.2,14,7.61
2016-02-02,15.4,12.8,13.8,5.9,5.9,14.0,19.6,40.7,8,6.01
2016-02-03,16.3,12.9,14.3,2.8,2.8,9.0,15.9,36.0,7,4.32
2016-02-04,17.7,14.1,15.6,1.7,1.7,8.0,15.3,34.9,9,6.58
2016-02-05,18.3,12.3,15.1,1.8,1.8,7.0,22.8,50.4,9,14.32
2016-02-06,14.2,9.5,11.9,0.0,0.0,0.0,26.2,59.8,10,15.62
2016-02-07,15.0,6.8,10.7,0.0,0.0,0.0,18.6,43.6,11,19.17
2016-02-08,16.4,5.1,10.5,0.0,0.0,0.0,13.2,34.2,9,19.09
2016-02-09,17.9,6.1,12.8,0.0,0.0,0.0,8.2,24.1,333,18.91
2016-02-10,20.6,8.6,14.6,0.0,0.0,0.0,7.0,24.1,38,16.37
2016-02-11,22.5,11.8,17.2,1.9,1.9,4.0,5.9,36.0,10,13.69
2016-02-12,24.4,14.2,18.8,0.1,0.1,1.0,14.0,36.0,176,13.94
2016-02-13,26.1,13.1,19.3,0.5,0.5,3.0,15.6,43.9,170,17.85
2016-02-14,22.6,13.8,17.6,4.9,4.9,12.0,20.0,43.6,24,9.57
2016-02-15,13.9,10.9,12.1,8.1,8.1,21.0,19.6,43.2,4,6.56
2016-02-16,13.9,11.1,12.3,5.4,5.4,16.0,11.6,31.3,3,4.23
2016-02-17,16.6,12.2,14.0,12.2,12.2,24.0,9.4,36.7,8,7.46
2016-02-18,17.8,13.2,15.2,6.0,6.0,12.0,9.0,29.5,12,8.25
2016-02-19,21.1,11.5,16.2,0.0,0.0,0.0,12.5,37.4,8,16.79
2016-02-20,15.6,13.7,14.7,4.7,4.7,12.0,20.2,44.6,15,4.22
2016-02-21,19.3,13.4,16.3,1.3,1.3,9.0,11.2,27.0,9,9.34
2016-02-22,20.1,12.6,16.6,3.2,3.2,10.0,9.9,30.6,349,13.98
2016-02-23,20.2,14.9,17.0,8.7,8.7,23.0,18.8,41.0,11,13.64
2016-02-24,18.4,14.5,15.6,9.2,9.2,21.0,18.6,43.2,14,8.42
2016-02-25,17.1,14.2,15.5,5.5,5.5,24.0,13.0,32.4,16,4.2
2016-02-26,17.5,14.4,15.5,2.3,2.3,17.0,12.6,31.0,9,5.67
2016-02-27,18.6,13.9,15.8,0.0,0.0,0.0,11.9,32.4,4,10.92
2016-02-28,21.1,13.1,16.8,0.0,0.0,0.0,10.7,32.0,6,17.91
2016-02-29,20.2,12.8,16.0,0.0,0.0,0.0,22.5,55.1,16,20.92
2016-03-01,18.7,8.7,14.1,0.0,0.0,0.0,13.1,35.3,8,19.41
2016-03-02,19.5,11.4,15.5,0.0,0.0,0.0,8.2,25.2,340,19.68
2016-03-03,20.4,12.0,16.4,0.0,0.0,0.0,8.6,26.6,323,20.12
2016-03-04,22.9,12.9,17.6,0.0,0.0,0.0,7.6,26.6,12,16.76
2016-03-05,24.0,13.2,18.7,0.0,0.0,0.0,8.5,26.6,9,18.53
2016-03-06,23.9,14.8,19.5,0.0,0.0,0.0,7.4,26.6,356,20.08
2016-03-07,24.1,14.0,19.1,0.0,0.0,0.0,7.2,28.4,359,20.67
2016-03-08,24.7,17.6,21.2,0.0,0.0,0.0,10.9,37.1,214,16.32
2016-03-09,24.9,16.6,19.8,13.0,13.0,12.0,14.8,51.5,13,14.43
2016-03-10,18.9,12.8,15.6,26.9,26.9,21.0,22.0,56.2,11,9.73
2016-03-11,15.2,12.6,13.6,24.9,24.9,24.0,18.0,45.7,7,6.06
2016-03-12,19.3,13.7,16.1,12.6,12.6,21.0,8.7,29.5,358,11.53
2016-03-13,21.1,13.9,17.6,41.6,41.6,18.0,14.8,50.4,6,9.16
2016-03-14,18.3,15.0,16.5,17.3,17.3,15.0,21.0,50.4,9,11.48
2016-03-15,16.0,14.7,15.3,10.8,10.8,22.0,10.7,26.6,5,2.61
2016-03-16,20.8,15.4,17.5,4.8,4.8,10.0,12.6,33.8,6,9.41
2016-03-17,23.8,15.8,19.5,3.1,3.1,10.0,7.0,25.9,349,16.12
2016-03-18,27.6,17.9,21.5,37.5,37.5,19.0,12.2,38.2,190,13.81
2016-03-19,25.5,18.9,21.9,0.5,0.5,2.0,8.6,34.2,322,16.29
2016-03-20,23.6,17.7,19.8,8.4,8.4,13.0,14.5,32.8,7,11.98
2016-03-21,21.3,17.0,18.4,13.3,13.3,18.0,12.6,33.1,8,9.48
2016-03-22,22.3,16.7,19.0,5.9,5.9,18.0,8.4,33.8,354,16.08
2016-03-23,21.3,16.2,18.4,13.7,13.7,17.0,16.2,42.1,14,7.79
2016-03-24,18.1,13.9,15.7,14.2,14.2,22.0,18.9,41.4,10,6.85
2016-03-25,15.4,12.1,13.5,15.6,15.6,22.0,15.9,41.4,4,6.26
2016-03-26,18.4,12.0,14.4,0.1,0.1,1.0,21.7,52.6,6,23.22
2016-03-27,17.7,9.2,13.7,0.0,0.0,0.0,17.0,45.0,5,24.41
2016-03-28,19.5,6.4,13.7,0.0,0.0,0.0,11.8,33.1,16,25.59
2016-03-29,20.7,8.8,15.5,0.0,0.0,0.0,9.2,26.6,352,20.65
2016-03-30,23.4,12.4,18.1,0.0,0.0,0.0,7.1,25.2,352,22.62
2016-03-31,23.2,15.9,19.6,4.5,4.5,14.0,7.2,27.0,173,11.7
2016-04-01,24.9,16.0,20.5,0.0,0.0,0.0,7.4,27.0,346,19.99
2016-04-02,25.7,19.9,22.2,0.0,0.0,0.0,9.8,27.7,248,18.96
2016-04-03,26.4,19.7,22.9,0.8,0.8,5.0,16.6,38.9,209,20.29
2016-04-04,26.2,17.8,22.0,0.0,0.0,0.0,10.7,32.0,216,18.58
2016-04-05,26.6,17.2,22.1,0.0,0.0,0.0,7.0,28.8,342,22.91
2016-04-06,28.0,16.7,23.1,0.0,0.0,0.0,12.0,32.4,205,24.54
2016-04-07,29.7,17.0,23.6,0.6,0.6,2.0,15.8,45.4,195,24.34
2016-04-08,27.7,17.9,23.1,0.0,0.0,0.0,7.9,28.8,251,22.85
2016-04-09,26.9,19.8,23.2,0.3,0.3,1.0,7.4,31.0,267,19.88
2016-04-10,27.2,20.0,22.8,7.5,7.5,11.0,16.3,47.9,182,15.95
2016-04-11,24.0,19.6,21.5,14.9,14.9,18.0,8.6,46.8,12,12.86
2016-04-12,25.8,18.8,22.1,8.6,8.6,10.0,7.6,30.2,320,19.68
2016-04-13,24.9,20.9,22.1,68.1,68.1,24.0,28.4,79.6,167,7.47
2016-04-14,24.6,20.8,22.7,40.3,40.3,24.0,10.4,33.1,204,8.26
2016-04-15,26.9,21.5,23.3,17.7,17.7,14.0,8.6,34.2,305,14.71
2016-04-16,28.6,20.2,24.0,0.3,0.3,2.0,20.1,48.2,203,22.45
2016-04-17,27.8,19.9,24.1,0.2,0.2,1.0,8.8,27.0,217,21.78
2016-04-18,25.7,19.7,22.4,8.0,8.0,13.0,13.4,47.2,13,13.13
2016-04-19,26.1,18.8,22.3,0.0,0.0,0.0,11.9,30.6,2,23.78
2016-04-20,27.2,19.3,23.2,0.1,0.1,1.0,7.7,29.5,337,23.0
2016-04-21,29.5,18.8,24.1,2.0,2.0,2.0,18.8,45.7,186,22.92
2016-04-22,27.9,20.0,23.8,1.8,1.8,4.0,12.3,36.7,196,22.72
2016-04-23,29.0,18.5,23.9,0.0,0.0,0.0,14.3,41.8,185,21.97
2016-04-24,27.8,19.6,23.6,0.2,0.2,1.0,12.6,43.2,177,18.46
2016-04-25,27.0,20.1,23.8,0.6,0.6,2.0,7.2,31.7,300,16.89
2016-04-26,28.4,21.3,24.9,2.2,2.2,8.0,10.8,36.7,212,22.67
2016-04-27,28.9,21.6,24.4,10.3,10.3,14.0,16.5,40.3,186,18.99
2016-04-28,26.5,21.4,23.4,8.0,8.0,19.0,11.9,33.1,8,18.04
2016-04-29,25.7,19.7,22.3,0.0,0.0,0.0,11.2,33.1,7,22.35
2016-04-30,25.7,20.0,22.4,4.3,4.3,9.0,9.8,25.9,319,19.24
2016-05-01,26.1,19.8,22.7,6.2,6.2,16.0,6.3,31.0,19,15.75
2016-05-02,28.5,19.6,24.5,0.4,0.4,2.0,13.0,45.7,190,24.27
2016-05-03,29.3,20.7,25.1,0.5,0.5,3.0,13.0,35.6,198,23.54
2016-05-04,28.4,22.7,25.3,1.3,1.3,4.0,10.4,30.6,220,20.42
2016-05-05,29.5,21.0,25.4,0.9,0.9,4.0,13.8,40.7,196,24.28
2016-05-06,30.3,20.1,25.6,0.0,0.0,0.0,14.0,35.3,193,26.15
2016-05-07,29.8,19.9,25.4,0.0,0.0,0.0,10.8,32.0,205,24.27
2016-05-08,29.8,21.1,25.3,5.0,5.0,6.0,9.7,37.1,209,23.22
2016-05-09,30.1,21.9,25.7,1.7,1.7,4.0,14.7,39.2,195,23.14
2016-05-10,29.4,20.8,25.1,1.8,1.8,7.0,18.8,51.5,183,18.24
2016-05-11,25.9,21.5,23.5,8.8,8.8,21.0,10.9,41.8,4,14.64
2016-05-12,27.2,21.8,24.5,3.3,3.3,13.0,6.5,34.6,341,19.47
2016-05-13,28.0,21.9,25.3,3.3,3.3,9.0,11.6,28.8,4,21.65
2016-05-14,27.5,23.0,25.4,4.1,4.1,10.0,6.1,21.2,191,15.49
2016-05-15,28.9,22.3,25.6,1.4,1.4,5.0,7.0,22.3,211,19.65
2016-05-16,25.8,22.1,23.8,9.6,9.6,18.0,17.9,43.9,11,12.32
2016-05-17,25.7,21.2,22.9,6.7,6.7,18.0,11.2,43.9,9,15.35
2016-05-18,27.1,20.2,23.7,0.5,0.5,3.0,11.7,33.5,4,22.05
2016-05-19,27.8,19.6,23.9,0.0,0.0,0.0,9.5,29.9,4,22.37
2016-05-20,28.2,21.0,25.2,0.0,0.0,0.0,9.1,28.4,359,20.29
2016-05-21,26.6,22.5,24.4,13.8,13.8,20.0,6.8,28.4,295,9.9
2016-05-22,27.5,22.5,24.9,10.2,10.2,13.0,8.8,34.6,214,12.89
2016-05-23,28.2,23.1,25.0,26.0,26.0,16.0,8.5,28.1,213,13.23
2016-05-24,27.1,24.1,25.6,8.5,8.5,16.0,5.9,29.5,260,11.19
2016-05-25,28.9,23.2,25.9,0.7,0.7,4.0,8.1,25.9,286,21.13
2016-05-26,29.4,23.6,26.6,0.4,0.4,2.0,7.6,27.7,221,19.37
2016-05-27,30.4,23.1,27.0,2.1,2.1,7.0,10.9,42.8,193,22.68
2016-05-28,30.4,22.8,26.8,0.8,0.8,4.0,19.2,54.4,190,23.32
2016-05-29,29.8,23.4,26.6,8.0,8.0,6.0,17.6,46.4,186,22.44
2016-05-30,30.4,23.0,26.7,1.9,1.9,5.0,13.4,35.6,195,24.24
2016-05-31,30.5,22.9,27.0,0.3,0.3,2.0,13.3,36.4,191,25.04
2016-06-01,31.0,23.1,27.1,0.2,0.2,2.0,18.0,42.5,184,24.24
2016-06-02,29.9,23.5,26.3,9.2,9.2,6.0,14.1,36.4,188,14.98
2016-06-03,30.8,23.7,27.0,2.1,2.1,5.0,17.1,40.7,192,23.17
2016-06-04,30.8,23.4,26.9,0.9,0.9,1.0,17.2,44.3,190,24.75
2016-06-05,29.6,21.8,25.8,8.9,8.9,8.0,10.8,33.5,199,22.5
2016-06-06,27.8,23.1,25.3,17.6,17.6,16.0,7.6,34.2,212,16.06
2016-06-07,29.0,21.4,25.3,7.6,7.6,8.0,9.8,31.0,215,23.7
2016-06-08,28.4,22.5,25.6,4.6,4.6,10.0,10.0,27.7,227,19.39
2016-06-09,28.9,23.6,25.6,11.7,11.7,16.0,7.3,25.6,232,17.6
2016-06-10,26.3,23.9,25.0,19.6,19.6,22.0,7.0,24.5,179,7.55
2016-06-11,25.4,23.4,24.4,28.0,28.0,21.0,18.5,55.4,172,5.04
2016-06-12,28.3,22.8,25.0,14.1,14.1,15.0,19.4,58.3,175,12.14
2016-06-13,27.0,22.8,24.6,47.1,47.1,20.0,18.0,49.7,166,7.42
2016-06-14,27.1,23.0,24.9,10.9,10.9,18.0,11.4,36.4,172,7.42
2016-06-15,30.1,22.4,26.4,1.1,1.1,1.0,19.6,50.8,185,24.43
2016-06-16,30.2,23.0,26.6,0.1,0.1,1.0,18.0,51.8,182,23.4
2016-06-17,30.2,21.4,26.1,4.7,4.7,4.0,15.4,41.8,187,26.08
2016-06-18,30.0,21.5,26.3,1.9,1.9,5.0,12.0,34.9,199,24.96
2016-06-19,30.1,23.1,27.0,2.2,2.2,6.0,9.4,29.2,348,23.87
2016-06-20,30.7,22.0,26.6,8.3,8.3,5.0,7.2,24.8,185,23.8
2016-06-21,30.6,22.3,26.6,1.6,1.6,3.0,12.8,32.0,200,24.02
2016-06-22,30.4,22.9,26.9,0.0,0.0,0.0,13.3,31.3,196,23.94
2016-06-23,30.5,23.2,27.0,3.5,3.5,4.0,11.9,32.0,195,23.92
2016-06-24,30.6,23.0,26.9,3.1,3.1,6.0,14.8,36.7,196,23.34
2016-06-25,30.6,23.1,27.0,2.2,2.2,5.0,12.8,33.5,197,22.36
2016-06-26,30.5,23.5,27.2,1.3,1.3,5.0,9.5,25.6,206,23.1
2016-06-27,31.2,24.0,27.4,8.2,8.2,7.0,9.5,29.5,283,23.1
2016-06-28,30.7,24.3,27.2,11.4,11.4,9.0,7.6,26.6,197,19.67
2016-06-29,30.9,23.9,27.1,10.8,10.8,12.0,9.8,29.5,210,22.45
2016-06-30,30.7,23.5,26.9,5.7,5.7,12.0,8.7,24.5,179,22.83
2016-07-01,30.3,24.5,27.3,2.8,2.8,7.0,7.6,26.6,230,23.52
2016-07-02,30.4,23.5,26.6,5.3,5.3,8.0,12.0,30.2,200,21.98
2016-07-03,30.2,23.6,26.4,6.6,6.6,7.0,13.3,29.9,184,21.44
2016-07-04,30.1,23.1,26.7,8.7,8.7,9.0,6.2,23.4,184,22.09
2016-07-05,30.6,23.1,27.3,4.6,4.6,8.0,12.6,32.4,11,24.07
2016-07-06,30.7,24.2,27.5,6.0,6.0,8.0,6.4,21.2,148,21.94
2016-07-07,29.2,24.9,27.3,5.2,5.2,11.0,18.8,32.4,14,13.76
2016-07-08,28.2,25.9,26.8,18.8,18.8,15.0,22.7,72.0,27,3.5
2016-07-09,28.4,24.1,26.1,37.5,37.5,19.0,19.6,57.6,183,9.8
2016-07-10,27.7,24.1,25.6,22.4,22.4,16.0,15.8,47.5,183,12.02
2016-07-11,26.8,24.3,25.3,15.7,15.7,19.0,15.7,40.7,179,11.09
2016-07-12,28.6,23.8,25.4,21.7,21.7,15.0,16.6,52.2,186,16.51
2016-07-13,29.6,22.5,26.2,1.4,1.4,6.0,19.5,47.2,191,22.3
2016-07-14,30.2,23.0,26.4,3.2,3.2,6.0,16.8,41.0,186,22.07
2016-07-15,30.2,22.5,26.8,0.9,0.9,4.0,17.2,41.4,190,24.2
2016-07-16,30.3,22.4,27.0,0.3,0.3,2.0,16.5,39.2,185,24.6
2016-07-17,30.2,22.7,26.7,0.0,0.0,0.0,14.1,35.3,193,23.16
2016-07-18,28.8,22.7,25.8,2.5,2.5,8.0,13.0,31.0,189,20.84
2016-07-19,29.2,22.8,25.5,15.2,15.2,12.0,15.2,40.0,182,22.32
2016-07-20,29.5,21.7,25.9,1.1,1.1,5.0,13.8,36.7,187,24.44
2016-07-21,30.2,21.0,26.5,0.0,0.0,0.0,10.9,29.9,197,26.2
2016-07-22,30.4,22.7,27.2,0.0,0.0,0.0,10.8,29.5,204,23.53
2016-07-23,30.2,22.4,26.9,0.3,0.3,1.0,10.0,29.2,198,25.05
2016-07-24,30.1,23.3,26.8,11.9,11.9,13.0,6.1,23.0,198,22.49
2016-07-25,29.3,24.5,27.1,8.3,8.3,16.0,8.4,25.2,335,20.11
2016-07-26,29.5,23.5,26.7,2.8,2.8,7.0,6.8,22.0,195,21.84
2016-07-27,30.7,22.6,26.8,0.4,0.4,3.0,12.5,32.8,191,25.87
2016-07-28,31.1,22.3,27.1,0.0,0.0,0.0,12.0,31.3,189,26.34
2016-07-29,31.0,22.7,26.7,9.4,9.4,8.0,6.1,24.1,181,23.43
2016-07-30,29.7,22.8,26.5,7.8,7.8,10.0,6.7,25.2,25,20.44
2016-07-31,30.2,23.9,27.5,4.9,4.9,9.0,10.2,30.2,23,22.56
2016-08-01,31.6,25.0,27.9,17.0,17.0,9.0,12.6,32.8,131,20.3
2016-08-02,29.6,24.9,27.1,14.3,14.3,18.0,5.2,24.1,40,14.03
2016-08-03,29.6,23.6,26.8,5.5,5.5,8.0,6.4,22.7,11,17.67
2016-08-04,30.8,23.5,27.4,0.1,0.1,1.0,8.6,24.1,259,22.51
2016-08-05,30.4,23.4,27.1,4.0,4.0,7.0,10.2,25.9,205,20.89
2016-08-06,29.4,23.6,26.9,7.0,7.0,13.0,12.5,35.6,353,19.66
2016-08-07,29.8,23.9,27.2,4.9,4.9,7.0,9.5,29.2,359,20.52
2016-08-08,29.4,24.1,27.0,1.4,1.4,7.0,8.2,25.6,339,20.28
2016-08-09,30.3,24.1,27.2,2.6,2.6,5.0,6.2,25.9,352,20.3
2016-08-10,30.1,23.5,26.9,38.9,38.9,13.0,7.1,27.4,350,17.76
2016-08-11,26.0,24.6,25.3,66.7,66.7,21.0,9.0,28.8,156,4.32
2016-08-12,27.3,24.6,25.3,29.8,29.8,23.0,11.0,25.6,213,9.32
2016-08-13,26.9,24.2,25.3,42.9,42.9,24.0,6.5,18.4,34,6.77
2016-08-14,28.1,24.2,26.1,9.1,9.1,16.0,7.0,20.2,354,10.89
2016-08-15,28.6,24.7,26.4,5.7,5.7,13.0,6.8,23.8,330,16.06
2016-08-16,28.6,24.2,26.2,20.9,20.9,20.0,6.8,21.6,203,14.7
2016-08-17,28.6,23.5,26.1,11.1,11.1,15.0,4.8,19.4,107,16.37
2016-08-18,28.7,23.8,26.5,4.3,4.3,9.0,8.3,24.8,171,17.27
2016-08-19,28.8,23.7,26.4,5.4,5.4,5.0,7.4,24.5,188,14.95
2016-08-20,29.6,22.8,26.6,3.9,3.9,11.0,6.5,22.7,204,21.44
2016-08-21,29.2,24.0,27.0,2.2,2.2,10.0,6.4,22.0,324,20.03
2016-08-22,29.6,24.2,27.3,2.9,2.9,12.0,8.2,25.6,358,19.83
2016-08-23,29.8,24.7,27.1,4.1,4.1,18.0,10.3,29.5,13,18.78
2016-08-24,30.0,25.0,27.1,13.6,13.6,23.0,9.2,29.5,301,17.61
2016-08-25,30.2,25.2,27.4,9.6,9.6,14.0,7.6,23.4,275,20.4
2016-08-26,29.8,24.2,27.0,2.3,2.3,7.0,10.2,29.9,324,21.26
2016-08-27,29.0,24.1,26.8,7.4,7.4,12.0,9.5,30.6,7,18.9
2016-08-28,29.0,24.9,26.6,9.4,9.4,15.0,12.4,30.6,11,16.51
2016-08-29,28.2,24.0,26.0,1.0,1.0,4.0,10.9,32.4,12,19.91
2016-08-30,28.4,23.9,25.6,0.3,0.3,2.0,7.6,24.8,338,15.35
2016-08-31,28.7,22.6,25.6,0.0,0.0,0.0,9.2,27.0,224,23.99
2016-09-01,29.4,21.2,25.6,0.0,0.0,0.0,12.2,36.0,187,21.96
2016-09-02,26.8,23.0,25.0,15.3,15.3,16.0,11.3,35.3,183,8.65
2016-09-03,26.7,23.9,25.1,38.8,38.8,21.0,5.7,21.2,218,5.29
2016-09-04,28.9,24.7,26.4,13.8,13.8,11.0,8.7,26.6,13,16.72
2016-09-05,27.6,24.4,25.7,22.9,22.9,12.0,8.6,22.7,179,12.7
2016-09-06,27.6,24.2,25.6,42.4,42.4,22.0,10.5,33.5,189,8.45
2016-09-07,26.1,23.1,24.4,26.3,26.3,21.0,13.0,37.1,171,5.93
2016-09-08,26.7,22.8,24.9,17.3,17.3,16.0,15.9,38.2,188,9.03
2016-09-09,27.7,22.9,25.2,16.1,16.1,19.0,10.0,28.8,195,12.48
2016-09-10,28.0,23.8,25.9,8.0,8.0,17.0,7.8,25.6,204,13.01
2016-09-11,29.1,23.7,26.2,2.8,2.8,7.0,7.3,26.3,213,19.65
2016-09-12,29.5,23.3,26.2,0.2,0.2,2.0,15.1,39.2,7,20.7
2016-09-13,29.1,23.4,26.3,11.7,11.7,12.0,16.6,37.4,17,18.44
2016-09-14,26.1,23.5,25.0,33.1,33.1,24.0,20.4,59.8,39,3.55
2016-09-15,29.1,23.4,25.8,26.9,26.9,17.0,6.2,29.9,88,11.3
2016-09-16,28.7,22.7,25.7,6.3,6.3,8.0,11.2,27.4,8,16.77
2016-09-17,26.0,24.0,24.8,47.5,47.5,24.0,12.5,43.6,342,6.69
2016-09-18,27.6,23.2,25.1,2.9,2.9,9.0,12.6,29.9,12,15.29
2016-09-19,28.0,21.2,25.0,0.1,0.1,1.0,13.7,34.9,12,20.22
2016-09-20,27.7,21.6,24.8,0.0,0.0,0.0,14.2,35.3,20,19.13
2016-09-21,28.4,21.1,25.1,0.2,0.2,1.0,11.2,34.6,17,21.83
2016-09-22,28.4,21.2,25.4,0.0,0.0,0.0,8.8,28.4,14,21.51
2016-09-23,29.3,22.2,25.8,0.0,0.0,0.0,10.5,28.4,10,20.58
2016-09-24,29.0,22.0,25.5,0.0,0.0,0.0,12.4,34.6,8,21.68
2016-09-25,29.4,21.8,25.8,0.9,0.9,5.0,15.3,37.8,9,21.16
2016-09-26,29.3,23.5,26.3,1.7,1.7,9.0,22.0,51.5,11,19.27
2016-09-27,26.0,24.7,25.2,76.6,76.6,24.0,50.5,131.8,8,5.6
2016-09-28,28.1,23.8,25.8,33.1,33.1,24.0,42.7,109.1,177,7.42
2016-09-29,28.4,23.2,26.0,16.1,16.1,16.0,5.4,25.2,57,13.26
2016-09-30,28.0,22.6,25.2,17.9,17.9,15.0,11.2,31.3,6,15.26
2016-10-01,28.1,23.6,25.4,7.7,7.7,13.0,7.8,22.7,105,10.53
2016-10-02,28.4,23.3,25.9,1.5,1.5,6.0,7.1,19.8,50,14.09
2016-10-03,28.6,22.1,25.6,0.7,0.7,6.0,11.9,31.3,6,17.8
2016-10-04,28.5,23.2,25.7,0.0,0.0,0.0,9.3,28.1,11,18.96
2016-10-05,28.1,24.4,25.9,11.6,11.6,11.0,9.4,26.6,16,15.2
2016-10-06,28.2,24.3,25.9,4.0,4.0,9.0,9.8,30.6,156,10.8
2016-10-07,26.2,23.3,24.3,44.3,44.3,21.0,9.3,21.6,319,3.33
2016-10-08,25.3,22.9,24.0,116.2,116.2,24.0,9.3,26.3,2,3.64
2016-10-09,24.5,22.8,23.3,58.2,58.2,24.0,20.9,43.9,22,3.63
2016-10-10,25.4,22.3,23.8,3.8,3.8,9.0,17.3,34.6,23,7.4
2016-10-11,26.9,22.3,24.4,5.2,5.2,13.0,10.9,29.2,18,11.67
2016-10-12,27.5,22.3,24.5,3.5,3.5,8.0,16.8,40.0,19,15.33
2016-10-13,26.4,22.3,24.3,11.1,11.1,23.0,12.3,32.4,19,11.53
2016-10-14,28.0,21.7,24.8,6.1,6.1,12.0,17.7,41.8,21,16.27
2016-10-15,28.6,22.7,25.5,2.6,2.6,9.0,9.4,30.2,26,17.64
2016-10-16,29.2,22.0,26.0,1.4,1.4,4.0,6.2,22.3,32,17.95
2016-10-17,29.7,22.3,26.0,2.5,2.5,7.0,6.4,19.8,29,16.92
2016-10-18,29.0,23.7,26.4,2.5,2.5,5.0,5.8,20.5,353,16.44
2016-10-19,28.9,23.8,26.5,1.7,1.7,5.0,7.9,23.4,14,16.36
2016-10-20,30.9,24.1,27.3,0.6,0.6,3.0,6.4,25.2,111,14.99
2016-10-21,29.1,24.1,26.4,3.6,3.6,5.0,6.7,24.8,206,12.36
2016-10-22,29.0,22.9,25.6,6.8,6.8,7.0,16.3,47.2,192,15.61
2016-10-23,29.2,21.7,25.3,1.8,1.8,4.0,8.9,25.9,196,18.01
2016-10-24,28.9,21.9,25.9,0.0,0.0,0.0,7.3,23.8,5,17.25
2016-10-25,28.9,22.3,25.7,0.0,0.0,0.0,7.6,22.7,341,16.46
2016-10-26,29.0,23.7,25.9,0.0,0.0,0.0,7.8,22.0,331,15.02
2016-10-27,28.7,22.1,25.5,0.2,0.2,2.0,8.0,24.1,341,14.77
2016-10-28,28.7,22.9,25.4,0.0,0.0,0.0,9.7,26.3,356,15.28
2016-10-29,28.8,22.3,25.2,0.0,0.0,0.0,18.7,43.6,20,16.52
2016-10-30,26.6,22.7,24.3,0.0,0.0,0.0,17.3,34.9,22,10.76
2016-10-31,27.3,21.7,24.2,0.0,0.0,0.0,16.6,40.3,12,17.13
2016-11-01,26.5,22.0,23.9,0.0,0.0,0.0,22.4,49.7,22,15.74
2016-11-02,24.4,20.9,22.3,0.0,0.0,0.0,21.0,47.2,19,13.46
2016-11-03,24.6,20.2,21.8,0.6,0.6,5.0,15.1,38.5,18,13.54
2016-11-04,24.4,19.8,21.7,1.3,1.3,6.0,7.6,27.4,10,13.07
2016-11-05,25.5,18.5,21.8,0.0,0.0,0.0,7.1,23.4,349,16.31
2016-11-06,26.3,18.0,22.7,0.0,0.0,0.0,7.4,24.1,344,16.48
2016-11-07,26.3,20.0,23.0,0.3,0.3,2.0,6.2,20.5,197,14.09
2016-11-08,25.9,18.6,21.9,0.0,0.0,0.0,20.9,46.8,12,14.3
2016-11-09,24.1,19.8,21.6,0.1,0.1,1.0,19.8,43.6,17,14.08
2016-11-10,22.2,19.7,20.6,0.9,0.9,6.0,15.9,37.1,10,5.91
2016-11-11,23.5,18.9,21.1,0.3,0.3,1.0,9.2,26.3,13,6.36
2016-11-12,25.3,19.8,22.5,0.0,0.0,0.0,7.8,23.8,335,12.54
2016-11-13,27.2,18.4,22.6,0.0,0.0,0.0,7.6,22.3,354,15.67
2016-11-14,27.6,18.7,22.9,0.0,0.0,0.0,7.7,22.3,356,16.15
2016-11-15,28.3,17.8,22.8,0.0,0.0,0.0,13.0,35.3,9,16.06
2016-11-16,27.8,19.8,23.0,0.0,0.0,0.0,10.4,28.8,8,15.14
2016-11-17,27.6,17.7,22.7,0.0,0.0,0.0,9.1,25.9,2,16.36
2016-11-18,27.3,18.6,22.7,0.0,0.0,0.0,6.7,24.1,348,13.95
2016-11-19,28.1,19.5,23.6,0.0,0.0,0.0,8.9,31.0,9,13.65
2016-11-20,28.9,19.9,24.2,0.1,0.1,1.0,13.8,30.2,18,14.41
2016-11-21,26.8,21.0,23.4,5.9,5.9,15.0,9.5,31.7,17,10.29
2016-11-22,26.2,20.8,23.1,3.6,3.6,5.0,12.2,29.5,15,6.8
2016-11-23,22.6,19.8,21.1,41.3,41.3,19.0,17.6,41.0,24,2.07
2016-11-24,23.5,19.0,20.8,2.2,2.2,6.0,20.0,43.2,21,12.43
2016-11-25,25.3,18.4,21.7,0.0,0.0,0.0,12.4,29.2,19,13.76
2016-11-26,23.5,19.4,21.2,3.7,3.7,11.0,19.0,37.4,359,6.93
2016-11-27,21.2,19.0,19.7,12.4,12.4,22.0,18.7,41.0,22,3.91
2016-11-28,23.3,17.3,19.8,0.0,0.0,0.0,18.5,45.0,24,12.78
2016-11-29,24.0,16.5,19.9,0.4,0.4,2.0,8.7,26.3,25,11.11
2016-11-30,22.1,18.9,20.3,0.6,0.6,2.0,13.0,25.9,14,4.7
2016-12-01,23.3,18.5,20.3,1.3,1.3,3.0,18.8,42.5,18,12.46
2016-12-02,23.8,17.5,20.2,0.0,0.0,0.0,15.0,36.7,20,12.55
2016-12-03,24.6,17.8,20.8,0.0,0.0,0.0,11.9,33.5,15,11.86
2016-12-04,25.3,16.8,20.9,0.0,0.0,0.0,12.3,31.0,11,14.13
2016-12-05,25.3,17.4,21.4,0.0,0.0,0.0,12.9,32.4,12,13.11
2016-12-06,22.7,17.7,20.4,0.0,0.0,0.0,20.3,42.8,18,9.27
2016-12-07,22.8,17.4,19.8,0.0,0.0,0.0,13.0,35.3,8,11.91
2016-12-08,22.9,18.0,19.8,0.0,0.0,0.0,13.4,34.9,6,11.56
2016-12-09,24.7,15.8,20.1,0.0,0.0,0.0,15.5,38.5,20,14.79
2016-12-10,24.1,16.8,20.1,0.8,0.8,4.0,10.9,33.5,20,12.16
2016-12-11,23.1,16.6,19.7,1.9,1.9,11.0,10.5,27.0,19,10.32
2016-12-12,23.4,15.8,19.7,1.4,1.4,5.0,9.5,28.4,4,14.04
2016-12-13,24.7,13.1,18.6,0.0,0.0,0.0,11.3,28.4,28,14.9
2016-12-14,22.2,15.5,18.3,0.0,0.0,0.0,19.7,46.4,16,14.11
2016-12-15,19.2,14.3,16.5,3.8,3.8,12.0,19.7,45.0,13,8.78
2016-12-16,17.4,14.0,15.3,4.4,4.4,23.0,17.9,41.8,20,6.84
2016-12-17,20.5,14.2,17.0,1.8,1.8,8.0,7.5,27.7,10,11.14
2016-12-18,22.2,16.3,18.4,0.0,0.0,0.0,10.5,28.4,347,14.37
2016-12-19,23.3,14.1,18.3,0.0,0.0,0.0,7.9,22.0,8,13.83
2016-12-20,25.7,13.7,19.8,0.0,0.0,0.0,8.4,24.5,15,14.42
2016-12-21,25.9,17.4,21.0,3.2,3.2,9.0,9.4,26.6,98,11.97
2016-12-22,23.4,18.1,20.6,4.7,4.7,10.0,15.6,32.0,16,8.01
2016-12-23,23.1,17.0,19.6,0.0,0.0,0.0,16.3,38.9,21,11.55
2016-12-24,23.3,16.6,19.3,0.0,0.0,0.0,11.7,32.0,9,12.51
2016-12-25,24.3,16.5,20.0,0.0,0.0,0.0,9.6,25.9,353,12.01
2016-12-26,24.0,15.7,19.4,0.0,0.0,0.0,7.9,22.3,353,13.8
2016-12-27,20.8,15.4,17.6,0.5,0.5,2.0,30.1,64.8,16,12.22
2016-12-28,17.0,15.2,15.8,5.4,5.4,21.0,21.1,46.4,12,2.6
2016-12-29,19.6,15.7,17.3,0.0,0.0,0.0,19.9,47.5,15,7.79
2016-12-30,21.0,14.9,17.6,0.0,0.0,0.0,12.2,32.0,11,10.03
2016-12-31,24.1,13.3,18.7,0.0,0.0,0.0,13.1,34.2,5,14.5
2017-01-01,25.2,16.7,20.0,0.0,0.0,0.0,7.9,21.6,356,15.18
2017-01-02,24.6,14.8,19.1,0.0,0.0,0.0,12.6,27.4,13,13.92
2017-01-03,25.6,15.9,19.6,0.0,0.0,0.0,17.8,36.4,19,13.82
2017-01-04,25.9,15.5,20.1,0.0,0.0,0.0,9.5,25.2,279,14.7
2017-01-05,24.0,18.0,20.1,0.2,0.2,2.0,12.0,27.7,201,10.26
2017-01-06,26.0,16.4,20.4,0.4,0.4,2.0,17.7,35.6,346,12.48
2017-01-07,26.0,18.0,21.3,1.7,1.7,4.0,11.6,26.6,303,12.55
2017-01-08,27.3,17.5,21.2,1.2,1.2,1.0,19.6,41.4,15,14.75
2017-01-09,24.5,14.9,18.5,0.0,0.0,0.0,18.7,41.0,6,15.72
2017-01-10,25.4,13.3,18.3,0.0,0.0,0.0,14.4,33.1,7,15.84
2017-01-11,26.3,13.8,19.1,0.0,0.0,0.0,14.2,30.6,356,15.23
2017-01-12,25.4,15.9,19.3,0.2,0.2,2.0,22.7,47.5,354,13.13
2017-01-13,19.1,15.0,16.9,0.3,0.3,3.0,21.3,45.0,2,7.34
2017-01-14,16.6,12.6,14.2,9.2,9.2,16.0,17.4,37.8,21,3.5
2017-01-15,17.7,12.7,14.5,0.8,0.8,7.0,15.0,29.9,20,6.62
2017-01-16,20.5,12.0,15.8,1.5,1.5,4.0,17.0,36.0,24,11.73
2017-01-17,23.2,13.8,18.1,0.0,0.0,0.0,7.5,21.6,277,12.12
2017-01-18,24.1,14.3,18.4,0.0,0.0,0.0,17.4,36.7,7,14.18
2017-01-19,25.4,15.3,19.3,0.6,0.6,2.0,16.3,34.2,5,15.63
2017-01-20,19.5,10.8,14.9,0.0,0.0,0.0,25.6,54.4,9,15.05
2017-01-21,20.1,10.6,14.3,3.2,3.2,8.0,20.5,44.6,5,13.27
2017-01-22,21.0,11.1,14.9,0.0,0.0,0.0,24.5,52.2,8,17.3
2017-01-23,20.2,12.6,15.4,0.1,0.1,1.0,16.1,34.9,15,9.94
2017-01-24,23.6,12.3,16.5,0.5,0.5,3.0,18.8,38.5,4,15.52
2017-01-25,22.9,12.4,16.5,0.4,0.4,4.0,19.5,38.5,359,14.93
2017-01-26,22.8,11.3,15.7,0.0,0.0,0.0,15.5,32.8,13,17.74
2017-01-27,22.6,11.5,16.1,0.0,0.0,0.0,18.8,41.4,15,17.06
2017-01-28,27.1,11.5,18.3,0.0,0.0,0.0,14.7,31.7,19,18.04
2017-01-29,27.8,16.1,20.7,0.0,0.0,0.0,11.6,29.2,28,15.42
2017-01-30,25.2,15.2,19.3,0.0,0.0,0.0,24.5,52.2,9,16.36
2017-01-31,23.9,13.2,17.7,0.0,0.0,0.0,17.5,37.4,8,16.1
2017-02-01,22.0,13.7,17.5,0.0,0.0,0.0,20.0,41.8,5,8.14
2017-02-02,22.6,12.5,16.1,0.0,0.0,0.0,20.0,42.5,17,17.7
2017-02-03,25.0,13.2,18.4,0.0,0.0,0.0,11.0,26.6,302,16.51
2017-02-04,24.4,14.9,18.7,0.0,0.0,0.0,10.8,26.3,210,12.61
2017-02-05,24.0,14.4,18.6,0.0,0.0,0.0,19.1,41.0,9,12.43
2017-02-06,25.6,14.1,18.3,0.0,0.0,0.0,20.2,42.1,12,18.23
2017-02-07,25.0,14.0,18.1,0.0,0.0,0.0,20.2,42.8,360,15.16
2017-02-08,22.5,14.0,17.6,0.1,0.1,1.0,23.4,45.4,332,12.56
2017-02-09,15.0,9.8,12.3,0.0,0.0,0.0,32.4,66.2,3,15.85
2017-02-10,16.3,7.4,11.1,0.0,0.0,0.0,25.1,52.6,10,15.17
2017-02-11,17.8,8.4,12.0,0.0,0.0,0.0,23.5,49.7,14,14.82
2017-02-12,21.6,8.9,14.3,0.0,0.0,0.0,23.4,47.9,10,18.39
2017-02-13,24.1,10.2,16.5,0.0,0.0,0.0,20.8,44.3,11,18.59
2017-02-14,24.1,10.7,17.2,0.0,0.0,0.0,17.7,38.5,9,17.0
2017-02-15,23.6,12.9,17.2,0.0,0.0,0.0,13.2,32.4,200,20.0
2017-02-16,24.8,12.5,18.0,0.0,0.0,0.0,12.7,31.7,236,20.17
2017-02-17,26.1,14.2,19.3,0.0,0.0,0.0,16.6,36.7,5,19.52
2017-02-18,26.4,13.0,18.8,0.0,0.0,0.0,21.6,46.4,10,20.1
2017-02-19,27.5,13.2,19.5,0.0,0.0,0.0,12.9,31.0,224,20.55
2017-02-20,27.3,15.8,21.1,4.9,4.9,8.0,16.2,34.9,350,16.11
2017-02-21,28.5,16.2,21.4,0.0,0.0,0.0,9.2,26.3,355,18.26
2017-02-22,26.3,16.9,20.5,12.4,12.4,16.0,22.0,58.7,22,11.03
2017-02-23,22.8,10.9,17.7,6.5,6.5,10.0,26.0,54.4,2,14.57
2017-02-24,13.5,11.1,12.1,8.7,8.7,10.0,24.3,52.2,2,3.36
2017-02-25,15.0,10.9,12.7,5.8,5.8,11.0,20.3,49.7,10,6.46
2017-02-26,18.4,11.7,13.3,8.8,8.8,10.0,23.8,50.0,3,13.45
2017-02-27,20.5,11.1,14.9,2.1,2.1,5.0,21.3,44.6,20,14.27
2017-02-28,22.3,12.9,16.9,0.3,0.3,3.0,16.9,35.6,346,17.52
2017-03-01,21.4,13.0,16.4,0.8,0.8,2.0,21.2,46.1,358,20.56
2017-03-02,20.4,12.2,15.8,0.0,0.0,0.0,23.4,50.0,13,22.14
2017-03-03,21.9,12.4,16.8,0.7,0.7,3.0,13.9,32.0,318,16.6
2017-03-04,23.6,13.9,18.6,0.0,0.0,0.0,11.7,33.5,348,19.22
2017-03-05,26.7,15.0,20.3,0.8,0.8,5.0,13.3,35.3,186,20.05
2017-03-06,21.3,13.4,17.7,45.9,45.9,14.0,27.7,57.6,7,20.15
2017-03-07,18.5,12.7,14.9,4.6,4.6,14.0,16.6,34.6,355,9.05
2017-03-08,16.0,12.0,14.0,6.5,6.5,14.0,11.4,22.3,355,5.07
2017-03-09,20.7,12.6,16.6,0.4,0.4,3.0,9.4,23.4,209,10.02
2017-03-10,23.8,16.1,18.4,4.8,4.8,10.0,12.2,25.6,2,12.86
2017-03-11,25.3,15.4,19.8,0.3,0.3,2.0,14.4,30.6,352,20.27
2017-03-12,25.3,16.2,20.3,1.4,1.4,3.0,11.5,29.2,258,21.17
2017-03-13,27.4,17.4,21.7,0.3,0.3,2.0,15.2,33.5,307,21.33
2017-03-14,18.5,13.7,15.6,10.8,10.8,8.0,26.4,55.1,354,14.52
2017-03-15,21.2,13.1,16.4,0.0,0.0,0.0,14.1,31.3,350,15.59
2017-03-16,21.4,14.4,17.1,2.4,2.4,8.0,16.5,34.2,350,13.13
2017-03-17,24.4,13.9,18.6,0.0,0.0,0.0,17.0,35.6,352,19.43
2017-03-18,25.9,16.3,20.5,0.3,0.3,2.0,13.0,25.9,347,18.17
2017-03-19,24.4,18.3,20.9,0.0,0.0,0.0,16.6,35.6,357,16.55
2017-03-20,26.5,18.2,22.5,0.8,0.8,4.0,14.3,32.4,313,19.5
2017-03-21,26.6,16.9,21.2,0.4,0.4,3.0,19.9,42.1,9,23.35
2017-03-22,26.5,16.8,20.4,0.0,0.0,0.0,15.6,30.2,326,18.86
2017-03-23,27.3,16.8,20.6,4.7,4.7,7.0,22.3,45.7,4,17.24
2017-03-24,27.7,15.5,21.1,0.3,0.3,2.0,12.4,27.7,317,24.21
2017-03-25,22.7,14.7,18.3,2.2,2.2,9.0,24.5,52.2,360,18.42
2017-03-26,16.3,12.6,14.1,13.9,13.9,15.0,16.9,31.7,5,3.22
2017-03-27,24.9,11.6,17.6,0.0,0.0,0.0,12.6,28.8,34,25.25
2017-03-28,25.5,13.6,19.1,0.0,0.0,0.0,14.0,33.5,189,24.65
2017-03-29,27.2,15.4,20.7,0.0,0.0,0.0,16.8,35.6,14,23.15
2017-03-30,27.7,17.3,22.1,0.0,0.0,0.0,14.3,33.8,287,23.13
2017-03-31,27.9,12.8,20.0,24.1,24.1,11.0,30.4,58.7,3,18.62
2017-04-01,20.5,12.2,15.9,1.8,1.8,4.0,31.0,68.8,5,22.29
2017-04-02,21.9,11.0,16.5,0.0,0.0,0.0,21.4,46.4,22,27.16
2017-04-03,23.9,12.4,18.3,0.0,0.0,0.0,11.9,26.3,29,26.19
2017-04-04,25.0,14.3,19.3,0.0,0.0,0.0,12.4,29.9,199,25.25
2017-04-05,26.7,15.3,20.7,0.0,0.0,0.0,12.8,29.2,22,24.92
2017-04-06,27.4,17.9,22.3,2.4,2.4,4.0,10.8,27.0,358,19.15
2017-04-07,26.4,20.2,22.9,6.4,6.4,7.0,11.8,27.7,119,10.83
2017-04-08,30.0,19.5,24.2,1.0,1.0,5.0,10.4,29.2,194,23.68
2017-04-09,31.6,21.3,25.7,0.4,0.4,2.0,14.8,41.0,192,20.8
2017-04-10,33.4,22.7,27.3,0.0,0.0,0.0,21.9,46.4,187,23.5
2017-04-11,27.1,22.5,24.2,40.2,40.2,19.0,18.6,38.5,169,9.44
2017-04-12,23.8,17.4,20.1,52.7,52.7,23.0,18.4,43.9,354,11.79
2017-04-13,20.9,16.8,19.2,52.5,52.5,21.0,9.4,31.0,355,4.68
2017-04-14,27.2,18.0,22.2,2.1,2.1,11.0,10.8,28.1,319,21.73
2017-04-15,28.2,19.6,23.7,0.7,0.7,4.0,9.3,24.5,297,22.27
2017-04-16,28.3,21.1,24.4,2.5,2.5,7.0,11.2,27.7,321,21.33
2017-04-17,29.5,21.5,25.3,2.7,2.7,10.0,15.3,39.6,181,21.06
2017-04-18,29.5,23.1,25.3,28.0,28.0,16.0,15.0,36.0,174,20.53
2017-04-19,29.0,21.8,24.9,5.6,5.6,8.0,11.3,37.1,180,22.05
2017-04-20,27.4,21.4,24.2,7.2,7.2,11.0,13.8,36.4,174,13.77
2017-04-21,27.7,20.9,23.7,35.4,35.4,15.0,17.7,41.0,184,17.77
2017-04-22,23.8,14.9,19.9,32.1,32.1,18.0,28.4,58.0,3,16.99
2017-04-23,24.2,18.1,20.9,10.4,10.4,13.0,12.5,31.3,147,15.31
2017-04-24,26.3,19.2,22.5,9.3,9.3,10.0,9.9,28.4,192,21.52
2017-04-25,27.4,20.2,23.0,12.1,12.1,10.0,8.5,27.7,329,15.67
2017-04-26,27.8,20.7,23.8,30.3,30.3,16.0,12.8,28.4,152,16.7
2017-04-27,22.3,15.4,18.9,39.2,39.2,21.0,23.0,67.7,11,9.81
2017-04-28,23.5,15.2,18.4,0.5,0.5,1.0,15.3,31.0,9,21.28
2017-04-29,25.3,14.1,19.6,0.0,0.0,0.0,11.5,25.2,38,28.03
2017-04-30,25.9,16.4,21.1,0.0,0.0,0.0,8.4,20.2,111,27.28
2017-05-01,27.4,17.7,22.7,0.0,0.0,0.0,9.3,23.4,16,26.51
2017-05-02,29.1,20.4,24.2,5.2,5.2,7.0,11.5,32.8,126,20.79
2017-05-03,28.5,21.1,24.5,1.9,1.9,9.0,8.2,24.1,82,22.62
2017-05-04,29.4,20.9,24.7,4.1,4.1,11.0,10.5,25.2,181,23.64
2017-05-05,28.2,21.3,24.7,5.6,5.6,9.0,8.8,25.2,133,18.75
2017-05-06,28.4,21.2,24.4,11.1,11.1,15.0,9.3,27.7,25,21.81
2017-05-07,29.6,20.4,25.2,0.5,0.5,4.0,10.5,22.7,17,24.97
2017-05-08,28.7,21.9,25.2,12.7,12.7,11.0,9.7,31.3,167,22.9
2017-05-09,28.1,22.2,24.6,41.2,41.2,10.0,13.3,38.9,161,19.32
2017-05-10,29.6,19.7,25.4,0.2,0.2,2.0,9.2,22.7,46,23.42
2017-05-11,29.9,23.2,26.0,3.7,3.7,4.0,7.3,19.8,133,20.22
2017-05-12,30.6,22.8,25.9,13.0,13.0,12.0,11.9,43.2,144,20.38
2017-05-13,28.1,22.5,24.6,46.7,46.7,19.0,15.1,33.1,139,11.8
2017-05-14,29.6,21.6,24.9,2.2,2.2,8.0,7.7,28.1,161,23.3
2017-05-15,28.8,21.9,24.4,37.2,37.2,20.0,11.5,28.4,165,19.91
2017-05-16,24.4,20.0,22.3,47.4,47.4,24.0,12.7,37.4,21,5.54
2017-05-17,28.3,19.7,23.2,1.7,1.7,4.0,16.5,33.5,21,21.84
2017-05-18,27.7,21.6,24.7,0.3,0.3,3.0,9.7,23.4,125,19.78
2017-05-19,26.5,21.6,24.3,2.0,2.0,4.0,10.3,20.9,4,6.67
2017-05-20,26.0,21.0,23.2,13.3,13.3,12.0,16.9,35.6,357,12.43
2017-05-21,28.4,20.7,24.7,0.9,0.9,4.0,12.6,27.0,4,22.6
2017-05-22,29.3,22.6,25.5,27.8,27.8,12.0,11.5,25.9,158,21.99
2017-05-23,29.1,22.5,25.4,16.0,16.0,7.0,11.6,29.5,180,21.56
2017-05-24,28.5,23.2,25.0,46.4,46.4,22.0,12.6,36.0,167,14.22
2017-05-25,25.0,21.9,23.3,23.5,23.5,23.0,17.0,47.5,5,9.32
2017-05-26,27.9,20.6,23.9,3.0,3.0,4.0,14.7,28.8,10,17.79
2017-05-27,28.0,21.9,24.7,10.1,10.1,8.0,10.1,27.0,140,16.88
2017-05-28,29.2,22.5,25.2,9.5,9.5,10.0,6.6,17.6,160,14.96
2017-05-29,29.3,22.1,25.9,0.5,0.5,4.0,11.4,22.3,176,23.02
2017-05-30,28.6,23.8,25.7,22.7,22.7,16.0,8.9,27.4,170,13.73
2017-05-31,30.1,22.7,26.1,12.4,12.4,20.0,14.1,34.6,185,23.48
2017-06-01,27.8,23.5,25.4,70.8,70.8,18.0,19.6,45.0,169,14.43
2017-06-02,25.8,24.0,24.9,149.0,149.0,24.0,22.0,44.3,182,4.32
2017-06-03,27.5,23.6,24.9,103.0,103.0,24.0,21.5,44.6,181,8.5
2017-06-04,29.0,23.7,25.7,39.0,39.0,18.0,13.3,38.9,162,13.12
2017-06-05,28.6,23.0,25.8,18.3,18.3,14.0,9.0,29.9,171,13.22
2017-06-06,30.7,23.6,26.7,5.7,5.7,7.0,13.9,31.7,179,21.05
2017-06-07,30.8,24.0,27.1,5.8,5.8,4.0,10.2,25.2,171,20.43
2017-06-08,30.0,23.3,26.7,4.4,4.4,8.0,9.7,23.0,131,20.28
2017-06-09,30.0,23.5,26.8,1.4,1.4,8.0,10.1,24.8,170,21.3
2017-06-10,30.4,24.1,27.1,2.4,2.4,5.0,8.7,28.1,166,21.6
2017-06-11,31.2,23.8,27.5,3.0,3.0,7.0,12.0,32.0,186,21.19
2017-06-12,31.3,25.4,27.3,9.0,9.0,5.0,10.7,29.5,145,15.91
2017-06-13,32.0,24.4,27.9,8.8,8.8,9.0,14.5,47.5,172,24.3
2017-06-14,25.5,23.8,24.5,45.1,45.1,23.0,23.5,54.0,155,2.86
2017-06-15,25.8,22.7,24.0,47.1,47.1,24.0,14.3,33.5,157,4.6
2017-06-16,29.0,23.5,25.2,36.5,36.5,22.0,13.8,40.3,151,10.7
2017-06-17,25.3,22.7,23.9,180.4,180.4,24.0,13.4,36.4,170,3.61
2017-06-18,28.0,22.3,24.4,22.9,22.9,18.0,14.8,52.9,152,9.44
2017-06-19,27.4,22.1,25.1,7.4,7.4,17.0,10.5,36.4,145,9.95
2017-06-20,29.4,23.1,26.3,2.2,2.2,5.0,17.4,48.6,172,17.77
2017-06-21,30.4,23.5,26.6,7.0,7.0,13.0,16.4,42.8,160,16.89
2017-06-22,31.3,23.4,27.3,2.6,2.6,8.0,13.0,32.8,172,24.93
2017-06-23,30.7,23.8,26.9,4.0,4.0,5.0,13.7,30.2,170,20.98
2017-06-24,30.3,24.1,26.9,6.0,6.0,9.0,17.2,38.5,173,22.25
2017-06-25,31.0,24.8,27.5,9.5,9.5,10.0,15.6,40.0,175,22.08
2017-06-26,31.1,25.3,27.4,6.4,6.4,7.0,14.4,36.4,169,20.92
2017-06-27,30.9,25.1,27.6,2.1,2.1,9.0,12.8,28.4,176,21.9
2017-06-28,30.5,24.2,27.3,2.5,2.5,3.0,7.6,20.2,170,21.07
2017-06-29,30.8,24.2,26.8,0.5,0.5,2.0,8.1,19.8,131,20.69
2017-06-30,30.3,23.1,26.0,8.2,8.2,6.0,7.2,18.4,188,19.84
2017-07-01,31.1,22.9,26.4,7.2,7.2,4.0,12.9,38.2,139,20.93
2017-07-02,30.3,23.8,26.4,6.9,6.9,8.0,10.5,27.7,149,19.94
2017-07-03,30.3,23.9,26.8,10.8,10.8,7.0,10.9,27.0,186,21.92
2017-07-04,30.5,23.5,26.4,7.0,7.0,5.0,10.3,28.1,144,20.56
2017-07-05,31.0,24.4,27.0,9.7,9.7,7.0,11.5,26.6,12,20.02
2017-07-06,30.4,24.6,26.5,4.8,4.8,9.0,11.2,24.1,147,16.7
2017-07-07,31.3,24.3,26.9,26.8,26.8,5.0,7.0,34.6,164,18.17
2017-07-08,30.3,24.1,26.8,2.6,2.6,5.0,9.9,26.6,166,19.79
2017-07-09,30.5,23.8,26.6,2.4,2.4,5.0,7.9,24.8,167,19.08
2017-07-10,31.1,23.9,27.3,0.3,0.3,2.0,13.1,32.0,175,23.46
2017-07-11,30.6,24.2,27.2,2.7,2.7,3.0,9.2,22.7,159,21.06
2017-07-12,30.5,24.1,27.3,1.2,1.2,3.0,9.9,23.8,31,19.98
2017-07-13,30.2,23.3,26.7,2.2,2.2,5.0,9.2,23.8,38,20.78
2017-07-14,29.8,24.0,27.0,1.1,1.1,4.0,11.2,28.1,25,19.86
2017-07-15,31.6,24.7,27.6,1.1,1.1,2.0,13.7,29.5,18,20.91
2017-07-16,30.8,23.9,27.6,0.3,0.3,1.0,12.4,27.7,325,21.97
2017-07-17,29.8,25.0,27.2,2.2,2.2,11.0,12.1,25.9,0,11.39
2017-07-18,31.7,24.6,27.3,2.9,2.9,2.0,10.2,26.6,64,19.9
2017-07-19,31.7,23.5,27.3,2.0,2.0,3.0,6.4,19.1,35,20.51
2017-07-20,31.7,25.0,27.8,0.1,0.1,1.0,11.5,27.4,347,23.17
2017-07-21,31.6,24.2,27.8,0.0,0.0,0.0,16.0,34.6,342,21.51
2017-07-22,31.7,25.1,28.3,0.0,0.0,0.0,11.9,27.4,281,19.09
2017-07-23,31.0,25.4,27.9,2.0,2.0,11.0,10.4,27.4,190,17.85
2017-07-24,31.2,25.3,27.7,1.2,1.2,10.0,8.4,23.8,194,19.67
2017-07-25,31.1,25.7,27.5,2.5,2.5,4.0,8.0,22.7,176,17.43
2017-07-26,30.4,24.7,27.0,11.1,11.1,6.0,9.5,24.5,138,16.39
2017-07-27,30.4,24.3,27.3,1.1,1.1,7.0,9.8,25.2,60,19.84
2017-07-28,32.0,25.1,28.5,0.0,0.0,0.0,10.1,25.6,221,21.09
2017-07-29,29.8,24.9,27.0,93.6,93.6,14.0,44.6,87.8,248,11.79
2017-07-30,30.3,24.8,26.8,127.7,127.7,17.0,45.8,92.9,248,17.21
2017-07-31,27.5,23.5,26.0,96.1,96.1,21.0,34.0,76.7,170,5.47
2017-08-01,29.8,25.3,26.8,11.8,11.8,7.0,15.7,48.6,175,16.7
2017-08-02,28.8,25.0,26.4,6.8,6.8,9.0,11.6,28.8,182,12.73
2017-08-03,30.9,24.5,27.0,1.0,1.0,4.0,11.0,24.5,182,19.48
2017-08-04,30.0,25.1,27.0,2.1,2.1,7.0,10.5,24.5,184,17.92
2017-08-05,30.4,25.3,27.5,2.0,2.0,8.0,12.7,29.2,175,19.52
2017-08-06,31.3,25.1,28.0,1.3,1.3,7.0,13.3,30.2,183,22.69
2017-08-07,31.6,25.9,28.2,0.9,0.9,8.0,12.2,28.1,174,21.72
2017-08-08,31.1,25.7,27.7,3.4,3.4,8.0,16.9,36.7,173,20.85
2017-08-09,31.4,25.0,27.8,2.0,2.0,7.0,16.9,39.6,177,22.29
2017-08-10,30.6,24.8,27.2,6.6,6.6,7.0,15.5,38.2,162,17.62
2017-08-11,31.4,24.8,27.5,2.6,2.6,7.0,12.1,31.7,170,20.92
2017-08-12,30.6,25.6,27.5,3.2,3.2,10.0,12.6,27.4,173,18.44
2017-08-13,30.9,25.2,27.5,1.6,1.6,7.0,13.2,28.8,184,19.83
2017-08-14,30.9,24.1,27.6,0.1,0.1,1.0,13.1,29.2,187,21.6
2017-08-15,30.0,24.4,27.4,1.0,1.0,5.0,11.5,27.4,186,19.7
2017-08-16,30.5,25.1,27.5,1.8,1.8,3.0,11.0,24.5,184,18.4
2017-08-17,30.4,24.6,27.4,2.6,2.6,3.0,8.9,22.0,171,19.19
2017-08-18,31.6,24.1,27.3,4.0,4.0,7.0,9.8,23.0,94,19.58
2017-08-19,30.8,24.3,27.6,0.7,0.7,5.0,10.3,24.5,357,20.79
2017-08-20,31.3,25.1,27.7,0.0,0.0,0.0,8.0,20.5,303,22.83
2017-08-21,33.0,24.8,28.6,0.3,0.3,3.0,9.3,21.2,149,18.57
2017-08-22,31.4,26.0,28.4,0.8,0.8,2.0,11.2,24.8,170,16.51
2017-08-23,30.4,24.8,27.0,10.2,10.2,11.0,9.3,19.4,76,11.64
2017-08-24,30.0,24.3,26.6,5.2,5.2,7.0,7.6,23.0,109,17.36
2017-08-25,29.9,24.3,26.8,1.8,1.8,4.0,14.1,27.0,329,17.33
2017-08-26,31.5,23.8,27.2,4.2,4.2,2.0,8.7,21.2,150,19.88
2017-08-27,28.7,24.5,26.6,7.7,7.7,10.0,13.0,29.2,34,15.85
2017-08-28,31.3,23.3,26.7,7.7,7.7,8.0,13.6,33.1,14,20.94
2017-08-29,30.3,24.0,27.4,0.0,0.0,0.0,10.1,22.7,167,19.93
2017-08-30,30.7,24.9,27.8,0.1,0.1,1.0,12.8,28.4,195,19.85
2017-08-31,30.7,24.4,27.5,0.6,0.6,3.0,8.8,21.6,341,14.64
2017-09-01,30.3,24.9,26.9,4.2,4.2,6.0,19.0,40.0,182,13.02
2017-09-02,29.6,24.8,26.4,16.9,16.9,13.0,8.9,19.8,106,11.6
2017-09-03,30.0,24.3,26.5,4.0,4.0,6.0,8.6,29.9,61,14.98
2017-09-04,29.9,24.0,26.7,2.2,2.2,6.0,8.7,19.8,14,15.85
2017-09-05,30.1,24.2,26.9,0.7,0.7,4.0,12.7,29.2,5,17.2
2017-09-06,30.6,24.5,27.3,0.7,0.7,3.0,12.6,28.1,175,17.68
2017-09-07,30.9,25.3,27.5,4.1,4.1,8.0,13.0,28.1,179,18.46
2017-09-08,30.0,24.8,26.8,2.8,2.8,7.0,10.9,25.6,176,16.06
2017-09-09,29.5,24.9,27.0,4.3,4.3,8.0,7.3,21.6,185,15.92
2017-09-10,29.8,25.0,26.9,2.5,2.5,5.0,9.7,23.0,185,16.28
2017-09-11,30.4,23.2,27.0,0.0,0.0,0.0,6.8,18.7,253,20.0
2017-09-12,30.3,25.1,27.6,0.0,0.0,0.0,9.2,22.3,360,18.46
2017-09-13,30.2,25.2,27.1,0.2,0.2,1.0,26.2,53.6,16,17.12
2017-09-14,30.1,23.8,26.4,0.4,0.4,3.0,21.0,44.6,13,20.47
2017-09-15,30.7,23.0,26.9,0.6,0.6,3.0,11.5,26.3,345,22.61
2017-09-16,31.4,22.5,26.7,0.6,0.6,4.0,8.9,19.8,64,23.98
2017-09-17,31.7,21.8,26.4,0.4,0.4,2.0,12.3,24.8,32,23.01
2017-09-18,31.7,22.6,26.8,0.0,0.0,0.0,8.5,18.7,68,22.86
2017-09-19,31.1,24.6,27.5,0.0,0.0,0.0,7.2,19.1,203,19.62
2017-09-20,31.9,24.4,28.1,0.0,0.0,0.0,8.9,23.4,349,20.84
2017-09-21,31.8,25.0,27.7,2.8,2.8,4.0,11.2,26.6,169,17.31
2017-09-22,31.9,24.3,27.6,10.5,10.5,10.0,10.2,22.7,130,17.66
2017-09-23,32.6,24.7,28.3,0.3,0.3,2.0,11.2,22.3,164,19.36
2017-09-24,32.8,25.6,28.8,0.0,0.0,0.0,10.4,27.7,193,20.28
2017-09-25,32.5,25.2,28.4,0.5,0.5,4.0,7.8,21.6,288,17.47
2017-09-26,32.1,23.9,28.1,0.0,0.0,0.0,8.4,22.7,207,17.84
2017-09-27,33.2,24.9,28.6,0.0,0.0,0.0,9.0,22.7,203,20.85
2017-09-28,32.4,24.9,27.9,0.4,0.4,3.0,9.5,26.3,75,17.58
2017-09-29,33.2,24.0,27.6,0.2,0.2,1.0,9.9,20.9,154,17.69
2017-09-30,32.5,24.0,27.7,0.1,0.1,1.0,13.0,32.0,186,16.23
2017-10-01,33.0,24.8,28.6,0.0,0.0,0.0,9.0,25.2,178,18.99
2017-10-02,32.7,25.3,28.8,0.1,0.1,1.0,10.1,28.1,174,17.49
2017-10-03,33.7,24.8,28.7,0.2,0.2,2.0,13.2,31.7,59,17.0
2017-10-04,32.5,24.7,28.0,3.4,3.4,2.0,14.5,30.2,24,14.76
2017-10-05,32.4,24.8,28.4,0.3,0.3,2.0,10.8,29.2,169,15.54
2017-10-06,33.5,24.0,28.6,0.0,0.0,0.0,12.7,26.6,170,15.93
2017-10-07,35.2,24.9,29.4,0.2,0.2,1.0,13.0,30.6,152,19.62
2017-10-08,36.5,25.0,29.8,0.0,0.0,0.0,12.8,30.2,133,20.48
2017-10-09,35.7,25.5,30.0,0.0,0.0,0.0,13.9,32.0,243,19.76
2017-10-10,35.4,25.7,29.5,0.0,0.0,0.0,15.5,35.6,299,19.76
2017-10-11,34.7,24.7,29.5,0.0,0.0,0.0,12.2,29.5,191,19.66
2017-10-12,35.0,25.4,29.1,0.0,0.0,0.0,17.9,34.6,13,15.93
2017-10-13,29.6,23.7,26.2,14.1,14.1,10.0,26.3,52.6,17,10.27
2017-10-14,28.1,23.9,25.4,36.5,36.5,22.0,16.1,35.3,141,8.6
2017-10-15,26.2,24.1,24.8,20.7,20.7,19.0,8.8,18.7,112,3.9
2017-10-16,29.4,23.8,26.3,0.1,0.1,1.0,12.0,27.7,340,12.2
2017-10-17,30.6,23.9,26.2,0.0,0.0,0.0,23.1,49.3,12,17.73
2017-10-18,30.1,23.2,25.6,0.0,0.0,0.0,26.0,52.6,12,16.4
2017-10-19,28.7,22.6,24.8,0.0,0.0,0.0,25.9,52.9,15,15.63
2017-10-20,28.9,21.8,24.2,0.0,0.0,0.0,34.1,68.4,13,19.08
2017-10-21,24.8,19.6,21.8,0.0,0.0,0.0,39.7,81.0,7,17.23
2017-10-22,25.1,17.3,20.5,0.0,0.0,0.0,28.2,59.0,9,19.2
2017-10-23,27.5,17.2,21.6,0.0,0.0,0.0,25.1,51.8,18,18.77
2017-10-24,28.0,18.3,22.3,0.0,0.0,0.0,22.9,48.6,19,18.17
2017-10-25,29.8,19.4,23.2,0.0,0.0,0.0,23.6,48.2,18,19.4
2017-10-26,28.7,18.1,22.6,0.0,0.0,0.0,24.6,50.0,14,18.69
2017-10-27,27.7,18.4,22.1,0.0,0.0,0.0,32.5,65.9,11,19.05
2017-10-28,25.8,18.8,21.4,0.1,0.1,1.0,26.2,56.2,16,15.04
2017-10-29,28.2,18.5,22.0,0.0,0.0,0.0,31.3,63.7,14,18.3
2017-10-30,25.8,17.5,20.7,0.0,0.0,0.0,29.5,60.1,13,18.16
2017-10-31,28.2,16.6,21.6,0.0,0.0,0.0,20.7,43.9,6,18.58
2017-11-01,29.2,17.7,23.2,0.0,0.0,0.0,9.5,24.8,106,18.83
2017-11-02,30.3,20.1,24.5,0.0,0.0,0.0,17.9,36.7,3,16.38
2017-11-03,25.9,20.8,22.8,1.6,1.6,7.0,25.7,54.0,7,8.12
2017-11-04,25.6,17.8,21.2,0.2,0.2,1.0,29.9,62.6,14,12.85
2017-11-05,29.8,17.5,22.8,0.0,0.0,0.0,14.8,32.0,21,16.01
2017-11-06,29.0,20.7,24.3,0.5,0.5,5.0,7.9,22.3,276,11.14
2017-11-07,31.1,21.9,25.6,0.0,0.0,0.0,15.0,29.2,218,15.84
2017-11-08,31.3,21.3,24.8,0.0,0.0,0.0,27.1,55.8,11,17.27
2017-11-09,31.6,21.8,26.2,0.0,0.0,0.0,10.5,28.4,211,16.17
2017-11-10,30.9,21.9,25.8,0.0,0.0,0.0,13.8,29.9,349,16.06
2017-11-11,29.2,20.9,24.0,2.1,2.1,7.0,20.2,42.5,14,11.46
2017-11-12,23.9,20.3,21.5,32.7,32.7,20.0,10.3,27.4,13,5.2
2017-11-13,26.3,20.9,23.3,0.7,0.7,6.0,13.0,27.7,22,10.29
2017-11-14,27.6,21.2,23.4,5.1,5.1,9.0,12.8,29.2,18,12.32
2017-11-15,27.5,20.0,23.1,5.8,5.8,8.0,13.3,25.6,25,13.33
2017-11-16,27.9,21.5,23.7,0.9,0.9,3.0,7.7,21.6,333,15.54
2017-11-17,29.4,21.1,24.0,0.2,0.2,1.0,9.5,22.7,243,16.19
2017-11-18,25.5,18.1,21.7,1.3,1.3,2.0,31.8,64.4,15,14.41
2017-11-19,23.5,16.3,19.7,5.0,5.0,10.0,17.7,45.7,12,9.24
2017-11-20,22.5,17.4,19.5,5.1,5.1,11.0,19.6,42.5,15,10.18
2017-11-21,25.5,17.8,21.2,4.1,4.1,9.0,10.1,22.3,359,10.95
2017-11-22,23.4,16.5,19.6,2.8,2.8,9.0,23.2,46.4,1,14.0
2017-11-23,21.4,14.8,17.2,0.3,0.3,2.0,30.1,61.6,12,15.94
2017-11-24,21.1,15.6,17.8,0.0,0.0,0.0,16.7,36.4,16,12.06
2017-11-25,22.9,16.4,19.3,0.4,0.4,2.0,12.5,26.6,7,11.45
2017-11-26,24.0,18.1,20.3,3.2,3.2,4.0,23.4,48.6,8,10.76
2017-11-27,26.6,17.8,21.7,3.2,3.2,4.0,10.3,20.5,38,13.04
2017-11-28,28.1,19.7,23.3,0.0,0.0,0.0,10.2,24.5,41,14.71
2017-11-29,28.4,20.0,23.1,0.0,0.0,0.0,10.9,22.7,199,14.83
2017-11-30,28.4,18.9,21.8,0.0,0.0,0.0,27.0,53.6,7,14.27
2017-12-01,23.5,17.3,19.5,0.0,0.0,0.0,22.3,47.2,10,13.27
2017-12-02,24.7,17.2,19.7,0.3,0.3,1.0,17.7,37.1,11,11.98
2017-12-03,26.3,17.2,20.4,0.0,0.0,0.0,18.2,35.6,15,13.69
2017-12-04,24.1,15.5,18.7,0.0,0.0,0.0,31.5,64.1,11,16.01
2017-12-05,19.9,13.5,15.9,4.5,4.5,5.0,24.7,51.8,16,12.41
2017-12-06,22.4,13.8,17.3,0.2,0.2,2.0,15.5,32.8,5,9.45
2017-12-07,20.7,15.0,17.1,1.0,1.0,5.0,20.8,42.8,12,7.45
2017-12-08,16.7,12.3,14.2,2.8,2.8,9.0,32.3,65.9,8,6.35
2017-12-09,18.9,12.3,14.7,0.7,0.7,6.0,16.2,31.3,39,6.66
2017-12-10,22.9,11.1,16.3,0.0,0.0,0.0,15.7,34.6,19,15.1
2017-12-11,22.6,13.0,16.9,0.0,0.0,0.0,23.9,49.0,19,15.69
2017-12-12,18.1,15.3,16.8,3.5,3.5,11.0,10.1,19.1,26,1.72
2017-12-13,24.0,15.5,18.6,0.0,0.0,0.0,10.4,20.2,22,9.48
2017-12-14,24.7,15.0,19.6,0.0,0.0,0.0,7.9,22.7,48,13.56
2017-12-15,25.2,16.0,19.9,0.2,0.2,2.0,10.9,27.0,217,13.66
2017-12-16,21.1,13.0,16.6,0.0,0.0,0.0,39.7,79.9,8,9.89
2017-12-17,17.6,11.5,13.6,0.9,0.9,4.0,29.4,59.4,14,12.0
2017-12-18,19.2,11.7,14.8,2.0,2.0,8.0,20.8,45.7,15,12.36
2017-12-19,16.2,12.8,14.2,2.1,2.1,9.0,24.9,50.0,9,4.47
2017-12-20,21.1,11.1,14.8,0.0,0.0,0.0,27.1,55.4,9,14.76
2017-12-21,20.6,10.2,14.6,0.0,0.0,0.0,13.4,28.1,23,15.73
2017-12-22,22.9,12.1,17.0,0.0,0.0,0.0,8.0,23.0,62,15.51
2017-12-23,25.1,13.7,18.5,0.0,0.0,0.0,9.3,23.0,110,15.28
2017-12-24,24.4,14.4,18.5,0.0,0.0,0.0,23.3,48.6,15,15.19
2017-12-25,21.4,13.9,16.7,0.0,0.0,0.0,19.8,38.5,14,10.49
2017-12-26,24.9,13.8,18.1,0.0,0.0,0.0,16.3,35.3,7,15.27
2017-12-27,24.8,13.6,18.6,0.0,0.0,0.0,11.5,26.6,16,13.99
2017-12-28,25.4,16.0,19.7,3.4,3.4,7.0,13.3,29.9,148,10.94
2017-12-29,25.3,15.9,19.3,0.0,0.0,0.0,24.6,50.0,8,14.42
2017-12-30,25.7,16.3,20.0,0.1,0.1,1.0,15.9,31.7,347,14.64
2017-12-31,19.9,13.2,16.2,0.0,0.0,0.0,25.8,54.4,14,12.95
2018-01-01,24.8,13.3,17.8,0.6,0.6,5.0,13.2,30.2,15,15.13
2018-01-02,25.6,13.7,19.3,0.0,0.0,0.0,8.4,22.3,159,15.63
2018-01-03,26.1,15.3,19.8,0.0,0.0,0.0,16.1,33.1,15,13.67
2018-01-04,24.1,16.8,18.5,4.9,4.9,9.0,11.3,25.2,15,6.44
2018-01-05,20.2,16.2,17.5,2.3,2.3,7.0,20.3,43.2,4,7.16
2018-01-06,22.1,15.6,18.4,22.7,22.7,15.0,9.4,36.4,132,7.63
2018-01-07,20.3,17.2,18.5,29.4,29.4,20.0,14.7,42.8,57,4.69
2018-01-08,23.1,14.8,18.8,54.1,54.1,24.0,23.8,69.1,25,2.97
2018-01-09,13.3,9.3,10.6,13.6,13.6,21.0,22.9,47.9,359,1.57
2018-01-10,15.1,9.0,11.1,1.5,1.5,7.0,23.8,48.2,7,11.65
2018-01-11,15.5,7.9,10.7,0.0,0.0,0.0,25.0,51.1,12,13.51
2018-01-12,14.3,5.9,9.2,0.0,0.0,0.0,26.1,53.3,13,17.22
2018-01-13,16.6,4.6,10.1,0.0,0.0,0.0,10.9,22.3,37,17.23
2018-01-14,19.2,7.2,12.8,0.0,0.0,0.0,9.0,20.2,34,16.67
2018-01-15,22.1,9.2,15.0,0.0,0.0,0.0,5.6,16.2,38,16.79
2018-01-16,22.7,12.1,17.4,0.0,0.0,0.0,9.3,23.4,23,13.4
2018-01-17,24.6,16.8,20.3,1.7,1.7,4.0,12.4,27.7,28,10.57
2018-01-18,25.3,17.9,20.6,3.5,3.5,9.0,9.6,23.4,10,11.59
2018-01-19,20.9,17.5,18.9,9.3,9.3,14.0,11.2,24.8,350,3.83
2018-01-20,24.8,16.5,19.4,2.0,2.0,6.0,12.0,23.0,356,13.86
2018-01-21,24.3,16.0,19.5,0.0,0.0,0.0,7.1,18.7,305,12.66
2018-01-22,24.0,14.6,18.3,3.8,3.8,7.0,19.1,39.2,4,14.13
2018-01-23,22.7,13.8,17.4,0.0,0.0,0.0,18.4,38.5,8,17.23
2018-01-24,22.2,12.5,16.4,0.0,0.0,0.0,16.5,36.7,26,17.67
2018-01-25,23.6,11.7,17.3,0.0,0.0,0.0,14.2,27.0,20,14.2
2018-01-26,20.3,11.5,16.0,0.0,0.0,0.0,25.4,52.9,10,16.72
2018-01-27,19.0,11.9,15.3,1.7,1.7,10.0,10.0,22.7,46,5.88
2018-01-28,18.6,12.6,15.3,14.2,14.2,18.0,25.7,53.3,5,10.44
2018-01-29,14.8,8.9,11.2,1.2,1.2,6.0,27.2,53.3,13,8.05
2018-01-30,17.5,9.1,12.5,7.2,7.2,14.0,17.3,42.8,26,7.87
2018-01-31,20.2,10.1,14.6,7.1,7.1,16.0,34.2,69.5,7,8.56
2018-02-01,15.0,8.1,11.3,7.8,7.8,10.0,26.5,51.8,11,11.5
2018-02-02,17.5,9.6,12.7,1.3,1.3,6.0,25.9,52.9,16,13.93
2018-02-03,10.8,7.0,8.6,13.3,13.3,19.0,28.1,55.4,13,4.53
2018-02-04,8.7,6.7,7.5,12.6,12.6,20.0,21.7,43.6,16,2.91
2018-02-05,8.3,6.3,7.1,1.1,1.1,6.0,25.6,52.2,11,4.36
2018-02-06,13.7,7.4,9.8,0.0,0.0,0.0,17.6,37.4,17,12.61
2018-02-07,12.8,8.2,10.7,6.7,6.7,14.0,10.5,23.8,34,2.62
2018-02-08,15.0,10.3,12.6,3.3,3.3,12.0,14.7,28.8,29,4.95
2018-02-09,18.5,13.2,15.1,0.6,0.6,4.0,11.5,23.8,13,8.64
2018-02-10,21.4,13.7,16.0,0.2,0.2,2.0,18.0,36.0,3,10.62
2018-02-11,16.4,9.8,12.2,0.7,0.7,4.0,21.7,45.4,5,10.38
2018-02-12,18.1,9.0,12.6,0.0,0.0,0.0,20.4,41.8,17,17.39
2018-02-13,20.2,8.1,13.7,0.0,0.0,0.0,14.1,31.7,194,17.42
2018-02-14,22.1,9.4,15.5,0.0,0.0,0.0,8.8,22.3,204,20.03
2018-02-15,27.1,12.8,18.9,0.0,0.0,0.0,9.4,19.8,114,19.89
2018-02-16,24.0,15.4,19.8,1.8,1.8,7.0,12.7,25.2,3,12.99
2018-02-17,24.6,14.5,18.8,0.0,0.0,0.0,12.8,25.6,19,19.52
2018-02-18,24.9,13.8,18.7,0.0,0.0,0.0,9.9,25.6,337,19.63
2018-02-19,27.1,14.3,20.3,0.0,0.0,0.0,10.5,24.5,24,19.1
2018-02-20,26.2,15.4,19.9,0.0,0.0,0.0,10.2,24.1,358,18.96
2018-02-21,21.9,14.9,18.1,1.7,1.7,6.0,23.4,49.3,1,19.14
2018-02-22,19.8,11.5,14.8,28.0,28.0,18.0,27.3,56.2,3,8.37
2018-02-23,22.6,12.3,16.6,0.2,0.2,2.0,16.5,32.0,357,12.73
2018-02-24,22.7,14.4,18.0,0.5,0.5,3.0,7.3,19.1,353,10.29
2018-02-25,21.0,13.8,17.4,14.6,14.6,19.0,19.4,40.3,5,12.93
2018-02-26,23.1,13.4,17.1,2.8,2.8,4.0,17.0,36.0,7,20.14
2018-02-27,22.9,14.2,18.1,0.1,0.1,1.0,9.2,23.8,205,18.93
2018-02-28,25.4,15.3,19.0,17.0,17.0,11.0,13.8,46.4,146,11.11
2018-03-01,26.5,13.1,20.3,0.0,0.0,0.0,13.0,28.1,36,20.96
2018-03-02,25.9,18.1,21.3,0.0,0.0,0.0,9.7,33.5,335,18.72
2018-03-03,28.3,17.9,22.5,0.7,0.7,5.0,10.1,23.8,195,19.18
2018-03-04,25.8,19.5,22.8,0.1,0.1,1.0,14.3,28.1,142,9.59
2018-03-05,25.7,17.7,22.1,16.1,16.1,7.0,20.4,43.9,39,9.53
2018-03-06,23.9,15.6,19.0,0.0,0.0,0.0,18.8,40.0,3,18.94
2018-03-07,25.2,15.9,19.5,2.5,2.5,11.0,12.7,34.2,331,15.18
2018-03-08,16.3,10.0,13.5,9.9,9.9,21.0,30.2,60.1,5,5.26
2018-03-09,15.6,8.9,11.9,0.5,0.5,3.0,24.3,49.0,17,11.7
2018-03-10,20.9,11.5,15.2,0.0,0.0,0.0,12.6,26.3,16,20.45
2018-03-11,22.6,10.3,16.4,0.0,0.0,0.0,9.1,22.0,105,20.35
2018-03-12,22.7,11.7,16.8,0.0,0.0,0.0,8.7,21.6,69,21.33
2018-03-13,24.0,12.1,17.9,0.0,0.0,0.0,7.9,20.5,45,21.61
2018-03-14,24.9,14.8,20.0,0.0,0.0,0.0,8.0,16.2,51,15.83
2018-03-15,25.5,16.2,20.2,10.1,10.1,9.0,15.9,32.0,39,10.59
2018-03-16,25.8,17.3,21.0,2.4,2.4,4.0,17.6,35.3,26,19.64
2018-03-17,25.8,14.4,19.9,0.0,0.0,0.0,12.2,27.4,13,20.0
2018-03-18,25.4,16.1,20.7,0.9,0.9,3.0,10.9,27.0,258,20.35
2018-03-19,27.8,16.6,22.0,0.2,0.2,2.0,12.2,28.4,189,19.75
2018-03-20,22.3,15.3,19.0,23.7,23.7,17.0,18.6,54.4,350,8.51
2018-03-21,18.8,12.2,14.7,0.0,0.0,0.0,24.9,51.8,1,21.77
2018-03-22,20.8,8.9,14.7,0.0,0.0,0.0,19.2,38.9,17,23.31
2018-03-23,23.6,9.0,16.2,0.0,0.0,0.0,17.8,36.4,27,24.18
2018-03-24,24.4,10.8,17.3,0.0,0.0,0.0,9.5,22.0,74,23.85
2018-03-25,26.0,13.2,19.2,0.5,0.5,1.0,10.5,24.5,162,20.62
2018-03-26,25.4,14.8,19.4,0.0,0.0,0.0,17.5,38.9,17,21.54
2018-03-27,24.7,15.1,19.4,0.2,0.2,2.0,20.3,42.5,16,19.51
2018-03-28,26.1,14.7,20.3,0.0,0.0,0.0,14.8,32.8,14,20.97
2018-03-29,26.6,17.9,21.8,0.1,0.1,1.0,7.9,21.2,171,18.03
2018-03-30,26.4,17.4,22.2,0.1,0.1,1.0,11.8,28.1,115,17.46
2018-03-31,27.3,18.4,22.7,0.0,0.0,0.0,12.1,26.3,125,17.36
2018-04-01,26.6,18.4,22.4,0.8,0.8,4.0,9.4,24.5,144,15.07
2018-04-02,26.9,19.1,22.4,0.5,0.5,3.0,9.7,24.1,184,15.78
2018-04-03,26.7,18.3,22.4,0.1,0.1,1.0,11.8,28.1,276,15.97
2018-04-04,28.5,18.2,22.8,0.0,0.0,0.0,13.4,31.0,1,20.03
2018-04-05,28.4,18.5,23.4,0.2,0.2,2.0,13.4,32.8,345,19.29
2018-04-06,28.0,14.3,20.8,2.0,2.0,3.0,33.1,67.3,8,18.21
2018-04-07,16.9,13.6,15.2,0.0,0.0,0.0,26.4,53.6,14,5.52
2018-04-08,26.2,12.0,18.7,0.0,0.0,0.0,12.7,33.1,240,23.94
2018-04-09,26.3,13.1,19.7,0.0,0.0,0.0,15.7,34.2,347,24.29
2018-04-10,27.9,15.5,22.0,0.0,0.0,0.0,12.0,30.2,32,24.25
2018-04-11,32.1,19.6,25.0,3.0,3.0,3.0,13.0,32.0,184,21.65
2018-04-12,31.5,20.4,24.9,5.9,5.9,6.0,15.3,41.4,154,19.12
2018-04-13,30.2,21.9,25.3,1.2,1.2,6.0,8.5,38.2,173,19.43
2018-04-14,30.2,22.4,25.6,9.8,9.8,8.0,12.7,37.8,170,20.12
2018-04-15,25.3,17.0,21.0,57.8,57.8,20.0,25.3,52.2,6,14.41
2018-04-16,26.1,16.6,20.8,3.5,3.5,7.0,16.1,32.8,344,17.63
2018-04-17,25.3,16.3,19.1,15.8,15.8,11.0,18.8,38.2,2,12.84
2018-04-18,26.4,16.0,21.0,0.6,0.6,3.0,13.3,29.2,344,22.81
2018-04-19,27.1,19.2,23.3,0.1,0.1,1.0,8.7,22.7,214,20.2
2018-04-20,28.0,19.6,23.9,0.3,0.3,2.0,8.0,19.8,193,17.01
2018-04-21,29.9,20.6,24.2,0.1,0.1,1.0,13.2,29.9,359,21.54
2018-04-22,30.3,21.0,25.1,3.2,3.2,2.0,8.9,24.8,96,21.06
2018-04-23,31.2,21.6,25.9,0.4,0.4,2.0,13.0,31.3,160,20.72
2018-04-24,28.8,21.9,24.1,40.9,40.9,16.0,11.4,36.4,42,13.84
2018-04-25,27.6,19.8,23.2,0.1,0.1,1.0,19.5,40.0,5,20.43
2018-04-26,28.6,18.4,23.6,0.3,0.3,2.0,12.4,25.6,312,23.7
2018-04-27,28.5,20.2,23.9,0.8,0.8,3.0,13.7,30.6,43,21.5
2018-04-28,29.0,21.1,24.9,0.7,0.7,6.0,10.8,25.2,173,19.38
2018-04-29,28.8,21.5,24.7,5.3,5.3,6.0,9.8,24.5,167,20.64
2018-04-30,29.8,22.0,25.2,0.0,0.0,0.0,10.1,25.6,228,21.38
2018-05-01,30.3,22.0,25.7,1.4,1.4,8.0,11.6,28.4,194,17.88
2018-05-02,32.0,22.4,26.7,0.4,0.4,2.0,12.4,27.0,205,22.94
2018-05-03,30.1,22.6,25.6,0.1,0.1,1.0,18.9,41.0,10,21.93
2018-05-04,30.8,21.8,25.9,0.6,0.6,3.0,10.2,29.9,163,16.17
2018-05-05,30.3,22.2,26.2,0.1,0.1,1.0,10.9,27.0,227,21.87
2018-05-06,34.0,21.5,27.3,0.9,0.9,4.0,16.2,40.0,192,21.77
2018-05-07,30.1,25.2,27.2,13.5,13.5,6.0,19.6,43.2,155,14.17
2018-05-08,25.6,21.9,23.9,116.1,116.1,21.0,16.9,41.0,287,8.6
2018-05-09,24.9,21.5,22.7,49.4,49.4,20.0,14.4,34.6,7,10.35
2018-05-10,28.1,20.2,23.4,2.0,2.0,3.0,13.0,27.4,351,21.55
2018-05-11,28.0,20.7,24.1,0.9,0.9,3.0,13.3,30.6,331,21.99
2018-05-12,27.9,20.3,24.4,1.2,1.2,6.0,8.6,21.6,220,21.83
2018-05-13,28.6,22.7,25.5,1.0,1.0,5.0,10.6,24.8,198,20.26
2018-05-14,31.0,22.3,26.1,0.0,0.0,0.0,10.8,24.5,191,25.12
2018-05-15,30.4,22.8,26.5,1.4,1.4,4.0,9.8,27.0,202,21.45
2018-05-16,30.9,22.9,26.9,0.9,0.9,4.0,12.1,29.2,184,20.15
2018-05-17,31.7,23.1,27.3,0.3,0.3,1.0,12.8,31.3,191,22.96
2018-05-18,31.9,22.2,26.8,0.1,0.1,1.0,12.7,28.8,198,24.35
2018-05-19,31.1,21.9,26.6,0.0,0.0,0.0,9.3,23.0,198,24.22
2018-05-20,30.0,23.2,26.4,5.0,5.0,8.0,8.7,22.7,163,20.2
2018-05-21,30.9,23.4,26.7,1.0,1.0,6.0,10.9,26.6,27,23.29
2018-05-22,31.8,22.5,27.1,0.0,0.0,0.0,10.8,24.5,230,25.4
2018-05-23,31.8,22.9,27.2,0.5,0.5,2.0,16.2,35.6,23,24.03
2018-05-24,31.5,23.3,27.2,0.8,0.8,6.0,8.9,21.6,109,22.86
2018-05-25,32.9,23.3,27.3,2.0,2.0,9.0,14.1,36.0,197,21.62
2018-05-26,33.6,24.5,28.3,0.1,0.1,1.0,15.5,35.6,203,26.42
2018-05-27,35.1,24.0,28.8,0.4,0.4,3.0,15.5,35.6,194,26.58
2018-05-28,34.2,24.5,28.1,9.8,9.8,5.0,14.1,36.4,170,23.91
2018-05-29,32.7,24.2,27.6,7.6,7.6,11.0,11.9,31.0,182,20.45
2018-05-30,32.7,24.8,27.5,3.9,3.9,10.0,13.7,34.2,165,20.71
2018-05-31,33.6,24.3,28.3,1.1,1.1,4.0,12.1,28.1,196,24.78
2018-06-01,32.7,24.3,27.5,0.1,0.1,1.0,16.6,37.4,8,20.76
2018-06-02,32.3,23.0,27.1,1.3,1.3,4.0,12.3,28.8,6,24.25
2018-06-03,31.3,23.4,27.3,4.3,4.3,8.0,11.0,28.4,31,22.09
2018-06-04,32.0,24.1,27.3,15.7,15.7,12.0,13.4,28.1,143,22.2
2018-06-05,31.5,23.7,27.3,3.2,3.2,10.0,10.9,24.8,152,20.32
2018-06-06,33.1,24.9,28.8,0.3,0.3,3.0,14.4,33.8,23,24.08
2018-06-07,34.3,25.2,29.2,0.2,0.2,1.0,9.5,25.9,189,22.8
2018-06-08,33.5,23.6,29.2,0.2,0.2,1.0,13.3,28.4,153,21.32
2018-06-09,35.0,25.6,29.7,1.7,1.7,8.0,12.3,31.7,177,23.86
2018-06-10,34.0,25.0,27.3,52.4,52.4,17.0,15.0,41.0,191,18.0
2018-06-11,29.0,24.2,26.2,54.3,54.3,16.0,17.7,38.5,359,16.38
2018-06-12,30.3,23.9,26.5,5.9,5.9,11.0,14.2,29.9,144,22.91
2018-06-13,31.2,23.3,27.4,0.1,0.1,1.0,14.4,32.4,50,25.13
2018-06-14,32.0,23.6,26.9,9.8,9.8,11.0,15.7,34.2,44,18.22
2018-06-15,29.7,23.7,26.0,7.9,7.9,7.0,27.9,55.8,9,16.92
2018-06-16,30.6,23.3,26.0,3.4,3.4,11.0,16.0,30.6,20,18.56
2018-06-17,28.3,24.2,25.7,18.4,18.4,11.0,9.1,39.2,16,8.63
2018-06-18,29.3,24.4,26.4,9.1,9.1,18.0,12.9,48.6,181,14.1
2018-06-19,26.3,24.1,24.8,58.0,58.0,24.0,22.7,50.0,172,4.26
2018-06-20,27.2,23.9,25.6,20.5,20.5,13.0,20.7,42.1,167,12.66
2018-06-21,30.1,24.3,26.0,33.1,33.1,11.0,17.7,37.4,166,15.16
2018-06-22,30.1,23.8,26.3,20.6,20.6,11.0,16.2,42.8,181,19.35
2018-06-23,29.7,23.5,26.1,5.0,5.0,7.0,14.6,47.2,176,16.01
2018-06-24,29.7,24.1,26.5,1.3,1.3,7.0,10.2,30.6,177,16.43
2018-06-25,30.5,24.0,26.7,2.5,2.5,5.0,8.4,21.2,179,19.15
2018-06-26,30.4,24.0,27.1,0.0,0.0,0.0,10.2,23.8,201,22.81
2018-06-27,30.1,23.6,27.0,0.0,0.0,0.0,7.6,20.9,209,23.49
2018-06-28,29.4,23.5,26.4,3.5,3.5,10.0,11.5,27.7,183,20.37
2018-06-29,30.1,23.4,26.5,3.9,3.9,7.0,13.0,31.7,174,20.32
2018-06-30,29.9,23.5,26.1,12.0,12.0,16.0,9.0,19.8,161,19.61
2018-07-01,29.2,23.6,25.7,32.4,32.4,19.0,10.5,26.3,176,16.67
2018-07-02,27.2,23.6,25.2,36.4,36.4,21.0,16.3,35.3,164,12.15
2018-07-03,28.5,23.8,25.8,28.9,28.9,17.0,15.1,37.4,165,12.07
2018-07-04,29.2,24.4,26.1,21.5,21.5,15.0,13.8,35.3,164,14.48
2018-07-05,29.0,24.2,26.8,3.7,3.7,10.0,16.4,36.4,164,14.58
2018-07-06,29.7,24.7,26.8,17.1,17.1,12.0,15.8,34.6,172,17.9
2018-07-07,29.5,24.9,26.3,9.6,9.6,8.0,10.2,26.6,168,13.32
2018-07-08,30.0,24.1,26.7,1.7,1.7,7.0,9.7,22.3,6,22.41
2018-07-09,30.8,22.8,26.8,0.0,0.0,0.0,17.8,37.1,354,24.19
2018-07-10,30.5,24.1,26.8,3.2,3.2,8.0,24.5,52.2,356,20.32
2018-07-11,28.3,24.0,26.2,42.9,42.9,17.0,22.7,55.1,178,7.76
2018-07-12,29.9,24.1,26.8,0.0,0.0,0.0,17.5,37.4,350,19.18
2018-07-13,30.5,23.2,26.6,2.6,2.6,5.0,6.9,18.7,160,20.88
2018-07-14,30.8,22.7,26.8,1.0,1.0,3.0,9.7,19.1,102,23.7
2018-07-15,30.4,23.5,27.1,0.0,0.0,0.0,10.1,22.7,180,19.54
2018-07-16,31.0,23.3,27.6,0.1,0.1,1.0,13.7,30.6,297,24.21
2018-07-17,31.8,24.8,28.6,0.0,0.0,0.0,10.5,24.8,287,25.65
2018-07-18,32.1,24.6,28.3,0.9,0.9,6.0,10.8,26.6,123,23.93
2018-07-19,30.7,24.5,26.8,4.5,4.5,7.0,9.5,23.8,151,19.85
2018-07-20,29.4,24.6,26.4,5.4,5.4,14.0,11.7,28.4,144,18.54
2018-07-21,29.8,24.6,26.8,4.4,4.4,10.0,14.3,31.3,54,19.68
2018-07-22,29.8,24.1,26.2,21.7,21.7,19.0,9.2,22.3,165,15.82
2018-07-23,31.0,24.6,26.8,8.9,8.9,16.0,11.9,29.5,156,15.6
2018-07-24,30.3,25.0,26.9,15.1,15.1,8.0,11.2,27.0,146,17.4
2018-07-25,30.6,23.8,26.6,5.7,5.7,7.0,8.2,21.2,117,21.25
2018-07-26,29.5,24.0,26.7,1.5,1.5,6.0,5.8,18.4,165,18.21
2018-07-27,29.6,23.7,26.1,9.0,9.0,18.0,10.0,19.8,105,17.29
2018-07-28,30.2,23.8,26.1,46.8,46.8,21.0,11.9,27.0,81,19.09
2018-07-29,30.6,24.2,27.0,44.2,44.2,16.0,9.9,23.4,171,20.66
2018-07-30,30.5,24.7,27.3,2.4,2.4,12.0,11.3,21.6,174,20.29
2018-07-31,31.0,25.2,27.7,1.2,1.2,6.0,11.6,26.3,171,23.28
2018-08-01,30.8,25.4,27.6,6.8,6.8,8.0,12.3,25.6,164,20.53
2018-08-02,30.1,25.0,26.9,24.1,24.1,14.0,12.5,32.0,161,16.92
2018-08-03,29.6,24.2,26.6,16.3,16.3,13.0,11.9,35.6,168,18.53
2018-08-04,29.8,24.3,27.0,2.2,2.2,7.0,8.6,23.0,172,17.76
2018-08-05,30.8,23.9,26.5,11.7,11.7,8.0,9.0,20.9,84,17.22
2018-08-06,29.5,23.3,26.1,14.4,14.4,17.0,12.5,28.1,358,17.7
2018-08-07,30.3,23.2,26.1,13.1,13.1,20.0,11.2,25.2,184,19.5
2018-08-08,30.1,24.3,26.7,3.4,3.4,13.0,11.4,23.0,169,20.6
2018-08-09,29.3,24.6,26.7,4.7,4.7,16.0,10.8,20.5,143,19.79
2018-08-10,30.2,24.7,27.1,2.6,2.6,13.0,8.4,23.0,325,20.7
2018-08-11,29.9,23.7,26.9,1.1,1.1,8.0,8.7,21.6,5,20.48
2018-08-12,30.8,24.3,27.2,1.8,1.8,11.0,8.8,23.8,182,20.6
2018-08-13,31.1,24.7,26.9,10.8,10.8,14.0,9.2,19.1,167,17.72
2018-08-14,29.8,24.5,26.3,16.4,16.4,17.0,11.3,25.6,143,16.38
2018-08-15,27.4,24.6,25.5,21.2,21.2,20.0,9.4,28.1,172,5.9
2018-08-16,28.5,23.7,25.9,23.7,23.7,15.0,12.2,29.5,169,13.28
2018-08-17,30.2,24.2,26.7,8.7,8.7,11.0,15.9,33.8,173,20.69
2018-08-18,28.7,24.4,25.8,12.7,12.7,20.0,9.7,20.9,169,11.39
2018-08-19,28.5,23.7,25.6,24.3,24.3,11.0,11.8,27.4,180,12.83
2018-08-20,29.9,24.2,26.4,5.2,5.2,10.0,9.3,25.2,187,19.6
2018-08-21,29.6,24.7,26.3,22.7,22.7,17.0,9.2,21.6,235,15.7
2018-08-22,29.6,24.4,26.5,36.9,36.9,21.0,10.2,28.1,359,17.91
2018-08-23,29.3,23.5,25.8,51.0,51.0,13.0,27.5,59.8,167,11.47
2018-08-24,25.7,23.6,24.5,147.1,147.1,24.0,20.0,45.7,181,3.43
2018-08-25,28.7,23.4,25.6,91.6,91.6,23.0,17.0,41.4,179,12.79
2018-08-26,26.9,24.3,25.6,9.4,9.4,23.0,9.8,20.9,185,8.55
2018-08-27,27.7,23.8,25.2,14.5,14.5,21.0,18.7,44.3,189,12.33
2018-08-28,27.6,23.1,25.0,7.2,7.2,11.0,10.0,32.4,140,9.94
2018-08-29,25.4,22.2,23.8,28.1,28.1,21.0,5.5,40.7,100,4.45
2018-08-30,27.0,22.0,24.2,8.4,8.4,21.0,9.2,33.8,117,7.3
2018-08-31,26.4,22.1,24.4,1.2,1.2,5.0,7.3,23.0,112,7.88
2018-09-01,29.7,22.7,26.0,0.5,0.5,2.0,6.2,17.6,208,20.88
2018-09-02,29.3,23.3,26.1,2.3,2.3,11.0,7.9,20.5,180,20.12
2018-09-03,30.2,23.2,26.2,1.7,1.7,9.0,10.7,25.9,179,23.28
2018-09-04,30.7,23.5,26.6,2.2,2.2,6.0,12.1,28.1,173,21.93
2018-09-05,30.1,24.7,27.1,5.5,5.5,10.0,6.4,19.4,179,16.8
2018-09-06,28.8,23.9,26.2,10.2,10.2,11.0,8.1,18.0,83,14.85
2018-09-07,29.0,23.7,25.9,16.6,16.6,20.0,8.8,20.9,191,17.28
2018-09-08,28.5,23.1,25.4,6.5,6.5,10.0,14.8,29.5,34,13.83
2018-09-09,28.4,22.7,24.9,0.5,0.5,4.0,29.0,58.7,13,20.67
2018-09-10,29.7,22.4,25.5,0.7,0.7,7.0,14.0,26.6,24,16.42
2018-09-11,29.5,23.6,26.1,6.2,6.2,7.0,12.1,25.2,168,16.1
2018-09-12,29.4,23.6,26.4,2.1,2.1,6.0,11.2,25.6,53,17.3
2018-09-13,30.0,23.1,26.7,0.0,0.0,0.0,7.4,19.8,136,18.28
2018-09-14,30.1,22.6,26.7,0.1,0.1,1.0,10.7,25.6,44,19.5
2018-09-15,31.2,22.9,26.6,0.9,0.9,9.0,18.8,42.8,60,9.12
2018-09-16,31.8,24.6,27.6,0.8,0.8,5.0,17.2,36.4,10,17.2
2018-09-17,31.4,24.3,27.0,6.0,6.0,7.0,15.5,33.5,37,18.97
2018-09-18,29.8,23.4,26.4,1.8,1.8,9.0,12.0,27.7,233,16.01
2018-09-19,30.0,21.3,26.1,0.1,0.1,1.0,7.8,18.7,109,18.94
2018-09-20,29.6,23.6,26.5,0.1,0.1,1.0,7.6,20.2,178,17.48
2018-09-21,30.4,23.8,26.6,0.2,0.2,2.0,8.7,21.2,200,20.01
2018-09-22,29.6,23.9,26.8,1.3,1.3,4.0,9.8,23.4,349,18.49
2018-09-23,30.2,23.5,26.3,0.7,0.7,4.0,8.8,21.2,153,17.92
2018-09-24,29.8,23.5,25.7,0.0,0.0,0.0,26.6,52.9,14,18.8
2018-09-25,29.4,22.8,25.7,0.2,0.2,2.0,15.0,31.3,24,19.24
2018-09-26,29.0,22.4,25.0,0.0,0.0,0.0,28.2,56.9,16,19.77
2018-09-27,28.8,22.8,25.2,0.0,0.0,0.0,29.7,60.8,18,20.53
2018-09-28,28.7,23.0,25.1,0.0,0.0,0.0,33.9,68.4,14,19.45
2018-09-29,26.3,22.3,24.3,0.0,0.0,0.0,35.4,72.0,6,21.01
2018-09-30,28.8,21.5,24.6,0.0,0.0,0.0,19.4,41.4,18,21.34
2018-10-01,29.5,20.5,24.3,0.2,0.2,2.0,13.2,27.4,13,20.4
2018-10-02,28.6,20.5,23.4,0.0,0.0,0.0,21.8,45.0,19,20.53
2018-10-03,28.2,18.3,23.0,0.0,0.0,0.0,25.1,50.8,23,20.02
2018-10-04,26.2,20.8,22.9,0.0,0.0,0.0,36.4,74.5,9,19.05
2018-10-05,28.3,20.5,24.3,0.0,0.0,0.0,30.0,68.0,4,20.82
2018-10-06,30.9,21.1,25.7,0.0,0.0,0.0,19.5,40.7,87,18.85
2018-10-07,31.4,21.6,25.7,0.0,0.0,0.0,19.6,42.5,4,19.37
2018-10-08,31.1,21.4,25.7,0.5,0.5,2.0,11.6,27.0,5,17.58
2018-10-09,30.5,23.0,25.8,2.7,2.7,11.0,10.1,20.5,102,15.05
2018-10-10,30.6,21.6,25.0,1.7,1.7,4.0,15.3,31.7,19,18.68
2018-10-11,26.8,20.4,22.7,0.0,0.0,0.0,23.5,47.9,14,13.36
2018-10-12,25.8,18.7,21.7,36.1,36.1,16.0,15.3,37.8,22,15.41
2018-10-13,28.3,19.4,23.4,0.0,0.0,0.0,6.7,18.4,73,16.75
2018-10-14,29.3,20.2,24.9,0.3,0.3,2.0,9.8,22.0,22,19.05
2018-10-15,29.9,20.8,24.9,3.5,3.5,5.0,15.1,32.8,8,19.36
2018-10-16,28.5,21.7,24.0,19.8,19.8,15.0,16.0,35.3,7,18.14
2018-10-17,25.7,19.6,21.5,6.3,6.3,14.0,18.4,39.6,8,10.59
2018-10-18,27.6,19.4,22.9,0.4,0.4,2.0,17.9,36.7,26,18.25
2018-10-19,27.7,20.3,23.1,4.4,4.4,11.0,14.2,30.2,30,16.23
2018-10-20,28.1,19.3,23.1,0.4,0.4,1.0,13.8,30.6,14,17.04
2018-10-21,28.1,18.5,23.0,1.7,1.7,4.0,10.2,22.7,38,19.12
2018-10-22,28.7,18.7,23.4,1.6,1.6,8.0,14.4,30.2,357,17.82
2018-10-23,27.9,20.1,23.1,0.0,0.0,0.0,18.1,39.6,12,17.52
2018-10-24,29.7,18.7,23.7,0.3,0.3,2.0,14.0,27.4,18,18.5
2018-10-25,29.7,19.9,24.8,1.0,1.0,4.0,8.6,24.5,235,18.63
2018-10-26,29.4,19.6,24.2,1.0,1.0,3.0,17.3,36.0,3,18.38
2018-10-27,27.2,17.6,22.1,0.0,0.0,0.0,31.4,64.8,14,19.23
2018-10-28,26.5,14.3,19.7,0.0,0.0,0.0,23.8,50.0,6,19.74
2018-10-29,27.8,13.8,20.0,0.0,0.0,0.0,20.5,41.8,22,20.21
2018-10-30,31.7,16.0,23.1,0.0,0.0,0.0,15.7,33.8,24,19.13
2018-10-31,29.5,18.0,22.1,4.1,4.1,8.0,23.1,47.5,16,12.6
2018-11-01,22.9,17.9,19.8,0.1,0.1,1.0,21.8,46.1,6,7.78
2018-11-02,27.7,20.1,23.0,0.3,0.3,1.0,14.4,30.2,37,8.49
2018-11-03,30.3,19.1,24.0,0.8,0.8,3.0,14.8,32.0,9,17.07
2018-11-04,30.2,19.5,24.1,0.4,0.4,3.0,16.9,36.4,8,17.05
2018-11-05,29.7,20.2,24.5,1.0,1.0,4.0,7.6,20.5,22,16.5
2018-11-06,30.7,20.1,24.8,0.2,0.2,2.0,9.9,26.3,78,17.35
2018-11-07,29.6,20.3,24.5,0.0,0.0,0.0,10.2,27.4,309,17.44
2018-11-08,30.1,19.8,24.4,0.0,0.0,0.0,11.7,28.4,4,17.42
2018-11-09,31.2,19.6,24.3,0.0,0.0,0.0,15.9,34.2,8,16.91
2018-11-10,30.3,19.8,24.4,0.0,0.0,0.0,13.0,32.4,216,13.82
2018-11-11,29.8,20.7,24.0,0.0,0.0,0.0,11.1,24.1,226,17.0
2018-11-12,29.6,20.0,23.3,0.0,0.0,0.0,15.9,35.3,9,11.7
2018-11-13,28.8,18.4,22.4,0.0,0.0,0.0,18.8,41.8,10,17.59
2018-11-14,29.6,16.8,22.5,0.0,0.0,0.0,15.9,33.8,12,17.41
2018-11-15,29.4,17.0,22.8,0.0,0.0,0.0,13.3,27.4,328,17.11
2018-11-16,30.0,19.6,24.0,0.6,0.6,2.0,13.0,31.0,9,15.34
2018-11-17,27.5,20.4,23.3,2.4,2.4,12.0,15.0,34.6,13,11.56
2018-11-18,30.0,19.3,23.9,0.5,0.5,5.0,10.0,27.0,326,15.21
2018-11-19,27.1,18.6,21.8,6.7,6.7,10.0,22.7,47.2,7,13.86
2018-11-20,29.2,17.6,23.0,0.0,0.0,0.0,11.4,36.0,198,15.43
2018-11-21,29.0,18.2,23.5,0.6,0.6,4.0,13.6,34.2,345,16.37
2018-11-22,23.8,17.8,20.2,0.0,0.0,0.0,31.0,64.4,10,15.91
2018-11-23,25.5,16.4,19.7,3.7,3.7,10.0,15.0,36.0,11,14.11
2018-11-24,28.1,15.9,21.4,0.0,0.0,0.0,8.4,24.8,23,17.04
2018-11-25,28.4,17.0,21.8,6.5,6.5,7.0,12.3,25.6,331,11.85
2018-11-26,21.4,18.1,19.3,2.1,2.1,11.0,15.2,32.8,11,2.8
2018-11-27,26.6,17.0,20.8,0.0,0.0,0.0,14.9,28.8,16,11.72
2018-11-28,22.9,18.4,19.7,9.0,9.0,9.0,15.0,32.4,1,5.4
2018-11-29,26.7,16.5,20.6,0.2,0.2,1.0,10.7,23.8,12,15.44
2018-11-30,27.4,16.0,21.0,0.9,0.9,4.0,7.8,20.5,139,15.15
2018-12-01,26.1,15.3,20.5,0.0,0.0,0.0,14.0,32.0,11,15.45
2018-12-02,27.3,16.9,21.4,0.0,0.0,0.0,9.8,25.9,184,16.03
2018-12-03,29.3,17.0,22.3,0.0,0.0,0.0,10.1,22.0,18,16.09
2018-12-04,29.3,17.7,23.1,0.0,0.0,0.0,14.6,32.4,17,14.31
2018-12-05,29.8,19.0,23.8,0.0,0.0,0.0,13.4,32.4,15,14.73
2018-12-06,30.0,19.2,24.1,0.1,0.1,1.0,16.2,34.9,4,13.61
2018-12-07,25.8,17.2,20.5,0.0,0.0,0.0,21.9,47.2,11,14.64
2018-12-08,25.2,16.0,19.0,0.1,0.1,1.0,22.5,47.5,9,14.53
2018-12-09,23.0,16.2,18.7,1.8,1.8,1.0,23.1,49.0,9,11.87
2018-12-10,23.0,17.3,19.4,0.3,0.3,1.0,27.3,54.4,8,5.54
2018-12-11,24.0,15.9,19.8,0.0,0.0,0.0,26.0,53.6,7,12.34
2018-12-12,21.4,14.0,16.1,0.0,0.0,0.0,29.9,61.6,12,12.18
2018-12-13,24.1,13.2,17.5,0.0,0.0,0.0,21.7,44.3,20,12.53
2018-12-14,24.9,15.3,18.9,0.0,0.0,0.0,18.0,37.4,14,13.17
2018-12-15,26.5,16.0,20.7,0.0,0.0,0.0,9.2,25.2,301,14.03
2018-12-16,26.2,16.0,20.0,0.7,0.7,3.0,18.0,38.2,5,14.57
2018-12-17,22.1,13.7,17.2,0.0,0.0,0.0,25.2,53.3,4,14.41
2018-12-18,25.0,11.1,17.3,0.0,0.0,0.0,10.5,23.8,16,15.96
2018-12-19,26.5,13.6,18.7,0.0,0.0,0.0,14.9,33.1,173,15.53
2018-12-20,27.4,13.2,19.7,0.0,0.0,0.0,10.7,25.6,16,15.49
2018-12-21,27.2,15.5,20.6,0.0,0.0,0.0,18.4,38.2,17,14.81
2018-12-22,29.3,17.2,22.5,0.0,0.0,0.0,11.1,27.4,345,13.22
2018-12-23,26.9,17.3,21.1,1.1,1.1,5.0,22.0,44.6,1,11.37
2018-12-24,23.3,15.1,18.6,0.0,0.0,0.0,17.9,41.8,9,12.43
2018-12-25,27.4,17.8,21.6,1.7,1.7,4.0,12.6,30.2,347,12.34
2018-12-26,26.7,18.6,21.6,0.0,0.0,0.0,22.0,46.8,359,13.93
2018-12-27,22.9,15.1,18.4,0.2,0.2,1.0,31.1,63.7,9,15.37
2018-12-28,21.6,13.5,16.1,1.3,1.3,7.0,30.0,61.6,9,14.33
2018-12-29,20.0,11.6,14.6,0.0,0.0,0.0,27.2,57.2,9,14.85
2018-12-30,24.0,11.9,16.9,0.0,0.0,0.0,19.1,38.9,9,13.54
2018-12-31,21.2,14.3,16.7,0.0,0.0,0.0,22.0,46.8,5,11.44
2019-01-01,22.4,14.0,17.1,0.0,0.0,0.0,16.9,36.7,8,8.96
2019-01-02,21.0,15.0,17.6,2.1,2.1,5.0,12.3,25.6,20,4.26
2019-01-03,20.3,15.1,17.7,3.9,3.9,5.0,10.3,22.0,25,5.28
2019-01-04,26.6,16.7,20.9,0.0,0.0,0.0,8.4,22.7,253,13.89
2019-01-05,28.0,17.5,22.0,0.1,0.1,1.0,13.0,28.4,342,14.46
2019-01-06,23.0,16.5,18.7,4.3,4.3,12.0,20.4,42.5,8,10.54
2019-01-07,25.8,18.1,20.9,0.0,0.0,0.0,12.2,25.2,333,13.33
2019-01-08,24.5,17.8,20.1,0.0,0.0,0.0,19.5,41.4,2,13.53
2019-01-09,25.9,16.5,20.1,0.0,0.0,0.0,14.6,32.8,3,15.16
2019-01-10,27.6,17.0,21.4,0.5,0.5,2.0,13.2,29.9,346,14.27
2019-01-11,27.4,17.8,21.7,0.2,0.2,2.0,13.0,30.6,329,15.44
2019-01-12,27.0,17.5,21.2,1.2,1.2,5.0,17.6,38.9,9,14.98
2019-01-13,26.2,16.4,19.8,0.1,0.1,1.0,20.3,43.9,7,15.7
2019-01-14,27.8,14.9,20.0,0.0,0.0,0.0,14.5,31.0,353,14.36
2019-01-15,27.5,16.4,20.5,0.1,0.1,1.0,20.0,42.1,3,14.66
2019-01-16,17.7,14.5,16.1,12.2,12.2,18.0,19.5,38.9,7,5.18
2019-01-17,18.8,11.3,14.7,0.8,0.8,6.0,22.4,45.7,10,9.11
2019-01-18,22.9,10.7,16.3,0.0,0.0,0.0,8.7,21.2,270,14.88
2019-01-19,22.3,14.5,18.3,0.2,0.2,1.0,15.2,33.8,17,8.68
2019-01-20,21.0,14.9,17.8,0.4,0.4,3.0,18.1,35.6,11,4.87
2019-01-21,20.3,12.8,15.0,0.5,0.5,2.0,23.9,47.9,11,9.35
2019-01-22,17.8,11.2,13.8,0.0,0.0,0.0,24.0,51.1,9,15.9
2019-01-23,22.8,9.7,15.6,0.0,0.0,0.0,13.0,26.6,353,16.97
2019-01-24,23.6,10.6,17.0,0.0,0.0,0.0,13.7,29.2,22,17.66
2019-01-25,23.7,10.6,16.7,0.7,0.7,3.0,18.0,38.5,7,17.6
2019-01-26,19.6,11.5,14.5,0.0,0.0,0.0,29.0,60.1,15,17.95
2019-01-27,22.6,11.1,15.7,0.0,0.0,0.0,20.2,41.4,10,17.9
2019-01-28,23.7,9.4,16.1,0.0,0.0,0.0,16.2,34.6,16,17.99
2019-01-29,24.9,10.4,17.0,0.0,0.0,0.0,13.4,29.5,9,18.23
2019-01-30,25.7,11.8,18.2,0.0,0.0,0.0,10.7,28.4,38,18.05
2019-01-31,28.6,15.4,20.4,0.0,0.0,0.0,18.0,36.0,21,15.63
2019-02-01,21.4,12.6,16.6,0.3,0.3,3.0,18.2,40.3,4,13.71
2019-02-02,26.7,13.1,18.8,0.0,0.0,0.0,10.5,26.6,287,17.83
2019-02-03,28.4,15.2,21.3,4.1,4.1,9.0,12.8,33.8,199,15.06
2019-02-04,24.3,17.0,20.3,1.8,1.8,11.0,14.3,30.2,5,9.64
2019-02-05,26.0,15.4,19.2,3.7,3.7,14.0,12.2,24.8,286,14.33
2019-02-06,26.8,14.9,20.0,0.0,0.0,0.0,12.4,29.5,348,18.86
2019-02-07,29.5,16.3,21.4,0.0,0.0,0.0,14.1,31.0,126,18.94
2019-02-08,25.5,14.4,18.6,0.0,0.0,0.0,17.3,38.2,3,18.66
2019-02-09,23.4,13.1,17.7,0.0,0.0,0.0,19.4,42.8,3,16.75
2019-02-10,25.5,13.4,18.4,0.0,0.0,0.0,17.0,39.2,359,18.48
2019-02-11,24.5,14.4,18.4,0.0,0.0,0.0,20.5,45.4,356,18.57
2019-02-12,26.4,13.3,19.2,0.0,0.0,0.0,13.5,31.0,351,17.49
2019-02-13,26.5,16.5,20.6,0.0,0.0,0.0,18.4,40.7,0,18.37
2019-02-14,25.8,16.5,20.1,0.0,0.0,0.0,17.3,39.2,357,18.03
2019-02-15,28.0,15.3,21.2,0.0,0.0,0.0,13.9,33.1,323,19.3
2019-02-16,27.3,16.7,20.4,0.0,0.0,0.0,20.2,44.6,357,16.49
2019-02-17,23.9,15.4,18.8,0.0,0.0,0.0,17.7,40.0,359,14.79
2019-02-18,26.2,16.1,20.4,0.1,0.1,1.0,13.2,30.2,313,14.79
2019-02-19,28.0,19.3,22.8,0.9,0.9,3.0,14.8,32.0,137,7.83
2019-02-20,29.2,17.7,22.9,0.6,0.6,4.0,13.0,34.9,331,18.86
2019-02-21,27.1,18.6,21.9,1.7,1.7,10.0,15.9,32.8,335,15.21
2019-02-22,26.2,16.4,20.1,0.6,0.6,5.0,24.1,51.5,358,19.11
2019-02-23,23.6,13.5,17.7,0.5,0.5,2.0,19.5,43.6,356,17.66
2019-02-24,19.0,13.5,16.0,16.1,16.1,22.0,16.5,51.1,2,8.13
2019-02-25,23.3,14.4,17.8,0.8,0.8,4.0,18.4,39.6,358,19.69
2019-02-26,24.8,14.2,19.0,0.0,0.0,0.0,12.0,28.8,346,17.92
2019-02-27,26.1,15.7,20.5,0.0,0.0,0.0,8.0,23.0,338,19.85
2019-02-28,27.3,17.5,21.2,0.1,0.1,1.0,16.3,34.2,1,18.19
2019-03-01,26.8,16.3,20.5,0.0,0.0,0.0,15.1,33.1,347,19.76
2019-03-02,27.1,16.1,21.4,0.2,0.2,2.0,13.3,32.8,299,19.12
2019-03-03,25.2,16.3,20.0,44.3,44.3,10.0,18.1,35.6,65,4.86
2019-03-04,24.5,14.5,18.6,0.0,0.0,0.0,15.5,34.9,6,21.53
2019-03-05,26.0,14.2,19.5,0.5,0.5,3.0,17.1,32.0,257,11.04
2019-03-06,26.6,14.9,19.4,14.1,14.1,13.0,22.5,47.5,3,17.34
2019-03-07,16.2,12.2,14.4,30.3,30.3,22.0,20.2,38.9,9,2.88
2019-03-08,19.2,12.0,15.5,26.2,26.2,16.0,15.2,31.0,16,5.91
2019-03-09,22.7,15.1,19.4,33.0,33.0,22.0,12.3,52.9,143,7.43
2019-03-10,21.8,16.4,18.5,26.1,26.1,14.0,18.3,51.8,357,10.87
2019-03-11,21.2,14.8,17.4,8.8,8.8,21.0,8.9,29.2,1,9.59
2019-03-12,24.2,13.3,18.4,0.7,0.7,3.0,14.9,29.9,42,21.32
2019-03-13,24.5,16.6,20.0,0.0,0.0,0.0,13.6,26.6,141,17.74
2019-03-14,24.1,15.5,19.6,1.5,1.5,5.0,18.4,36.0,3,18.8
2019-03-15,20.7,14.8,17.6,1.8,1.8,4.0,22.7,46.4,6,12.83
2019-03-16,24.7,15.6,19.7,2.8,2.8,7.0,12.2,43.2,153,16.43
2019-03-17,23.8,17.2,20.0,0.0,0.0,0.0,14.4,31.3,10,16.52
2019-03-18,25.3,16.7,20.6,0.4,0.4,2.0,9.0,32.4,298,17.7
2019-03-19,28.0,16.1,22.2,0.0,0.0,0.0,11.5,27.4,12,22.02
2019-03-20,28.9,18.0,23.2,0.0,0.0,0.0,16.4,36.7,185,21.16
2019-03-21,30.1,19.0,23.7,0.1,0.1,1.0,14.7,32.8,182,22.06
2019-03-22,27.3,17.8,21.9,1.4,1.4,5.0,16.6,33.8,3,19.5
2019-03-23,20.8,14.3,16.9,13.3,13.3,20.0,22.1,44.6,7,9.45
2019-03-24,20.9,14.1,17.3,14.9,14.9,11.0,15.8,31.3,130,4.89
2019-03-25,21.7,16.2,18.7,6.5,6.5,9.0,13.4,45.7,1,10.33
2019-03-26,27.1,14.3,20.2,0.0,0.0,0.0,14.2,28.1,347,22.84
2019-03-27,26.9,16.3,21.3,0.0,0.0,0.0,12.9,29.9,221,22.62
2019-03-28,29.7,18.9,23.7,0.7,0.7,4.0,14.8,36.4,191,22.13
2019-03-29,26.9,17.8,23.2,7.8,7.8,13.0,25.5,50.4,202,17.1
2019-03-30,26.5,18.6,21.9,15.2,15.2,11.0,17.1,50.4,12,19.61
2019-03-31,27.0,17.9,21.7,3.6,3.6,11.0,13.8,27.0,5,19.89
2019-04-01,21.0,15.5,18.1,3.4,3.4,10.0,11.2,31.0,11,9.6
2019-04-02,26.1,17.2,20.8,0.1,0.1,1.0,10.8,34.2,224,20.19
2019-04-03,25.1,17.7,20.5,2.3,2.3,6.0,18.7,39.6,357,20.31
2019-04-04,26.9,17.1,21.6,0.3,0.3,2.0,15.1,32.8,346,22.04
2019-04-05,27.1,18.1,22.2,3.3,3.3,8.0,15.6,34.9,348,22.82
2019-04-06,27.5,17.4,22.8,0.0,0.0,0.0,11.5,27.4,221,23.85
2019-04-07,28.6,19.4,23.4,0.9,0.9,3.0,12.9,30.2,195,21.28
2019-04-08,29.3,20.2,24.3,1.0,1.0,4.0,7.1,26.6,194,22.89
2019-04-09,32.3,20.2,25.3,0.1,0.1,1.0,17.5,37.1,197,23.7
2019-04-10,31.2,21.4,25.2,0.0,0.0,0.0,14.3,31.7,219,23.95
2019-04-11,28.3,18.9,23.3,4.9,4.9,9.0,14.5,34.6,305,21.12
2019-04-12,26.4,17.1,21.1,3.3,3.3,7.0,18.4,37.8,354,21.36
2019-04-13,27.1,18.2,21.9,3.2,3.2,12.0,11.2,25.6,347,16.93
2019-04-14,28.4,19.7,23.1,10.8,10.8,11.0,17.7,37.4,4,20.41
2019-04-15,25.3,18.4,21.8,14.1,14.1,24.0,14.4,40.0,5,17.39
2019-04-16,23.1,19.2,20.8,18.5,18.5,23.0,11.5,37.1,336,6.54
2019-04-17,26.9,18.6,22.2,1.6,1.6,6.0,13.6,31.0,3,24.39
2019-04-18,27.6,20.8,23.6,0.0,0.0,0.0,7.9,21.2,205,19.68
2019-04-19,27.0,20.4,23.3,41.7,41.7,18.0,15.7,37.4,133,11.19
2019-04-20,29.7,20.6,24.2,37.3,37.3,21.0,10.9,32.0,148,17.94
2019-04-21,28.7,21.5,24.2,37.8,37.8,21.0,12.3,34.2,163,18.03
2019-04-22,29.7,21.8,24.9,30.4,30.4,11.0,10.6,28.8,150,20.45
2019-04-23,30.5,21.8,25.9,1.4,1.4,6.0,13.8,29.5,184,23.71
2019-04-24,31.0,22.2,26.1,0.0,0.0,0.0,14.7,32.4,183,23.96
2019-04-25,30.3,21.8,25.5,0.0,0.0,0.0,15.9,34.9,180,25.63
2019-04-26,28.9,21.5,24.8,8.4,8.4,10.0,7.2,21.6,105,21.51
2019-04-27,28.4,21.2,24.5,9.8,9.8,8.0,9.4,23.8,155,16.32
2019-04-28,27.7,20.9,24.2,3.3,3.3,7.0,9.7,25.6,46,17.15
2019-04-29,29.4,20.8,25.0,8.2,8.2,11.0,9.5,28.4,183,22.68
2019-04-30,28.4,22.4,24.9,23.0,23.0,11.0,16.4,38.9,155,18.03
2019-05-01,24.9,20.2,22.1,31.9,31.9,14.0,21.2,47.2,15,13.48
2019-05-02,25.2,19.7,22.1,24.3,24.3,20.0,10.9,34.2,218,12.67
2019-05-03,25.9,19.1,22.0,6.8,6.8,8.0,10.8,24.5,57,15.4
2019-05-04,27.2,20.7,23.6,0.5,0.5,5.0,11.8,35.6,166,21.38
2019-05-05,26.7,19.6,23.0,6.0,6.0,12.0,8.6,20.9,330,16.87
2019-05-06,23.9,19.2,21.3,26.7,26.7,24.0,13.0,25.9,7,5.86
2019-05-07,23.2,18.3,20.3,18.0,18.0,19.0,17.0,45.7,14,15.6
2019-05-08,26.1,19.5,22.7,3.0,3.0,12.0,9.7,22.0,352,16.17
2019-05-09,25.3,20.4,22.6,5.6,5.6,13.0,13.7,29.2,25,9.13
2019-05-10,27.6,21.2,23.8,17.8,17.8,14.0,11.6,28.1,6,14.53
2019-05-11,29.1,20.3,25.0,0.3,0.3,3.0,8.0,20.5,41,23.22
2019-05-12,29.4,21.4,25.4,0.1,0.1,1.0,6.2,17.3,164,24.38
2019-05-13,29.4,21.6,25.6,0.8,0.8,4.0,9.5,23.8,194,24.9
2019-05-14,30.5,22.1,26.0,3.1,3.1,11.0,9.4,26.6,195,25.16
2019-05-15,28.8,23.5,25.7,31.0,31.0,18.0,11.3,33.5,181,18.8
2019-05-16,30.1,23.8,26.1,26.3,26.3,21.0,14.5,34.2,163,19.59
2019-05-17,27.9,23.7,25.6,40.7,40.7,22.0,13.7,36.0,160,11.82
2019-05-18,28.8,23.2,25.6,37.1,37.1,18.0,15.6,39.6,157,14.39
2019-05-19,30.5,23.9,26.5,18.9,18.9,10.0,14.0,37.4,157,19.31
2019-05-20,29.4,22.4,24.9,58.3,58.3,17.0,12.8,30.2,162,10.25
2019-05-21,27.4,21.8,24.0,36.0,36.0,20.0,10.2,33.1,338,13.78
2019-05-22,28.0,20.9,24.1,2.8,2.8,6.0,13.3,28.1,323,22.72
2019-05-23,26.4,20.8,23.6,3.7,3.7,17.0,14.1,32.0,359,19.22
2019-05-24,28.2,21.7,24.6,5.7,5.7,15.0,9.0,24.8,194,21.37
2019-05-25,28.3,22.0,25.1,0.8,0.8,6.0,9.3,23.0,325,20.93
2019-05-26,29.3,22.5,26.0,2.4,2.4,10.0,6.1,19.8,244,21.81
2019-05-27,27.7,23.6,25.5,19.9,19.9,15.0,9.3,30.6,180,14.36
2019-05-28,26.0,22.4,24.1,11.5,11.5,15.0,11.4,22.0,350,7.62
2019-05-29,27.8,20.9,23.5,2.1,2.1,5.0,13.8,29.5,356,15.17
2019-05-30,28.2,20.5,24.8,6.5,6.5,12.0,9.9,25.9,200,21.23
2019-05-31,29.9,23.2,26.0,19.6,19.6,13.0,10.8,27.0,193,23.08
2019-06-01,30.0,23.1,25.4,42.1,42.1,17.0,17.2,35.6,182,16.54
2019-06-02,29.3,23.4,26.1,35.7,35.7,13.0,18.4,44.6,171,16.9
2019-06-03,30.1,23.9,26.4,1.4,1.4,3.0,15.7,42.8,166,12.27
2019-06-04,28.3,23.9,25.5,38.0,38.0,10.0,9.8,28.1,157,9.79
2019-06-05,30.5,23.0,26.4,3.9,3.9,6.0,6.9,25.9,170,23.09
2019-06-06,30.9,24.2,27.3,5.8,5.8,8.0,13.7,34.2,174,22.43
2019-06-07,30.5,24.1,26.9,6.6,6.6,7.0,14.2,39.6,164,20.91
2019-06-08,30.8,24.2,27.3,1.6,1.6,6.0,13.8,32.4,176,20.49
2019-06-09,30.0,24.8,26.9,6.2,6.2,10.0,16.6,41.8,167,18.08
2019-06-10,28.8,23.8,26.0,16.5,16.5,17.0,13.9,37.4,155,10.32
2019-06-11,26.6,22.7,24.3,61.1,61.1,22.0,15.3,33.8,162,7.1
2019-06-12,27.7,23.3,24.7,63.1,63.1,21.0,14.3,35.6,139,7.84
2019-06-13,28.0,22.8,25.0,37.7,37.7,23.0,13.7,42.1,147,8.07
2019-06-14,26.6,23.3,24.6,43.8,43.8,19.0,18.3,38.5,122,10.9
2019-06-15,29.9,21.5,25.5,0.0,0.0,0.0,13.4,29.9,22,28.28
2019-06-16,30.7,22.1,26.3,8.5,8.5,9.0,9.2,27.0,185,22.85
2019-06-17,30.1,23.6,26.8,11.9,11.9,13.0,7.6,32.0,208,20.43
2019-06-18,31.9,24.6,27.6,10.0,10.0,4.0,11.5,34.2,165,21.45
2019-06-19,31.3,25.1,28.0,2.1,2.1,9.0,14.1,31.3,185,24.83
2019-06-20,30.7,24.7,27.6,1.8,1.8,7.0,12.7,30.6,179,22.32
2019-06-21,30.9,24.2,27.7,1.7,1.7,9.0,15.4,34.6,176,24.31
2019-06-22,31.4,25.9,28.1,1.8,1.8,8.0,16.3,34.2,174,21.42
2019-06-23,29.0,24.3,26.5,4.9,4.9,11.0,13.1,32.0,145,8.14
2019-06-24,26.6,22.9,24.8,14.3,14.3,21.0,7.8,22.7,136,6.36
2019-06-25,29.1,23.0,25.2,23.0,23.0,12.0,9.6,25.6,176,12.85
2019-06-26,27.0,24.0,25.2,17.6,17.6,20.0,10.9,24.5,152,9.53
2019-06-27,29.6,23.8,26.4,9.6,9.6,10.0,13.3,36.7,175,20.21
2019-06-28,31.4,23.8,27.2,2.6,2.6,6.0,10.7,25.2,182,22.93
2019-06-29,30.4,24.9,27.3,4.6,4.6,8.0,12.2,31.0,177,19.25
2019-06-30,30.0,24.6,27.3,12.2,12.2,8.0,11.8,30.2,195,17.45
2019-07-01,30.6,24.7,27.9,0.2,0.2,1.0,16.6,34.9,353,19.54
2019-07-02,29.5,25.8,27.0,12.4,12.4,12.0,19.8,45.4,188,16.04
2019-07-03,31.0,25.0,27.4,5.7,5.7,10.0,17.7,54.4,191,17.81
2019-07-04,31.9,24.3,27.7,5.4,5.4,11.0,19.4,45.7,180,19.95
2019-07-05,30.4,25.6,27.3,7.8,7.8,11.0,20.4,43.6,178,18.44
2019-07-06,29.2,25.4,27.0,12.4,12.4,13.0,16.2,42.1,172,15.62
2019-07-07,31.6,25.3,27.6,4.7,4.7,8.0,18.8,44.6,182,22.32
2019-07-08,30.6,24.6,27.0,11.0,11.0,8.0,16.9,42.1,181,19.14
2019-07-09,30.6,24.3,27.0,11.4,11.4,10.0,16.9,42.8,169,18.52
2019-07-10,30.3,25.2,27.2,15.6,15.6,13.0,19.9,50.8,178,20.36
2019-07-11,30.8,24.0,27.0,11.6,11.6,15.0,14.9,40.3,178,18.5
2019-07-12,31.2,24.6,27.4,9.4,9.4,7.0,13.8,33.1,176,22.83
2019-07-13,31.1,24.6,27.7,2.2,2.2,9.0,20.3,45.4,177,24.27
2019-07-14,30.3,24.3,27.5,2.8,2.8,10.0,15.0,33.5,172,22.29
2019-07-15,31.4,24.5,27.9,0.5,0.5,3.0,8.2,23.8,210,24.81
2019-07-16,30.9,24.7,27.9,0.0,0.0,0.0,16.9,36.4,336,23.31
2019-07-17,32.8,23.2,28.5,0.0,0.0,0.0,12.8,24.1,303,24.45
2019-07-18,29.4,25.7,27.0,28.1,28.1,17.0,11.5,24.1,172,11.48
2019-07-19,31.0,24.4,27.1,5.5,5.5,10.0,14.4,30.2,168,20.53
2019-07-20,29.9,24.7,26.9,32.0,32.0,17.0,15.5,39.6,165,12.19
2019-07-21,29.9,24.3,27.1,0.9,0.9,6.0,15.5,34.9,157,19.67
2019-07-22,30.9,23.7,26.4,3.4,3.4,10.0,12.2,31.0,162,20.43
2019-07-23,30.3,22.9,26.0,10.0,10.0,8.0,10.0,32.0,163,20.85
2019-07-24,30.2,23.9,26.6,5.4,5.4,9.0,12.2,28.4,180,19.96
2019-07-25,30.6,25.0,27.1,3.0,3.0,8.0,11.2,25.2,174,19.03
2019-07-26,31.0,24.6,27.3,2.5,2.5,8.0,10.0,23.0,163,19.21
2019-07-27,30.3,24.5,26.5,31.0,31.0,13.0,16.1,33.5,167,17.29
2019-07-28,29.4,23.4,26.2,6.6,6.6,7.0,8.7,22.0,158,18.7
2019-07-29,31.5,23.9,27.6,0.1,0.1,1.0,12.6,27.4,8,23.67
2019-07-30,31.4,24.3,27.9,0.0,0.0,0.0,9.7,23.8,52,23.23
2019-07-31,31.2,24.3,27.7,0.9,0.9,7.0,12.9,27.0,180,19.74
2019-08-01,29.9,25.1,27.1,4.5,4.5,9.0,18.2,38.2,17,19.67
2019-08-02,29.7,24.0,26.3,13.1,13.1,11.0,10.2,24.1,133,19.56
2019-08-03,29.9,23.8,26.7,3.5,3.5,6.0,8.8,21.6,128,19.61
2019-08-04,31.2,24.6,27.9,0.1,0.1,1.0,10.8,24.8,177,22.36
2019-08-05,30.3,25.0,27.6,0.8,0.8,3.0,11.4,22.0,164,18.1
2019-08-06,30.5,25.1,27.3,7.6,7.6,14.0,12.0,30.2,138,18.14
2019-08-07,31.3,25.2,28.0,1.4,1.4,5.0,10.9,26.3,220,18.86
2019-08-08,31.9,25.4,27.9,4.8,4.8,12.0,24.5,50.4,11,17.87
2019-08-09,28.5,25.2,26.2,26.0,26.0,23.0,23.2,48.2,344,9.37
2019-08-10,29.1,25.1,27.1,49.9,49.9,24.0,28.9,62.3,176,16.08
2019-08-11,29.5,24.4,26.6,31.5,31.5,19.0,16.2,38.5,162,14.57
2019-08-12,30.1,24.9,26.9,47.6,47.6,19.0,13.7,32.0,163,15.68
2019-08-13,30.3,24.2,26.4,22.2,22.2,18.0,14.5,30.6,171,17.0
2019-08-14,30.9,24.6,27.1,33.8,33.8,19.0,13.8,31.7,182,21.0
2019-08-15,28.1,24.5,25.9,72.8,72.8,24.0,19.5,44.6,187,11.48
2019-08-16,28.2,24.2,25.4,93.4,93.4,24.0,18.4,45.7,172,8.78
2019-08-17,29.8,24.2,26.1,38.9,38.9,24.0,13.9,31.0,167,17.08
2019-08-18,27.4,23.9,25.3,34.0,34.0,24.0,13.4,29.9,171,9.76
2019-08-19,28.3,23.1,25.0,82.8,82.8,23.0,13.0,27.4,176,10.7
2019-08-20,29.0,23.8,25.5,10.7,10.7,12.0,9.2,20.2,58,13.73
2019-08-21,27.9,23.9,25.8,18.2,18.2,22.0,9.0,18.4,2,8.92
2019-08-22,30.4,24.3,27.0,4.8,4.8,7.0,9.3,23.0,125,20.69
2019-08-23,30.6,25.3,28.0,0.1,0.1,1.0,13.4,30.2,275,21.17
2019-08-24,32.8,24.9,27.3,23.2,23.2,17.0,25.5,51.1,27,12.0
2019-08-25,31.3,24.9,26.6,14.9,14.9,14.0,12.3,43.6,59,13.76
2019-08-26,30.8,23.9,26.8,2.8,2.8,4.0,9.8,23.0,77,19.93
2019-08-27,30.5,24.1,26.9,0.0,0.0,0.0,14.7,31.7,355,19.64
2019-08-28,31.7,23.7,27.5,0.0,0.0,0.0,9.7,22.3,188,23.3
2019-08-29,29.7,24.9,27.3,2.9,2.9,10.0,12.1,25.2,168,15.53
2019-08-30,29.2,24.7,26.2,20.1,20.1,12.0,11.5,26.3,334,12.63
2019-08-31,30.1,23.4,26.6,0.2,0.2,2.0,13.7,28.8,184,20.2
2019-09-01,31.2,23.5,27.3,0.0,0.0,0.0,8.6,16.9,152,20.01
2019-09-02,31.0,24.1,27.3,0.5,0.5,3.0,9.9,18.7,169,21.09
2019-09-03,30.2,23.6,26.9,1.2,1.2,8.0,12.7,27.7,104,19.88
2019-09-04,28.5,23.8,25.7,23.8,23.8,13.0,8.3,21.6,146,13.11
2019-09-05,29.1,23.0,25.6,13.3,13.3,8.0,9.9,23.4,27,16.83
2019-09-06,30.3,23.6,26.4,2.1,2.1,8.0,11.1,23.8,188,20.38
2019-09-07,30.1,23.3,26.3,9.7,9.7,10.0,6.8,17.6,161,19.28
2019-09-08,29.7,23.2,26.3,6.3,6.3,15.0,7.6,20.2,160,21.28
2019-09-09,30.1,22.5,26.3,0.1,0.1,1.0,10.5,23.4,47,21.71
2019-09-10,29.4,24.7,26.6,0.7,0.7,6.0,8.0,20.5,183,16.26
2019-09-11,31.0,23.7,27.1,0.1,0.1,1.0,10.8,24.8,133,21.2
2019-09-12,30.4,24.2,27.5,0.1,0.1,1.0,10.9,25.6,170,20.2
2019-09-13,29.9,25.1,27.5,0.2,0.2,2.0,9.0,21.6,255,16.59
2019-09-14,30.4,25.0,27.2,3.9,3.9,11.0,18.5,38.2,359,18.09
2019-09-15,28.7,23.8,26.1,10.2,10.2,15.0,16.6,35.3,358,15.76
2019-09-16,30.4,23.7,26.2,0.5,0.5,2.0,21.9,44.3,17,17.11
2019-09-17,30.0,22.4,25.8,0.1,0.1,1.0,17.7,35.3,11,18.32
2019-09-18,29.7,23.1,25.6,0.0,0.0,0.0,24.5,48.2,18,18.67
2019-09-19,28.0,22.8,24.7,0.0,0.0,0.0,31.6,63.0,18,17.6
2019-09-20,27.0,22.5,24.1,0.0,0.0,0.0,43.3,87.5,11,19.8
2019-09-21,26.6,21.7,23.7,0.7,0.7,3.0,39.7,87.5,5,14.7
2019-09-22,29.8,21.7,25.1,0.0,0.0,0.0,17.0,35.6,20,20.88
2019-09-23,29.2,19.4,23.7,0.0,0.0,0.0,18.9,39.6,24,23.65
2019-09-24,29.1,19.5,24.4,0.0,0.0,0.0,15.8,32.8,44,20.27
2019-09-25,30.3,21.4,25.4,0.0,0.0,0.0,16.2,34.9,10,21.01
2019-09-26,29.4,21.6,25.7,0.2,0.2,2.0,9.0,24.1,189,18.21
2019-09-27,30.4,21.2,26.1,0.8,0.8,5.0,11.0,28.4,198,16.92
2019-09-28,31.0,22.8,26.6,0.7,0.7,4.0,7.6,21.6,46,17.54
2019-09-29,31.5,22.8,27.3,0.0,0.0,0.0,13.4,31.7,275,18.88
2019-09-30,29.5,23.1,25.5,17.1,17.1,10.0,21.0,55.4,18,7.05
2019-10-01,29.7,22.2,25.3,2.2,2.2,13.0,24.5,60.1,17,18.97
2019-10-02,31.1,21.7,26.2,0.4,0.4,1.0,10.2,23.4,154,20.78
2019-10-03,30.3,21.6,25.6,0.9,0.9,2.0,8.9,23.8,114,18.63
2019-10-04,28.9,22.7,25.5,1.2,1.2,5.0,7.2,19.8,82,17.02
2019-10-05,29.9,23.5,26.1,0.2,0.2,2.0,8.8,23.4,162,17.45
2019-10-06,30.5,22.5,26.5,0.5,0.5,4.0,8.4,23.8,163,19.2
2019-10-07,29.9,22.7,26.2,0.0,0.0,0.0,9.1,23.4,40,18.7
2019-10-08,29.9,22.8,26.1,0.0,0.0,0.0,14.1,29.2,91,15.56
2019-10-09,29.7,23.4,26.1,1.5,1.5,8.0,9.7,22.7,60,15.89
2019-10-10,30.0,21.8,25.2,0.4,0.4,3.0,14.3,31.7,5,20.35
2019-10-11,29.4,21.6,25.3,0.1,0.1,1.0,12.6,29.5,16,18.97
2019-10-12,31.0,22.9,26.3,0.3,0.3,3.0,12.6,28.1,18,16.69
2019-10-13,30.2,23.0,25.8,1.0,1.0,6.0,17.2,37.4,7,15.75
2019-10-14,29.6,22.0,24.8,0.0,0.0,0.0,22.6,46.4,13,16.38
2019-10-15,29.2,21.3,24.0,0.0,0.0,0.0,29.2,59.8,15,18.94
2019-10-16,29.1,20.7,23.8,0.1,0.1,1.0,22.0,45.4,14,18.4
2019-10-17,29.2,20.2,23.6,0.0,0.0,0.0,29.1,60.5,15,19.86
2019-10-18,28.8,20.2,23.2,0.0,0.0,0.0,27.5,55.8,13,17.88
2019-10-19,27.6,19.6,22.6,0.0,0.0,0.0,25.2,52.6,17,15.14
2019-10-20,28.1,19.8,22.9,0.0,0.0,0.0,23.4,49.0,11,18.85
2019-10-21,28.7,19.9,23.3,0.1,0.1,1.0,21.5,45.7,17,15.6
2019-10-22,30.6,19.7,24.6,0.0,0.0,0.0,18.1,39.2,352,17.77
2019-10-23,30.2,19.6,24.1,0.2,0.2,2.0,19.9,41.4,9,18.67
2019-10-24,30.2,19.7,24.4,0.0,0.0,0.0,19.1,42.5,12,18.74
2019-10-25,30.7,19.4,24.6,0.0,0.0,0.0,18.8,41.4,8,18.15
2019-10-26,30.6,20.4,24.6,0.8,0.8,2.0,17.6,38.2,354,18.13
2019-10-27,30.6,20.0,24.4,1.4,1.4,3.0,17.3,38.5,348,18.21
2019-10-28,30.6,20.4,23.9,0.2,0.2,1.0,20.6,43.2,358,18.93
2019-10-29,27.7,19.2,22.9,0.0,0.0,0.0,22.8,49.0,10,18.86
2019-10-30,31.1,20.7,24.6,0.2,0.2,2.0,17.7,36.7,4,17.21
2019-10-31,32.1,20.9,25.6,0.1,0.1,1.0,12.1,28.1,11,15.35
2019-11-01,31.9,22.0,26.2,0.0,0.0,0.0,16.9,34.2,5,17.0
2019-11-02,31.9,21.2,25.9,0.0,0.0,0.0,16.3,36.0,347,16.91
2019-11-03,30.8,20.1,24.4,0.0,0.0,0.0,21.3,45.0,5,16.74
2019-11-04,28.3,20.5,22.8,0.0,0.0,0.0,30.5,62.3,11,15.25
2019-11-05,29.5,19.3,23.2,0.0,0.0,0.0,26.3,54.7,11,18.14
2019-11-06,30.7,18.9,23.6,0.0,0.0,0.0,19.1,41.4,5,17.85
2019-11-07,30.0,18.1,23.0,0.0,0.0,0.0,21.6,45.4,6,18.13
2019-11-08,28.2,18.6,21.9,0.0,0.0,0.0,29.3,60.1,12,18.28
2019-11-09,27.3,17.7,21.1,0.0,0.0,0.0,22.5,46.4,17,17.63
2019-11-10,28.3,15.7,21.3,0.0,0.0,0.0,17.3,37.8,3,18.4
2019-11-11,29.2,14.9,21.5,0.0,0.0,0.0,14.7,31.7,31,18.41
2019-11-12,28.9,16.5,22.4,0.0,0.0,0.0,14.0,30.2,43,17.97
2019-11-13,29.0,17.2,22.5,0.0,0.0,0.0,23.0,46.8,5,17.2
2019-11-14,26.3,18.4,21.1,0.0,0.0,0.0,26.5,54.0,15,16.44
2019-11-15,28.6,17.1,22.0,0.0,0.0,0.0,17.4,38.5,355,16.08
2019-11-16,29.0,17.2,22.5,0.0,0.0,0.0,12.2,28.4,201,16.92
2019-11-17,29.7,17.6,23.0,0.0,0.0,0.0,13.9,33.1,5,17.72
2019-11-18,30.3,18.6,22.3,0.0,0.0,0.0,29.9,61.2,5,15.52
2019-11-19,23.2,17.0,19.0,0.0,0.0,0.0,30.2,62.6,11,14.28
2019-11-20,27.0,16.1,20.1,0.0,0.0,0.0,20.6,42.8,18,12.01
2019-11-21,29.3,16.3,22.1,0.0,0.0,0.0,24.9,50.8,5,16.68
2019-11-22,29.1,19.7,23.1,0.0,0.0,0.0,22.9,46.4,8,14.12
2019-11-23,30.0,19.3,23.8,0.8,0.8,4.0,15.9,32.0,353,15.6
2019-11-24,31.1,19.7,24.5,0.0,0.0,0.0,17.7,39.2,10,15.75
2019-11-25,28.8,19.5,22.7,0.0,0.0,0.0,21.7,45.4,10,13.81
2019-11-26,29.8,18.4,22.8,0.0,0.0,0.0,16.7,34.6,7,15.17
2019-11-27,30.5,18.5,22.7,0.0,0.0,0.0,16.9,35.3,2,15.69
2019-11-28,24.4,15.3,19.1,0.0,0.0,0.0,33.4,68.0,10,16.29
2019-11-29,25.0,15.2,19.3,0.0,0.0,0.0,21.7,45.4,20,12.75
2019-11-30,26.5,15.2,20.6,0.0,0.0,0.0,12.3,30.6,253,16.11
2019-12-01,28.3,17.0,21.2,0.0,0.0,0.0,17.2,38.2,359,15.75
2019-12-02,20.4,12.8,16.4,0.0,0.0,0.0,37.1,75.6,9,16.3
2019-12-03,22.5,11.6,15.9,0.0,0.0,0.0,22.9,46.8,17,15.71
2019-12-04,22.3,13.0,16.2,1.2,1.2,3.0,22.7,47.2,17,9.84
2019-12-05,14.9,13.0,13.9,31.4,31.4,23.0,30.3,60.8,9,3.75
2019-12-06,15.0,12.9,14.0,23.7,23.7,24.0,32.7,66.2,8,2.61
2019-12-07,17.0,12.2,13.9,1.4,1.4,7.0,33.6,67.7,11,10.22
2019-12-08,19.8,11.4,14.8,0.1,0.1,1.0,21.3,44.3,21,15.13
2019-12-09,20.1,11.1,15.6,0.0,0.0,0.0,8.0,21.6,99,10.51
2019-12-10,23.0,14.0,17.5,0.0,0.0,0.0,10.5,21.6,73,14.64
2019-12-11,23.6,14.1,17.6,0.0,0.0,0.0,24.9,51.1,18,16.14
2019-12-12,24.4,14.3,18.6,0.0,0.0,0.0,7.1,20.5,32,15.65
2019-12-13,25.0,12.8,18.0,0.0,0.0,0.0,16.1,34.9,25,15.88
2019-12-14,26.1,12.7,19.0,0.0,0.0,0.0,9.0,24.1,53,15.96
2019-12-15,27.5,15.1,20.1,0.0,0.0,0.0,10.5,26.3,54,15.75
2019-12-16,27.0,14.1,20.0,0.0,0.0,0.0,8.9,20.5,58,15.72
2019-12-17,28.6,17.1,22.1,0.0,0.0,0.0,12.1,28.1,28,15.47
2019-12-18,27.9,17.8,21.5,0.0,0.0,0.0,18.0,37.8,17,14.96
2019-12-19,26.6,16.2,19.9,0.0,0.0,0.0,18.0,37.8,2,15.23
2019-12-20,24.8,15.6,19.5,0.4,0.4,3.0,20.5,40.3,4,11.4
2019-12-21,26.2,15.3,20.0,0.0,0.0,0.0,15.1,34.2,348,13.69
2019-12-22,25.4,16.7,20.1,3.2,3.2,11.0,16.0,34.2,356,11.82
2019-12-23,25.7,14.3,19.0,0.0,0.0,0.0,16.6,36.0,6,15.57
2019-12-24,25.7,13.9,18.7,0.0,0.0,0.0,16.2,35.6,15,15.38
2019-12-25,26.2,14.0,19.5,0.0,0.0,0.0,10.4,20.5,24,10.11
2019-12-26,27.8,15.9,20.3,0.0,0.0,0.0,22.2,44.6,14,15.15
2019-12-27,21.0,13.0,16.0,0.0,0.0,0.0,24.5,49.0,9,15.01
2019-12-28,25.5,12.7,19.1,0.0,0.0,0.0,9.2,21.6,292,14.14
2019-12-29,18.6,17.4,17.9,35.6,35.6,19.0,10.7,24.8,338,1.88
2019-12-30,21.4,17.4,18.9,24.3,24.3,23.0,15.1,32.4,2,4.72
2019-12-31,19.4,13.8,16.3,13.0,13.0,16.0,24.9,51.8,12,12.05
2020-01-01,21.6,14.1,16.9,0.0,0.0,0.0,12.9,25.9,32,10.2
2020-01-02,22.8,12.0,17.2,0.0,0.0,0.0,7.6,20.2,35,15.47
2020-01-03,23.0,12.9,17.6,0.0,0.0,0.0,6.4,15.5,132,15.77
2020-01-04,23.0,14.1,18.1,0.0,0.0,0.0,8.8,20.5,146,14.61
2020-01-05,24.3,14.2,18.7,0.0,0.0,0.0,9.1,23.0,186,14.78
2020-01-06,22.6,14.7,18.5,0.0,0.0,0.0,8.6,21.6,26,13.25
2020-01-07,24.4,16.1,19.3,0.0,0.0,0.0,9.1,22.7,148,15.2
2020-01-08,23.3,14.5,18.5,0.0,0.0,0.0,20.7,42.8,13,16.44
2020-01-09,24.3,13.1,17.6,0.0,0.0,0.0,13.1,27.4,10,15.34
2020-01-10,24.0,12.8,18.0,0.0,0.0,0.0,8.9,19.8,355,16.25
2020-01-11,23.7,14.1,18.0,0.0,0.0,0.0,14.6,29.5,3,14.14
2020-01-12,18.8,12.4,15.1,0.0,0.0,0.0,26.6,55.8,7,15.92
2020-01-13,21.7,11.8,15.3,14.1,14.1,12.0,13.2,35.6,355,14.85
2020-01-14,22.8,11.3,16.1,0.1,0.1,1.0,23.8,50.4,18,16.68
2020-01-15,22.8,11.1,16.7,0.0,0.0,0.0,10.1,20.9,25,16.69
2020-01-16,23.8,12.2,17.2,1.3,1.3,3.0,12.4,28.8,8,16.06
2020-01-17,20.5,12.3,15.8,0.0,0.0,0.0,23.4,49.3,9,16.17
2020-01-18,19.8,11.4,14.4,0.0,0.0,0.0,20.9,43.6,2,16.72
2020-01-19,20.3,12.3,15.3,0.4,0.4,4.0,17.1,38.5,357,14.91
2020-01-20,22.9,12.1,16.6,0.0,0.0,0.0,15.9,34.2,7,17.01
2020-01-21,24.0,12.0,17.5,0.0,0.0,0.0,6.8,15.8,40,17.18
2020-01-22,26.5,13.3,19.6,0.0,0.0,0.0,9.7,23.8,20,15.65
2020-01-23,26.9,16.6,21.1,0.0,0.0,0.0,14.1,30.6,21,15.13
2020-01-24,24.8,16.6,19.9,0.0,0.0,0.0,18.3,40.7,12,15.08
2020-01-25,23.5,16.4,19.2,1.3,1.3,4.0,17.8,39.2,1,13.81
2020-01-26,20.8,14.6,17.1,20.3,20.3,20.0,23.1,50.0,3,9.33
2020-01-27,18.1,11.5,14.6,0.2,0.2,2.0,21.2,45.7,358,14.29
2020-01-28,15.8,10.8,12.8,3.6,3.6,17.0,20.8,41.0,7,5.04
2020-01-29,16.1,9.0,11.8,0.0,0.0,0.0,25.6,53.3,4,17.97
2020-01-30,15.6,8.6,11.0,0.0,0.0,0.0,25.3,52.9,5,19.32
2020-01-31,17.9,5.8,11.1,0.0,0.0,0.0,19.0,39.2,29,19.22
2020-02-01,20.4,6.6,13.3,0.0,0.0,0.0,15.6,31.7,27,18.83
2020-02-02,21.8,8.1,15.3,0.0,0.0,0.0,12.3,28.1,359,18.33
2020-02-03,22.7,11.4,16.4,0.1,0.1,1.0,23.1,47.2,4,17.13
2020-02-04,20.6,14.0,16.3,0.3,0.3,2.0,15.1,34.2,7,7.92
2020-02-05,22.4,12.7,16.3,2.4,2.4,5.0,21.5,45.7,12,17.92
2020-02-06,24.7,12.5,18.2,0.0,0.0,0.0,11.6,29.2,283,18.02
2020-02-07,21.1,13.2,16.4,1.2,1.2,4.0,22.7,47.5,2,14.88
2020-02-08,21.3,12.5,15.5,0.0,0.0,0.0,25.9,54.0,6,18.69
2020-02-09,20.6,11.4,14.5,0.0,0.0,0.0,24.1,51.5,12,18.59
2020-02-10,24.6,10.7,16.9,0.0,0.0,0.0,13.4,32.0,224,18.5
2020-02-11,24.2,14.9,18.2,0.0,0.0,0.0,8.2,24.1,339,10.14
2020-02-12,27.0,14.7,20.2,1.1,1.1,4.0,11.0,23.4,63,16.18
2020-02-13,28.9,15.9,21.4,28.9,28.9,6.0,17.1,42.1,202,17.1
2020-02-14,25.6,17.3,21.5,0.7,0.7,4.0,10.7,34.6,324,14.39
2020-02-15,27.8,19.4,22.8,11.9,11.9,12.0,12.2,31.3,208,15.31
2020-02-16,20.7,9.7,15.3,10.3,10.3,15.0,32.0,65.9,358,8.68
2020-02-17,14.1,8.8,10.8,0.2,0.2,2.0,25.7,52.6,5,13.9
2020-02-18,18.4,7.0,11.8,0.0,0.0,0.0,19.0,38.9,23,19.4
2020-02-19,21.1,10.4,15.1,0.0,0.0,0.0,17.3,36.0,353,19.87
2020-02-20,24.0,11.1,16.6,0.0,0.0,0.0,14.4,30.6,32,19.17
2020-02-21,24.3,12.7,17.7,0.1,0.1,1.0,11.8,26.6,7,19.41
2020-02-22,25.6,13.0,18.3,0.0,0.0,0.0,19.9,41.8,15,19.95
2020-02-23,25.3,15.5,20.0,0.0,0.0,0.0,8.6,23.4,346,18.49
2020-02-24,26.2,16.0,20.3,0.0,0.0,0.0,10.7,26.6,200,18.35
2020-02-25,27.7,15.9,21.5,0.0,0.0,0.0,12.8,30.2,6,20.29
2020-02-26,28.0,18.4,22.3,1.0,1.0,4.0,14.5,32.8,11,18.1
2020-02-27,26.8,15.7,20.0,0.0,0.0,0.0,20.2,43.2,8,19.97
2020-02-28,27.0,15.3,21.0,0.6,0.6,3.0,9.3,25.6,211,20.01
2020-02-29,28.9,17.8,22.5,0.7,0.7,2.0,11.4,30.2,321,18.71
2020-03-01,28.6,16.6,21.6,1.3,1.3,6.0,14.8,32.4,349,19.57
2020-03-02,25.5,15.0,19.4,0.0,0.0,0.0,19.1,42.5,4,20.44
2020-03-03,27.0,14.6,20.4,0.0,0.0,0.0,14.1,31.7,358,19.85
2020-03-04,25.4,14.4,19.8,1.1,1.1,3.0,22.3,46.8,5,17.99
2020-03-05,20.9,13.5,16.1,7.8,7.8,11.0,19.8,42.8,14,13.11
2020-03-06,26.4,14.1,19.5,0.0,0.0,0.0,13.3,32.4,245,18.66
2020-03-07,28.5,16.6,21.8,0.0,0.0,0.0,11.6,37.1,229,20.05
2020-03-08,28.8,16.4,22.5,0.0,0.0,0.0,13.7,32.0,331,21.18
2020-03-09,32.4,19.0,24.3,0.4,0.4,3.0,26.2,58.0,205,18.83
2020-03-10,21.9,15.6,19.3,29.8,29.8,15.0,23.1,46.8,16,8.87
2020-03-11,24.1,13.4,18.5,0.1,0.1,1.0,12.4,27.7,334,16.98
2020-03-12,24.2,17.4,20.0,6.3,6.3,6.0,12.8,29.5,224,15.52
2020-03-13,25.5,18.1,21.0,9.7,9.7,14.0,12.6,31.3,343,16.61
2020-03-14,18.2,15.2,16.4,22.9,22.9,15.0,22.4,48.6,7,7.1
2020-03-15,21.8,11.8,16.3,0.0,0.0,0.0,14.8,32.0,25,21.64
2020-03-16,23.4,11.8,18.0,0.0,0.0,0.0,9.4,20.9,188,21.89
2020-03-17,25.2,14.3,19.3,0.0,0.0,0.0,12.9,29.2,332,19.65
2020-03-18,24.4,15.9,19.7,3.0,3.0,7.0,15.2,34.6,329,16.68
2020-03-19,24.7,17.6,20.7,5.0,5.0,14.0,11.4,29.9,4,14.81
2020-03-20,26.6,17.2,21.6,0.2,0.2,2.0,15.3,29.9,344,17.69
2020-03-21,27.9,16.6,22.0,0.0,0.0,0.0,10.7,25.9,216,20.71
2020-03-22,28.7,19.4,23.4,0.0,0.0,0.0,12.4,28.8,201,20.84
2020-03-23,29.0,19.5,23.1,0.5,0.5,3.0,16.6,36.7,8,21.8
2020-03-24,27.9,17.5,22.5,0.1,0.1,1.0,12.0,30.2,340,20.73
2020-03-25,28.4,18.6,23.2,0.1,0.1,1.0,12.5,29.9,351,20.4
2020-03-26,30.7,20.0,24.6,0.5,0.5,3.0,11.0,35.6,203,20.34
2020-03-27,29.9,21.3,24.2,16.0,16.0,11.0,11.3,32.4,169,19.07
2020-03-28,22.0,14.9,18.9,15.3,15.3,13.0,26.0,54.7,357,10.29
2020-03-29,25.0,12.6,18.5,0.1,0.1,1.0,18.9,36.7,345,22.54
2020-03-30,24.8,15.9,20.1,2.5,2.5,7.0,14.8,31.3,0,15.7
2020-03-31,26.6,17.5,21.6,5.5,5.5,11.0,13.9,34.9,305,19.61
2020-04-01,23.7,17.2,19.9,8.5,8.5,11.0,24.5,52.2,357,21.2
2020-04-02,23.3,16.6,19.3,6.7,6.7,7.0,14.6,31.7,348,13.32
2020-04-03,27.0,17.2,20.9,11.1,11.1,13.0,21.3,43.6,355,20.09
2020-04-04,22.6,15.9,18.8,2.4,2.4,7.0,20.9,43.6,3,14.3
2020-04-05,22.5,14.8,17.5,6.7,6.7,8.0,16.5,33.5,5,10.79
2020-04-06,23.6,15.2,18.4,27.6,27.6,21.0,14.8,29.2,345,12.67
2020-04-07,23.3,15.1,18.5,9.8,9.8,7.0,21.8,44.3,2,22.24
2020-04-08,24.7,14.7,19.5,2.3,2.3,4.0,14.4,35.3,355,20.07
2020-04-09,24.9,16.8,20.1,0.1,0.1,1.0,19.2,41.4,16,23.77
2020-04-10,26.1,15.1,21.0,2.2,2.2,7.0,8.3,21.2,154,22.87
2020-04-11,26.2,17.1,20.9,15.1,15.1,12.0,13.8,40.3,232,17.51
2020-04-12,19.1,14.2,17.0,6.8,6.8,4.0,37.1,75.2,1,24.84
2020-04-13,20.0,10.4,15.3,0.0,0.0,0.0,26.3,54.4,13,26.44
2020-04-14,22.9,11.7,17.6,0.0,0.0,0.0,7.8,20.5,176,13.18
2020-04-15,23.3,15.6,18.7,0.8,0.8,4.0,10.1,24.5,328,17.05
2020-04-16,26.5,14.0,19.8,0.0,0.0,0.0,9.7,24.1,198,25.52
2020-04-17,26.9,15.7,21.2,0.0,0.0,0.0,12.7,30.2,6,23.95
2020-04-18,28.8,18.2,23.7,0.1,0.1,1.0,10.8,27.0,6,23.14
2020-04-19,31.0,21.7,25.1,3.2,3.2,5.0,18.0,41.4,187,15.54
2020-04-20,30.4,19.7,25.0,0.0,0.0,0.0,12.3,35.6,312,24.52
2020-04-21,29.8,20.4,24.3,0.7,0.7,3.0,18.7,41.0,334,22.81
2020-04-22,27.1,18.2,21.5,6.4,6.4,10.0,19.8,42.1,2,19.73
2020-04-23,24.9,16.4,20.0,12.3,12.3,22.0,16.6,44.6,19,9.57
2020-04-24,23.2,15.9,19.0,7.2,7.2,16.0,12.0,29.2,10,14.91
2020-04-25,25.6,17.0,21.0,2.5,2.5,10.0,10.7,25.6,229,15.72
2020-04-26,26.0,18.6,21.2,1.2,1.2,7.0,17.3,38.9,16,14.43
2020-04-27,25.5,18.7,22.3,0.0,0.0,0.0,6.7,16.6,125,9.5
2020-04-28,27.8,18.6,23.1,0.0,0.0,0.0,10.0,22.0,46,20.52
2020-04-29,29.5,19.6,23.6,0.0,0.0,0.0,14.3,31.7,77,26.07
2020-04-30,29.9,18.0,23.9,0.0,0.0,0.0,11.5,27.4,26,26.33
2020-05-01,30.4,20.1,25.0,0.0,0.0,0.0,11.9,28.4,31,20.06
2020-05-02,32.8,22.0,26.6,0.8,0.8,3.0,15.7,38.2,237,24.18
2020-05-03,32.8,22.7,26.9,1.0,1.0,4.0,17.3,45.4,222,24.36
2020-05-04,34.0,22.7,27.4,0.0,0.0,0.0,12.9,34.2,236,25.44
2020-05-05,35.5,22.1,28.5,0.7,0.7,2.0,19.1,49.0,213,25.77
2020-05-06,34.2,24.6,27.9,36.6,36.6,8.0,15.9,42.5,208,21.53
2020-05-07,31.2,23.8,26.9,5.6,5.6,13.0,11.8,33.1,224,20.94
2020-05-08,33.1,24.3,28.0,0.4,0.4,3.0,14.5,35.3,229,24.52
2020-05-09,34.1,24.3,28.8,0.3,0.3,2.0,15.5,38.5,217,25.62
2020-05-10,35.3,24.8,28.7,3.6,3.6,5.0,11.9,33.1,198,24.89
2020-05-11,31.2,24.2,26.5,34.0,34.0,14.0,13.9,32.0,43,18.3
2020-05-12,27.1,22.3,24.6,33.8,33.8,16.0,14.4,33.8,9,15.69
2020-05-13,31.0,20.8,26.0,0.9,0.9,6.0,12.2,24.1,153,24.46
2020-05-14,30.9,21.6,26.4,0.6,0.6,3.0,12.4,27.7,201,24.47
2020-05-15,32.6,22.2,27.3,0.0,0.0,0.0,12.1,28.4,236,26.2
2020-05-16,31.5,23.8,26.6,17.0,17.0,8.0,14.8,34.2,25,19.48
2020-05-17,30.3,24.1,27.0,0.4,0.4,4.0,15.7,35.3,358,23.5
2020-05-18,26.3,23.5,24.8,31.7,31.7,16.0,17.8,43.9,154,10.06
2020-05-19,25.3,22.2,23.3,42.2,42.2,22.0,12.1,32.0,150,7.1
2020-05-20,27.5,21.8,24.1,36.5,36.5,21.0,9.0,39.6,186,16.82
2020-05-21,27.1,22.1,24.1,32.4,32.4,16.0,12.1,41.0,154,9.97
2020-05-22,25.5,22.4,23.6,251.4,251.4,24.0,18.4,53.3,152,2.44
2020-05-23,27.8,22.7,24.7,28.9,28.9,19.0,17.8,40.7,18,15.06
2020-05-24,30.2,22.4,25.9,3.6,3.6,11.0,12.4,27.7,355,24.36
2020-05-25,29.5,23.1,25.9,13.9,13.9,16.0,10.8,33.8,197,24.28
2020-05-26,28.3,23.5,25.7,43.2,43.2,21.0,17.8,39.2,171,12.27
2020-05-27,27.2,23.6,25.1,41.2,41.2,22.0,12.2,32.8,190,13.56
2020-05-28,28.1,23.3,25.3,81.8,81.8,21.0,11.9,34.9,220,16.46
2020-05-29,30.0,22.9,25.7,21.6,21.6,12.0,11.5,32.0,161,20.15
2020-05-30,30.3,23.6,26.2,36.2,36.2,12.0,18.7,40.0,171,19.25
2020-05-31,30.5,23.5,26.6,17.8,17.8,10.0,13.7,32.8,172,23.45
2020-06-01,30.8,23.8,26.6,18.2,18.2,9.0,14.0,33.8,163,22.72
2020-06-02,30.8,23.5,26.6,6.3,6.3,8.0,12.8,29.5,171,24.44
2020-06-03,30.8,23.2,27.0,1.6,1.6,6.0,13.8,30.6,194,25.43
2020-06-04,31.1,23.3,27.3,1.4,1.4,7.0,13.7,30.6,177,26.08
2020-06-05,30.5,24.1,26.9,10.5,10.5,7.0,15.1,38.2,167,22.76
2020-06-06,30.8,24.5,26.3,36.2,36.2,10.0,14.8,40.7,169,17.51
2020-06-07,30.7,24.0,25.8,22.6,22.6,14.0,13.1,33.1,152,14.97
2020-06-08,29.1,22.8,25.1,10.4,10.4,14.0,13.9,39.6,142,10.84
2020-06-09,28.1,23.1,25.5,0.0,0.0,0.0,12.0,25.9,130,7.6
2020-06-10,30.4,22.9,26.5,1.0,1.0,4.0,11.5,25.6,157,18.35
2020-06-11,29.9,24.4,27.1,0.7,0.7,5.0,9.1,26.3,170,16.43
2020-06-12,29.7,24.1,26.8,0.4,0.4,3.0,14.4,31.0,353,19.86
2020-06-13,31.7,23.6,27.5,1.9,1.9,9.0,8.9,22.3,104,21.57
2020-06-14,31.7,24.2,27.0,3.7,3.7,6.0,11.8,40.7,117,20.36
2020-06-15,30.7,23.1,26.8,2.3,2.3,6.0,13.1,30.6,170,23.83
2020-06-16,30.8,23.2,27.3,1.0,1.0,4.0,11.6,26.6,182,26.63
2020-06-17,31.0,23.8,27.5,0.9,0.9,5.0,11.7,27.4,185,26.79
2020-06-18,31.6,23.9,27.6,1.1,1.1,5.0,11.3,24.8,175,26.83
2020-06-19,31.7,24.3,27.9,0.6,0.6,4.0,11.8,26.6,177,25.69
2020-06-20,31.2,24.1,27.8,0.7,0.7,5.0,12.0,30.6,184,24.31
2020-06-21,31.3,25.1,27.7,7.9,7.9,7.0,16.9,37.4,166,21.98
2020-06-22,31.1,25.1,28.0,2.2,2.2,10.0,14.8,32.8,175,22.71
2020-06-23,31.1,24.7,27.9,1.7,1.7,8.0,13.8,32.4,163,22.58
2020-06-24,31.4,25.2,28.1,0.9,0.9,5.0,14.4,32.4,170,20.82
2020-06-25,31.6,25.7,28.4,1.3,1.3,5.0,14.3,33.8,170,21.54
2020-06-26,32.0,24.8,27.6,12.7,12.7,7.0,10.4,30.2,165,18.49
2020-06-27,31.0,23.8,27.6,5.4,5.4,7.0,12.5,33.1,161,22.76
2020-06-28,32.4,24.7,28.0,1.2,1.2,4.0,11.7,31.3,189,24.54
2020-06-29,32.4,24.5,28.4,3.2,3.2,12.0,16.2,41.4,182,22.87
2020-06-30,32.4,25.1,28.0,6.4,6.4,8.0,15.8,38.5,177,19.95
2020-07-01,32.4,25.2,27.2,28.8,28.8,8.0,12.6,32.8,171,15.22
2020-07-02,31.6,24.4,27.0,19.1,19.1,7.0,13.2,34.6,164,15.63
2020-07-03,32.4,23.7,27.5,2.1,2.1,7.0,12.9,30.6,164,23.65
2020-07-04,31.7,24.6,27.8,1.0,1.0,3.0,9.2,23.4,184,22.71
2020-07-05,32.2,24.8,27.7,2.1,2.1,6.0,13.0,30.2,172,24.56
2020-07-06,30.1,24.8,27.6,5.9,5.9,10.0,15.7,36.0,173,21.51
2020-07-07,31.6,25.3,27.5,8.8,8.8,8.0,14.3,31.3,169,19.49
2020-07-08,32.1,25.5,27.7,6.1,6.1,7.0,16.8,34.9,157,17.66
2020-07-09,31.2,25.7,27.5,21.1,21.1,4.0,16.5,44.6,158,13.58
2020-07-10,32.6,24.3,28.5,0.1,0.1,1.0,14.7,33.5,174,21.03
2020-07-11,32.3,24.5,28.0,0.9,0.9,3.0,10.7,30.6,162,23.66
2020-07-12,32.6,24.7,28.4,0.1,0.1,1.0,10.4,25.6,193,26.18
2020-07-13,32.6,24.9,28.7,0.0,0.0,0.0,8.6,21.2,204,25.08
2020-07-14,32.9,24.3,28.6,0.0,0.0,0.0,8.2,20.2,241,25.15
2020-07-15,30.6,25.6,27.8,9.3,9.3,13.0,13.0,30.6,178,18.67
2020-07-16,31.5,25.3,27.1,16.0,16.0,8.0,14.7,36.4,161,16.51
2020-07-17,32.0,24.5,28.2,1.1,1.1,7.0,11.3,33.8,167,22.9
2020-07-18,33.2,24.5,28.6,0.5,0.5,3.0,10.5,29.2,179,24.82
2020-07-19,33.3,25.8,29.0,1.3,1.3,3.0,12.2,33.5,174,23.95
2020-07-20,32.6,25.1,28.1,2.0,2.0,4.0,10.9,25.9,164,22.84
2020-07-21,31.8,24.1,27.8,0.2,0.2,2.0,9.7,23.0,51,22.05
2020-07-22,32.3,24.4,28.2,1.9,1.9,5.0,11.6,27.7,13,23.73
2020-07-23,32.3,25.4,28.4,4.1,4.1,9.0,10.0,24.8,153,20.46
2020-07-24,32.8,25.5,28.8,3.3,3.3,10.0,10.1,24.5,173,20.4
2020-07-25,31.6,25.6,27.9,9.0,9.0,12.0,7.9,21.2,169,16.55
2020-07-26,31.3,25.2,27.3,10.5,10.5,13.0,13.1,38.2,162,16.74
2020-07-27,31.6,24.8,27.4,5.0,5.0,8.0,11.4,26.6,174,19.62
2020-07-28,30.2,24.5,26.9,11.7,11.7,11.0,7.8,21.6,168,16.69
2020-07-29,30.3,24.2,27.2,4.0,4.0,8.0,8.7,21.6,279,20.93
2020-07-30,32.2,24.0,27.8,0.0,0.0,0.0,9.8,22.0,290,18.99
2020-07-31,33.4,25.4,28.8,0.0,0.0,0.0,9.4,24.1,188,22.45
2020-08-01,32.8,25.4,27.9,7.9,7.9,6.0,13.0,28.1,159,21.6
2020-08-02,31.1,25.2,27.3,9.9,9.9,13.0,10.0,24.5,345,20.59
2020-08-03,26.8,24.0,25.2,52.8,52.8,21.0,13.7,29.9,185,7.86
2020-08-04,27.7,24.0,25.8,6.8,6.8,12.0,11.9,29.5,166,11.22
2020-08-05,30.8,23.4,27.0,0.7,0.7,3.0,10.8,24.8,8,18.32
2020-08-06,32.3,24.5,28.2,0.0,0.0,0.0,16.3,33.1,16,24.57
2020-08-07,31.5,24.0,27.8,0.7,0.7,6.0,9.2,22.3,1,21.25
2020-08-08,30.4,24.5,27.2,1.8,1.8,10.0,12.5,29.9,354,20.15
2020-08-09,30.8,24.5,27.4,2.9,2.9,8.0,8.7,22.0,271,22.02
2020-08-10,30.4,25.1,27.3,8.1,8.1,14.0,8.5,24.5,208,16.01
2020-08-11,29.2,25.2,26.7,11.2,11.2,13.0,9.2,42.1,151,10.33
2020-08-12,31.7,23.8,26.7,9.4,9.4,6.0,8.9,23.4,350,18.87
2020-08-13,31.4,24.2,27.6,0.5,0.5,3.0,13.9,29.9,2,22.86
2020-08-14,30.7,23.0,27.0,0.8,0.8,6.0,10.9,25.9,23,22.72
2020-08-15,30.1,23.3,26.7,1.0,1.0,2.0,7.4,19.4,10,18.67
2020-08-16,31.1,23.6,26.6,4.1,4.1,6.0,13.0,28.8,21,21.47
2020-08-17,31.8,22.7,27.3,0.0,0.0,0.0,12.5,28.8,187,22.1
2020-08-18,32.6,23.9,27.5,3.3,3.3,4.0,16.1,33.8,157,22.95
2020-08-19,31.5,25.2,27.3,7.2,7.2,11.0,13.7,29.2,148,19.26
2020-08-20,31.3,24.4,27.1,3.7,3.7,5.0,9.0,22.3,138,19.8
2020-08-21,31.9,24.8,28.2,0.6,0.6,2.0,13.9,27.4,171,21.25
2020-08-22,29.7,24.7,26.7,21.4,21.4,19.0,9.2,25.2,326,16.1
2020-08-23,30.5,23.8,26.5,8.6,8.6,17.0,9.7,25.6,204,23.52
2020-08-24,31.7,23.3,27.3,2.5,2.5,6.0,11.0,24.1,181,24.53
2020-08-25,32.1,25.1,27.3,16.2,16.2,9.0,13.6,32.8,173,19.56
2020-08-26,28.1,24.1,26.1,15.1,15.1,10.0,15.7,34.6,165,13.48
2020-08-27,30.6,24.7,26.9,3.5,3.5,14.0,14.9,45.7,169,18.03
2020-08-28,30.1,24.4,26.6,11.3,11.3,7.0,16.1,44.3,178,16.74
2020-08-29,30.3,24.6,27.0,2.6,2.6,8.0,7.2,18.7,297,17.1
2020-08-30,30.4,24.6,27.2,1.0,1.0,3.0,9.1,23.8,167,17.92
2020-08-31,29.6,23.2,26.6,5.9,5.9,11.0,12.1,27.7,358,15.56
2020-09-01,29.6,23.7,26.4,0.8,0.8,6.0,20.3,42.1,1,18.17
2020-09-02,31.4,24.9,27.7,4.1,4.1,6.0,12.0,28.8,169,21.77
2020-09-03,30.5,24.6,26.6,37.3,37.3,18.0,8.8,23.0,167,16.5
2020-09-04,31.4,22.9,27.1,0.3,0.3,3.0,10.4,22.3,14,21.1
2020-09-05,28.8,23.4,25.5,12.0,12.0,8.0,14.4,29.9,18,12.19
2020-09-06,29.6,19.9,24.2,0.0,0.0,0.0,19.1,40.0,19,25.76
2020-09-07,31.2,18.8,25.4,0.0,0.0,0.0,6.9,16.6,99,24.41
2020-09-08,31.2,22.5,26.7,0.0,0.0,0.0,9.4,22.0,24,21.52
2020-09-09,30.9,23.8,26.7,0.3,0.3,2.0,7.6,17.6,24,18.37
2020-09-10,30.7,23.8,26.7,9.5,9.5,12.0,10.6,22.3,157,18.28
2020-09-11,31.1,23.9,26.7,11.8,11.8,6.0,9.7,27.7,168,17.88
2020-09-12,30.1,24.0,26.8,8.7,8.7,10.0,8.3,21.6,124,16.48
2020-09-13,31.5,24.4,26.9,7.2,7.2,5.0,9.4,19.4,139,17.94
2020-09-14,31.6,23.2,27.0,2.9,2.9,3.0,7.4,22.7,44,19.21
2020-09-15,31.7,23.6,27.3,3.5,3.5,6.0,12.3,27.4,95,19.79
2020-09-16,32.1,23.7,28.0,0.0,0.0,0.0,11.5,27.7,15,20.85
2020-09-17,32.8,24.0,28.3,0.0,0.0,0.0,10.8,25.6,12,22.13
2020-09-18,33.1,25.4,28.8,0.1,0.1,1.0,10.9,25.6,31,20.48
2020-09-19,31.7,24.2,27.7,3.6,3.6,7.0,9.7,22.0,141,16.33
2020-09-20,31.5,24.2,27.2,2.7,2.7,8.0,16.9,37.8,14,18.99
2020-09-21,32.4,23.9,27.3,4.0,4.0,6.0,19.8,40.7,10,21.58
2020-09-22,32.9,23.3,27.2,0.0,0.0,0.0,19.2,40.0,353,22.6
2020-09-23,32.7,23.1,27.2,0.1,0.1,1.0,19.0,39.2,346,22.44
2020-09-24,32.0,23.1,26.4,6.2,6.2,5.0,17.1,38.9,4,19.9
2020-09-25,31.2,22.7,26.2,0.7,0.7,3.0,22.3,47.2,4,19.93
2020-09-26,31.5,22.8,26.5,0.0,0.0,0.0,19.2,41.8,22,16.93
2020-09-27,30.8,22.2,25.1,4.6,4.6,11.0,19.1,38.5,4,11.83
2020-09-28,29.5,21.7,25.1,5.5,5.5,6.0,12.4,25.2,1,14.26
2020-09-29,31.5,22.0,26.0,0.3,0.3,3.0,17.2,36.4,357,21.51
2020-09-30,29.0,21.3,24.1,1.5,1.5,2.0,17.8,39.6,10,13.14
2020-10-01,30.3,21.2,25.4,0.0,0.0,0.0,15.2,33.8,20,20.03
2020-10-02,31.4,22.0,26.7,0.0,0.0,0.0,16.9,37.4,353,19.51
2020-10-03,32.1,23.9,27.5,0.0,0.0,0.0,13.4,31.7,253,19.06
2020-10-04,33.2,22.8,28.1,0.0,0.0,0.0,14.7,32.4,297,19.82
2020-10-05,32.5,23.5,26.6,0.0,0.0,0.0,31.0,63.0,13,18.6
2020-10-06,30.7,22.0,25.3,0.0,0.0,0.0,28.4,59.0,12,21.51
2020-10-07,29.5,21.1,24.4,0.0,0.0,0.0,28.2,58.0,10,16.88
2020-10-08,28.0,22.1,24.4,0.0,0.0,0.0,28.6,59.4,18,11.51
2020-10-09,30.7,22.8,25.5,0.0,0.0,0.0,25.1,51.5,13,19.2
2020-10-10,31.8,22.0,25.8,0.0,0.0,0.0,26.7,55.1,8,20.67
2020-10-11,34.3,21.0,27.1,0.0,0.0,0.0,18.2,37.8,352,21.14
2020-10-12,34.6,23.5,28.5,0.9,0.9,2.0,13.4,31.3,310,18.27
2020-10-13,34.0,24.0,28.2,0.0,0.0,0.0,17.8,37.8,324,18.89
2020-10-14,34.2,24.1,28.4,0.0,0.0,0.0,16.5,34.6,336,19.28
2020-10-15,33.5,22.6,27.8,0.0,0.0,0.0,14.3,31.7,291,19.42
2020-10-16,33.0,23.0,27.7,0.5,0.5,2.0,14.1,29.2,358,18.14
2020-10-17,31.0,22.3,25.9,0.0,0.0,0.0,20.2,41.8,5,17.11
2020-10-18,32.5,21.3,25.3,0.0,0.0,0.0,25.2,51.1,5,18.88
2020-10-19,32.1,21.5,25.3,0.0,0.0,0.0,26.6,54.4,4,19.63
2020-10-20,33.9,21.0,25.7,0.0,0.0,0.0,24.8,51.1,8,19.93
2020-10-21,34.3,21.7,27.3,0.0,0.0,0.0,14.7,29.9,357,15.94
2020-10-22,27.8,19.9,23.7,0.7,0.7,4.0,33.0,66.6,6,12.45
2020-10-23,22.6,18.5,19.8,33.1,33.1,11.0,28.4,59.0,13,10.63
2020-10-24,27.7,19.4,22.2,2.5,2.5,4.0,14.2,31.3,21,13.19
2020-10-25,29.6,20.7,24.8,0.0,0.0,0.0,15.0,29.2,5,16.71
2020-10-26,30.7,22.0,25.7,0.0,0.0,0.0,11.3,22.0,327,17.13
2020-10-27,31.5,21.7,26.3,0.0,0.0,0.0,14.0,29.2,346,16.43
2020-10-28,33.1,22.1,26.8,0.0,0.0,0.0,18.5,38.9,6,18.38
2020-10-29,31.4,22.7,25.7,0.0,0.0,0.0,24.5,50.4,5,15.85
2020-10-30,28.8,19.8,23.2,0.0,0.0,0.0,29.8,61.6,12,15.4
2020-10-31,29.9,18.9,23.1,0.0,0.0,0.0,26.0,52.2,11,16.84
2020-11-01,30.2,19.9,24.4,0.0,0.0,0.0,18.1,40.7,299,17.32
2020-11-02,31.1,19.4,24.2,0.0,0.0,0.0,29.2,58.0,10,18.03
2020-11-03,27.5,20.0,22.4,0.0,0.0,0.0,32.8,67.3,14,16.78
2020-11-04,27.9,19.3,22.7,0.0,0.0,0.0,18.2,37.8,11,14.22
2020-11-05,30.2,19.7,24.4,0.0,0.0,0.0,21.2,43.6,340,16.79
2020-11-06,33.7,20.1,25.8,0.0,0.0,0.0,16.1,29.9,325,17.53
2020-11-07,26.6,21.2,24.0,5.4,5.4,15.0,18.0,35.3,8,3.51
2020-11-08,26.7,19.0,21.8,0.0,0.0,0.0,29.0,59.8,8,15.04
2020-11-09,28.4,19.0,21.7,3.1,3.1,5.0,17.3,35.3,19,10.81
2020-11-10,26.2,18.4,20.7,0.1,0.1,1.0,16.9,36.4,20,8.41
2020-11-11,29.9,17.9,22.3,0.0,0.0,0.0,22.0,44.6,14,17.49
2020-11-12,31.9,18.1,24.3,0.0,0.0,0.0,11.4,29.2,27,17.58
2020-11-13,25.4,20.4,22.2,0.2,0.2,1.0,19.2,38.9,12,5.23
2020-11-14,29.0,20.9,24.2,0.8,0.8,3.0,11.1,25.6,352,9.42
2020-11-15,30.2,20.6,24.5,1.5,1.5,7.0,10.7,26.6,297,14.16
2020-11-16,30.0,20.4,24.5,0.0,0.0,0.0,9.9,27.7,301,15.5
2020-11-17,31.0,20.0,25.2,0.0,0.0,0.0,13.6,30.6,320,16.16
2020-11-18,31.0,20.7,25.2,0.0,0.0,0.0,12.9,30.2,339,17.05
2020-11-19,31.8,21.4,25.7,0.0,0.0,0.0,14.2,33.8,354,16.42
2020-11-20,32.4,22.4,26.3,0.2,0.2,2.0,19.8,42.5,2,15.29
2020-11-21,32.4,21.0,26.2,0.0,0.0,0.0,11.2,27.7,294,15.15
2020-11-22,30.6,21.1,24.7,0.0,0.0,0.0,20.2,41.8,2,16.11
2020-11-23,30.3,19.5,23.7,0.0,0.0,0.0,17.9,37.8,360,15.81
2020-11-24,30.4,19.7,24.0,0.0,0.0,0.0,17.2,34.2,353,15.88
2020-11-25,30.1,19.1,24.2,0.0,0.0,0.0,13.2,28.1,289,15.39
2020-11-26,29.8,19.7,24.5,0.0,0.0,0.0,14.2,30.2,344,14.09
2020-11-27,28.3,18.6,22.4,0.0,0.0,0.0,26.6,54.7,7,15.3
2020-11-28,27.2,17.4,20.7,0.0,0.0,0.0,25.6,52.6,10,16.2
2020-11-29,26.8,17.5,21.0,0.0,0.0,0.0,20.5,43.2,4,14.25
2020-11-30,28.1,17.9,21.6,0.0,0.0,0.0,15.3,31.3,352,12.53
2020-12-01,28.5,16.3,21.5,0.0,0.0,0.0,23.2,47.9,1,15.37
2020-12-02,27.1,16.6,20.5,0.0,0.0,0.0,27.4,56.9,8,15.63
2020-12-03,23.0,15.8,18.0,0.0,0.0,0.0,34.2,69.8,9,11.4
2020-12-04,24.0,15.2,18.1,0.0,0.0,0.0,29.7,60.8,11,14.19
2020-12-05,25.5,15.8,19.2,0.0,0.0,0.0,21.0,44.3,12,15.19
2020-12-06,28.8,15.1,20.9,0.0,0.0,0.0,19.2,38.9,3,15.9
2020-12-07,27.2,17.9,21.4,0.0,0.0,0.0,24.8,50.8,4,14.35
2020-12-08,25.8,17.7,20.1,0.9,0.9,4.0,26.2,54.7,6,12.48
2020-12-09,22.3,17.5,19.6,23.0,23.0,17.0,11.3,31.3,17,7.79
2020-12-10,25.4,19.0,21.2,5.7,5.7,10.0,16.3,36.7,6,13.53
2020-12-11,25.7,18.7,21.3,2.6,2.6,8.0,16.3,34.6,360,12.28
2020-12-12,26.5,17.4,20.6,0.1,0.1,1.0,20.6,43.9,6,15.51
2020-12-13,25.9,16.7,20.5,0.6,0.6,4.0,16.2,34.6,358,15.35
2020-12-14,23.6,14.7,18.3,0.0,0.0,0.0,24.4,51.1,15,15.17
2020-12-15,21.8,13.4,16.1,0.5,0.5,2.0,22.8,48.6,15,13.03
2020-12-16,20.4,13.1,15.6,1.1,1.1,6.0,18.4,40.3,18,11.92
2020-12-17,22.8,13.4,17.2,0.1,0.1,1.0,14.9,34.9,21,14.83
2020-12-18,24.4,14.5,18.6,0.0,0.0,0.0,23.4,49.0,7,15.39
2020-12-19,21.2,14.1,16.8,0.0,0.0,0.0,30.0,61.9,11,14.33
2020-12-20,21.5,14.0,16.8,0.0,0.0,0.0,23.9,50.8,13,13.45
2020-12-21,17.8,13.3,15.6,7.1,7.1,16.0,13.6,27.4,17,3.7
2020-12-22,25.4,13.2,18.3,0.0,0.0,0.0,9.2,24.5,32,14.81
2020-12-23,21.1,17.2,18.6,16.0,16.0,19.0,15.2,32.0,355,7.55
2020-12-24,23.5,14.7,18.4,1.7,1.7,8.0,22.1,47.5,4,13.54
2020-12-25,22.7,13.8,17.0,0.0,0.0,0.0,15.2,33.8,32,13.76
2020-12-26,24.4,14.5,18.7,0.0,0.0,0.0,13.3,29.5,16,15.34
2020-12-27,27.3,16.0,20.4,1.9,1.9,4.0,16.2,34.6,31,8.96
2020-12-28,26.2,16.9,20.7,4.3,4.3,8.0,14.2,26.3,17,13.11
2020-12-29,26.5,17.3,20.9,0.0,0.0,0.0,13.8,29.2,7,12.65
2020-12-30,20.2,8.0,12.3,0.0,0.0,0.0,42.2,85.3,7,15.08
2020-12-31,11.8,5.2,8.0,0.0,0.0,0.0,26.6,57.2,11,14.43
2021-01-01,17.2,6.3,10.8,0.0,0.0,0.0,22.4,47.2,19,15.64
2021-01-02,20.8,8.6,13.6,0.0,0.0,0.0,20.7,43.2,26,16.5
2021-01-03,23.1,10.0,15.6,0.0,0.0,0.0,23.1,48.2,11,16.25
2021-01-04,24.7,12.9,17.6,0.0,0.0,0.0,19.4,39.2,17,16.08
2021-01-05,22.8,13.9,17.2,0.0,0.0,0.0,28.0,57.6,16,15.71
2021-01-06,22.8,12.7,16.0,1.8,1.8,12.0,22.6,47.5,21,10.85
2021-01-07,15.2,8.1,12.1,3.3,3.3,21.0,31.5,63.4,15,10.47
2021-01-08,9.7,5.0,6.8,2.2,2.2,12.0,28.0,56.5,9,4.86
2021-01-09,12.7,5.0,8.0,0.0,0.0,0.0,27.3,58.3,15,14.84
2021-01-10,18.5,6.2,11.9,0.0,0.0,0.0,20.1,41.0,19,16.43
2021-01-11,13.7,8.2,11.2,5.5,5.5,17.0,25.2,50.8,9,4.41
2021-01-12,15.6,6.5,10.0,1.6,1.6,3.0,26.4,55.4,6,14.68
2021-01-13,20.1,4.9,11.8,0.0,0.0,0.0,13.8,29.2,14,17.43
2021-01-14,21.7,7.3,13.7,0.0,0.0,0.0,10.9,24.5,36,17.5
2021-01-15,23.4,9.1,15.1,0.0,0.0,0.0,15.0,31.7,20,17.36
2021-01-16,24.4,9.9,16.3,0.0,0.0,0.0,24.2,49.0,12,17.16
2021-01-17,19.3,10.1,13.7,0.0,0.0,0.0,35.5,72.7,11,16.96
2021-01-18,21.1,9.1,13.6,0.0,0.0,0.0,23.2,47.2,14,17.21
2021-01-19,23.5,9.6,15.9,0.0,0.0,0.0,7.7,22.7,15,17.36
2021-01-20,25.5,11.7,18.3,0.0,0.0,0.0,10.5,28.1,1,16.5
2021-01-21,28.8,14.3,21.5,0.0,0.0,0.0,12.7,31.3,15,14.35
2021-01-22,27.9,19.0,22.1,1.2,1.2,3.0,13.2,29.9,349,10.41
2021-01-23,26.2,16.5,19.8,0.1,0.1,1.0,19.6,43.9,357,16.3
2021-01-24,25.5,12.2,18.5,0.0,0.0,0.0,20.7,44.6,2,17.46
2021-01-25,25.7,13.3,18.7,0.0,0.0,0.0,17.9,41.4,2,17.86
2021-01-26,25.4,12.0,18.4,0.0,0.0,0.0,19.1,41.4,3,17.98
2021-01-27,25.0,12.8,17.9,0.0,0.0,0.0,16.9,37.8,9,17.69
2021-01-28,22.2,12.2,15.8,0.0,0.0,0.0,28.9,60.8,10,17.77
2021-01-29,22.5,11.5,15.7,0.0,0.0,0.0,18.8,39.2,22,16.03
2021-01-30,23.4,11.5,17.2,0.0,0.0,0.0,12.8,28.8,343,18.0
2021-01-31,24.2,11.7,17.7,0.0,0.0,0.0,12.3,30.2,308,17.18
2021-02-01,24.5,12.7,18.0,0.0,0.0,0.0,11.6,29.5,270,18.38
2021-02-02,25.8,12.7,18.2,0.0,0.0,0.0,23.5,50.0,15,18.64
2021-02-03,26.3,12.3,18.8,0.0,0.0,0.0,12.8,30.2,321,18.84
2021-02-04,26.4,12.9,18.9,0.0,0.0,0.0,13.4,29.9,298,18.93
2021-02-05,27.3,13.5,19.3,0.0,0.0,0.0,13.2,32.8,209,18.84
2021-02-06,26.0,12.7,19.0,0.0,0.0,0.0,13.6,32.4,349,19.2
2021-02-07,27.4,12.7,20.0,0.0,0.0,0.0,14.6,31.7,341,19.31
2021-02-08,26.9,14.8,19.8,0.0,0.0,0.0,23.1,50.4,1,18.45
2021-02-09,26.5,15.1,20.4,0.0,0.0,0.0,14.5,29.9,338,17.72
2021-02-10,25.2,15.5,19.5,7.0,7.0,9.0,11.9,31.0,282,11.5
2021-02-11,21.7,14.9,17.6,18.8,18.8,14.0,25.6,51.8,1,9.06
2021-02-12,23.0,14.9,17.6,0.2,0.2,2.0,22.3,47.5,10,14.59
2021-02-13,22.8,15.3,18.3,0.0,0.0,0.0,17.5,38.2,9,14.52
2021-02-14,23.6,14.6,18.2,2.4,2.4,5.0,11.0,31.3,286,17.88
2021-02-15,24.6,13.5,18.5,0.0,0.0,0.0,18.4,38.9,24,20.49
2021-02-16,25.0,14.5,18.9,0.0,0.0,0.0,15.0,33.1,342,19.2
2021-02-17,21.0,13.0,16.3,0.8,0.8,4.0,32.0,65.5,11,19.86
2021-02-18,20.4,11.1,14.4,0.0,0.0,0.0,26.6,55.8,16,20.42
2021-02-19,22.6,10.5,15.8,0.0,0.0,0.0,16.9,37.4,4,20.35
2021-02-20,22.8,9.7,15.7,0.0,0.0,0.0,13.4,30.2,359,21.11
2021-02-21,24.4,10.6,17.1,0.0,0.0,0.0,12.4,31.3,301,20.95
2021-02-22,26.3,12.2,18.7,0.0,0.0,0.0,13.8,31.7,5,21.03
2021-02-23,30.0,13.0,20.7,0.0,0.0,0.0,17.7,38.5,8,18.71
2021-02-24,27.9,16.5,21.7,0.0,0.0,0.0,14.9,34.9,320,20.19
2021-02-25,27.1,18.3,22.2,0.4,0.4,2.0,13.0,33.1,280,19.04
2021-02-26,29.0,17.7,22.1,0.3,0.3,2.0,17.3,38.2,348,19.39
2021-02-27,23.8,15.7,18.1,2.6,2.6,6.0,19.9,43.9,355,14.15
2021-02-28,26.8,15.4,20.4,0.0,0.0,0.0,15.1,36.4,340,19.43
2021-03-01,26.6,15.5,21.4,0.0,0.0,0.0,11.5,27.7,235,16.04
2021-03-02,22.1,14.1,18.4,4.3,4.3,7.0,30.9,65.5,16,19.02
2021-03-03,24.1,13.6,18.2,6.1,6.1,12.0,12.4,28.8,344,15.57
2021-03-04,26.2,14.6,19.2,1.9,1.9,9.0,11.8,28.8,331,16.01
2021-03-05,26.2,16.5,21.2,1.5,1.5,4.0,13.2,26.6,335,16.77
2021-03-06,25.5,17.2,20.5,9.1,9.1,17.0,14.3,33.5,344,16.71
2021-03-07,23.5,15.9,18.8,10.7,10.7,16.0,20.9,44.3,359,17.99
2021-03-08,25.6,14.6,19.1,0.9,0.9,3.0,17.3,38.5,3,18.03
2021-03-09,26.6,14.7,19.7,0.0,0.0,0.0,18.7,41.0,0,21.13
2021-03-10,27.1,16.1,20.5,0.0,0.0,0.0,16.7,37.4,6,21.04
2021-03-11,28.0,15.9,21.0,0.0,0.0,0.0,14.4,32.8,344,21.38
2021-03-12,27.3,17.9,21.8,0.0,0.0,0.0,20.2,44.3,7,20.79
2021-03-13,26.8,16.0,20.4,0.0,0.0,0.0,21.0,45.0,355,21.28
2021-03-14,26.9,15.0,20.3,0.1,0.1,1.0,16.0,37.1,345,21.79
2021-03-15,27.2,16.2,21.2,0.0,0.0,0.0,13.7,34.9,227,21.81
2021-03-16,29.8,16.8,23.1,0.0,0.0,0.0,15.3,35.3,0,22.42
2021-03-17,29.4,17.2,23.1,0.0,0.0,0.0,17.1,38.9,7,22.58
2021-03-18,29.9,18.8,23.4,0.0,0.0,0.0,13.2,33.5,333,22.29
2021-03-19,28.6,18.4,23.1,0.0,0.0,0.0,13.5,34.6,305,22.28
2021-03-20,30.2,18.2,23.8,0.0,0.0,0.0,15.3,36.0,333,22.62
2021-03-21,25.8,13.6,19.2,0.0,0.0,0.0,29.6,60.8,4,20.96
2021-03-22,14.8,12.1,13.3,5.9,5.9,18.0,19.3,38.9,17,5.37
2021-03-23,25.5,12.5,18.3,1.0,1.0,3.0,12.7,31.0,245,12.82
2021-03-24,21.3,15.2,17.3,26.2,26.2,15.0,18.1,35.3,356,8.83
2021-03-25,23.8,12.1,18.0,0.0,0.0,0.0,16.3,36.7,15,23.9
2021-03-26,26.1,14.4,20.0,0.0,0.0,0.0,11.9,28.1,303,22.71
2021-03-27,28.5,17.1,22.2,0.0,0.0,0.0,12.7,28.8,248,21.27
2021-03-28,30.1,19.8,24.0,1.0,1.0,4.0,13.4,36.7,207,22.02
2021-03-29,30.4,19.6,24.1,0.3,0.3,2.0,10.8,25.6,223,22.53
2021-03-30,32.6,21.6,25.3,1.1,1.1,8.0,16.1,38.2,203,18.36
2021-03-31,30.8,20.7,25.0,0.0,0.0,0.0,12.5,32.8,268,22.18
2021-04-01,27.9,21.9,24.2,1.5,1.5,4.0,11.5,22.7,162,5.32
2021-04-02,31.8,20.2,25.4,0.0,0.0,0.0,12.6,30.6,262,23.84
2021-04-03,30.4,20.1,24.9,0.0,0.0,0.0,14.0,32.4,339,21.31
2021-04-04,30.4,20.0,23.8,0.0,0.0,0.0,23.1,50.4,353,22.2
2021-04-05,28.4,17.6,21.7,0.0,0.0,0.0,20.3,45.0,353,23.83
2021-04-06,28.9,16.3,21.7,0.0,0.0,0.0,20.5,45.0,348,24.11
2021-04-07,29.4,16.8,22.5,0.0,0.0,0.0,18.7,43.2,312,23.83
2021-04-08,28.6,17.0,21.6,0.0,0.0,0.0,22.9,49.7,357,20.62
2021-04-09,24.5,15.4,19.2,0.1,0.1,1.0,25.0,53.6,5,18.86
2021-04-10,28.5,16.2,21.2,0.0,0.0,0.0,23.4,49.0,358,23.49
2021-04-11,28.9,17.0,22.5,0.0,0.0,0.0,13.0,33.1,319,23.63
2021-04-12,30.5,18.3,24.0,0.0,0.0,0.0,15.7,37.4,255,24.2
2021-04-13,31.2,19.6,24.7,0.0,0.0,0.0,18.6,42.8,344,23.97
2021-04-14,29.0,18.8,23.5,0.0,0.0,0.0,19.5,44.3,353,20.7
2021-04-15,29.7,18.1,23.3,0.0,0.0,0.0,18.7,43.2,338,22.62
2021-04-16,32.0,18.7,24.3,0.0,0.0,0.0,17.1,40.0,339,23.57
2021-04-17,32.2,20.9,25.0,0.0,0.0,0.0,25.6,54.0,2,22.76
2021-04-18,31.2,20.8,25.2,0.0,0.0,0.0,14.8,33.5,359,21.03
2021-04-19,29.9,21.2,24.6,1.5,1.5,4.0,20.2,43.9,343,17.26
2021-04-20,30.6,21.0,26.0,0.0,0.0,0.0,15.6,37.1,257,21.25
2021-04-21,32.0,21.4,26.3,0.0,0.0,0.0,16.1,39.2,293,23.84
2021-04-22,32.6,21.8,26.2,0.0,0.0,0.0,14.6,34.6,287,22.71
2021-04-23,29.5,21.7,25.0,3.1,3.1,7.0,24.1,53.3,359,24.01
2021-04-24,32.5,19.5,25.3,0.2,0.2,2.0,20.2,43.2,353,22.6
2021-04-25,27.8,20.1,22.6,9.3,9.3,7.0,9.8,24.5,123,7.12
2021-04-26,29.5,19.7,23.8,5.4,5.4,7.0,13.5,32.8,181,20.16
2021-04-27,28.4,19.8,23.1,0.7,0.7,2.0,13.7,32.8,213,16.16
2021-04-28,23.5,20.4,21.9,14.1,14.1,15.0,10.8,23.8,356,7.86
2021-04-29,24.6,19.5,21.6,22.6,22.6,20.0,10.3,30.6,350,8.22
2021-04-30,27.2,17.2,22.5,0.0,0.0,0.0,7.4,19.8,282,24.3
2021-05-01,27.8,19.1,23.1,0.0,0.0,0.0,9.0,22.0,182,19.56
2021-05-02,29.8,18.0,24.1,0.0,0.0,0.0,15.0,32.4,352,22.71
2021-05-03,26.6,22.1,23.8,0.3,0.3,3.0,11.5,25.2,248,9.33
2021-05-04,32.1,21.4,25.6,0.4,0.4,2.0,12.1,46.8,198,15.56
2021-05-05,29.6,21.5,24.6,9.3,9.3,4.0,16.6,36.0,11,14.97
2021-05-06,30.5,20.1,25.1,0.2,0.2,1.0,12.8,35.3,321,24.94
2021-05-07,31.3,20.8,26.4,0.2,0.2,2.0,13.3,33.8,241,26.22
2021-05-08,33.0,22.4,26.5,1.7,1.7,6.0,17.1,45.0,221,22.77
2021-05-09,33.0,22.1,27.0,0.1,0.1,1.0,10.4,36.7,229,24.98
2021-05-10,32.4,23.1,27.5,1.0,1.0,5.0,13.9,41.8,221,24.25
2021-05-11,35.3,23.4,28.4,0.0,0.0,0.0,19.0,42.1,206,24.89
2021-05-12,34.3,22.7,28.5,0.1,0.1,1.0,15.4,42.5,212,25.95
2021-05-13,34.7,24.1,29.1,0.0,0.0,0.0,13.8,38.9,217,25.02
2021-05-14,33.6,25.3,29.0,1.1,1.1,5.0,13.8,34.2,241,22.48
2021-05-15,35.5,25.1,29.6,1.2,1.2,5.0,17.3,46.1,233,25.14
2021-05-16,38.2,24.7,30.4,0.0,0.0,0.0,22.1,48.6,215,26.97
2021-05-17,36.2,24.6,30.0,0.0,0.0,0.0,18.4,43.2,231,24.38
2021-05-18,34.8,25.7,29.3,1.4,1.4,6.0,14.0,36.7,222,20.58
2021-05-19,35.9,24.9,28.9,4.4,4.4,12.0,17.3,44.3,202,22.98
2021-05-20,36.6,24.3,29.9,0.3,0.3,2.0,19.3,43.2,206,20.73
2021-05-21,36.0,25.9,30.0,2.9,2.9,5.0,20.3,46.1,206,22.02
2021-05-22,35.5,25.8,29.8,0.9,0.9,5.0,16.6,39.6,227,22.75
2021-05-23,34.5,25.3,29.9,0.8,0.8,7.0,14.5,35.6,223,23.11
2021-05-24,33.5,25.8,28.5,7.7,7.7,18.0,12.4,33.5,203,18.71
2021-05-25,33.3,24.3,28.4,0.0,0.0,0.0,13.7,32.8,345,25.11
2021-05-26,33.0,24.8,28.1,4.5,4.5,8.0,16.4,35.3,174,22.01
2021-05-27,35.0,24.4,29.2,1.1,1.1,4.0,16.9,40.3,194,25.11
2021-05-28,35.4,25.5,30.0,1.1,1.1,5.0,19.9,44.3,201,23.95
2021-05-29,33.0,25.5,27.6,43.1,43.1,19.0,16.3,39.2,169,15.07
2021-05-30,30.7,24.0,26.0,67.5,67.5,21.0,18.0,41.0,182,15.88
2021-05-31,29.0,23.6,25.3,83.1,83.1,23.0,9.4,32.8,180,11.69
2021-06-01,30.2,23.6,26.1,54.0,54.0,17.0,11.3,30.2,168,19.67
2021-06-02,32.0,24.2,27.3,8.1,8.1,5.0,11.8,31.3,176,21.49
2021-06-03,31.8,23.8,27.6,0.4,0.4,1.0,10.7,24.1,193,23.04
2021-06-04,32.1,25.5,27.7,13.9,13.9,11.0,11.3,33.1,183,17.34
2021-06-05,27.0,23.7,25.3,29.0,29.0,24.0,17.9,55.1,169,7.77
2021-06-06,25.9,23.0,24.5,137.7,137.7,23.0,11.2,38.9,140,6.09
2021-06-07,29.2,23.0,25.6,8.1,8.1,9.0,13.1,31.7,142,17.16
2021-06-08,31.2,23.3,26.6,6.0,6.0,6.0,10.1,25.6,14,22.49
2021-06-09,31.2,23.4,27.3,0.1,0.1,1.0,8.7,21.6,19,23.89
2021-06-10,30.7,24.1,27.3,4.3,4.3,8.0,9.8,23.8,157,22.73
2021-06-11,31.4,24.5,27.8,0.7,0.7,4.0,10.7,24.8,36,24.1
2021-06-12,30.9,23.8,27.0,6.5,6.5,7.0,10.2,29.9,131,21.43
2021-06-13,30.7,23.8,27.2,11.0,11.0,12.0,9.4,25.9,174,20.94
2021-06-14,31.8,24.0,27.8,1.0,1.0,7.0,10.7,23.0,184,25.44
2021-06-15,30.9,25.4,27.7,7.4,7.4,12.0,15.3,37.1,182,21.72
2021-06-16,30.3,24.9,27.1,11.1,11.1,10.0,15.8,37.8,168,19.7
2021-06-17,31.2,24.3,27.3,2.9,2.9,10.0,14.8,35.6,173,22.86
2021-06-18,32.1,24.6,27.6,5.4,5.4,11.0,17.3,36.4,172,21.64
2021-06-19,31.0,25.4,27.7,9.6,9.6,12.0,17.0,38.2,174,20.02
2021-06-20,29.0,25.5,27.0,24.6,24.6,15.0,14.8,33.1,168,14.61
2021-06-21,28.7,24.2,26.0,67.4,67.4,19.0,18.0,34.9,163,9.55
2021-06-22,26.3,23.7,24.9,42.2,42.2,18.0,20.3,41.8,164,6.22
2021-06-23,26.4,23.1,24.8,8.7,8.7,18.0,13.8,27.4,139,7.6
2021-06-24,29.6,22.6,25.4,32.4,32.4,15.0,13.1,30.2,195,20.01
2021-06-25,30.1,23.0,26.1,4.8,4.8,10.0,15.8,34.9,193,19.98
2021-06-26,29.0,23.9,26.4,4.7,4.7,13.0,13.7,29.5,169,15.27
2021-06-27,30.5,24.5,26.7,29.7,29.7,14.0,16.3,35.3,174,19.52
2021-06-28,29.6,24.2,26.5,27.5,27.5,21.0,16.0,38.2,173,16.64
2021-06-29,30.8,24.3,26.6,26.9,26.9,17.0,20.6,42.8,171,18.3
2021-06-30,30.2,24.6,27.1,6.1,6.1,8.0,19.3,43.9,184,21.87
2021-07-01,31.5,23.9,27.5,2.0,2.0,6.0,17.8,37.4,180,26.81
2021-07-02,31.0,24.6,27.6,1.9,1.9,7.0,14.1,30.2,184,25.59
2021-07-03,31.7,25.5,27.8,1.1,1.1,5.0,10.9,25.2,194,24.94
2021-07-04,30.9,24.5,27.4,0.0,0.0,0.0,10.5,23.4,314,23.61
2021-07-05,31.4,23.4,27.4,0.0,0.0,0.0,11.7,27.0,351,26.09
2021-07-06,31.2,24.7,27.2,14.4,14.4,14.0,24.5,49.7,197,21.29
2021-07-07,30.9,25.3,27.4,5.6,5.6,12.0,9.3,27.7,117,21.22
2021-07-08,30.7,25.0,27.7,0.9,0.9,5.0,10.3,23.8,184,22.15
2021-07-09,31.3,24.3,27.6,0.5,0.5,3.0,9.7,23.4,214,24.52
2021-07-10,30.5,24.6,27.5,0.5,0.5,4.0,10.7,25.2,284,21.82
2021-07-11,30.7,24.0,27.1,2.2,2.2,6.0,12.7,28.8,8,20.83
2021-07-12,30.7,24.1,27.3,2.3,2.3,7.0,6.8,19.1,29,18.7
2021-07-13,30.8,23.6,27.2,3.7,3.7,7.0,7.8,19.8,2,20.67
2021-07-14,31.4,23.4,27.3,1.2,1.2,4.0,17.2,36.0,11,22.48
2021-07-15,31.0,24.6,27.3,0.7,0.7,4.0,7.0,16.6,160,20.18
2021-07-16,31.3,24.0,27.2,0.5,0.5,3.0,9.7,23.8,72,23.76
2021-07-17,30.7,24.0,27.2,1.9,1.9,8.0,8.4,18.7,166,21.96
2021-07-18,30.5,24.2,27.1,4.6,4.6,5.0,6.2,19.1,113,20.33
2021-07-19,32.5,25.0,28.2,5.9,5.9,3.0,9.8,20.9,146,23.16
2021-07-20,30.6,25.2,27.3,6.7,6.7,7.0,11.1,25.9,159,18.71
2021-07-21,31.8,24.8,27.6,0.5,0.5,4.0,23.3,47.9,9,23.73
2021-07-22,29.6,25.0,26.8,1.1,1.1,11.0,37.5,77.0,2,20.42
2021-07-23,28.8,24.5,26.4,6.1,6.1,20.0,36.7,76.3,354,22.73
2021-07-24,28.9,24.5,25.9,13.7,13.7,18.0,23.4,50.4,328,12.64
2021-07-25,31.8,25.2,27.6,16.2,16.2,11.0,18.0,40.0,178,22.45
2021-07-26,30.9,24.7,27.2,23.4,23.4,18.0,17.8,39.2,169,21.14
2021-07-27,32.6,24.9,28.3,2.9,2.9,10.0,10.8,24.1,170,25.41
2021-07-28,32.5,24.9,27.9,10.7,10.7,12.0,13.4,33.8,171,21.44
2021-07-29,30.6,24.7,27.2,19.0,19.0,11.0,13.5,32.0,173,16.97
2021-07-30,30.4,24.9,26.5,19.6,19.6,15.0,16.4,37.8,181,14.94
2021-07-31,29.2,24.3,26.0,40.7,40.7,19.0,16.6,43.6,166,11.27
2021-08-01,25.2,23.8,24.4,216.1,216.1,24.0,18.3,37.8,159,2.3
2021-08-02,25.3,23.4,24.5,123.4,123.4,23.0,19.1,39.6,157,1.51
2021-08-03,29.2,23.8,26.0,56.9,56.9,20.0,12.1,32.8,178,12.62
2021-08-04,30.8,23.6,26.5,33.4,33.4,11.0,11.8,33.8,40,17.05
2021-08-05,30.5,24.4,26.8,15.3,15.3,15.0,16.0,50.8,146,13.59
2021-08-06,27.6,25.0,25.7,91.7,91.7,23.0,21.9,61.9,164,4.82
2021-08-07,25.8,24.5,25.1,140.7,140.7,24.0,26.6,60.1,201,3.05
2021-08-08,30.3,24.2,26.4,15.8,15.8,17.0,15.7,34.2,173,16.01
2021-08-09,29.9,24.6,26.7,21.4,21.4,14.0,12.1,34.2,167,18.42
2021-08-10,30.3,24.3,26.6,13.8,13.8,8.0,10.8,32.0,173,16.87
2021-08-11,31.0,24.2,26.7,13.3,13.3,8.0,9.2,27.7,167,19.79
2021-08-12,30.4,24.1,26.4,21.2,21.2,11.0,11.9,29.2,178,18.57
2021-08-13,29.9,24.1,26.1,15.6,15.6,8.0,15.0,34.2,173,17.52
2021-08-14,29.3,23.3,25.7,22.9,22.9,10.0,15.5,35.6,173,15.75
2021-08-15,29.9,23.1,26.4,8.2,8.2,10.0,11.2,26.3,178,20.74
2021-08-16,30.7,24.6,27.2,3.3,3.3,7.0,9.4,21.2,179,22.82
2021-08-17,30.5,24.6,27.1,3.8,3.8,8.0,9.4,23.8,183,20.52
2021-08-18,29.6,24.3,26.7,3.4,3.4,8.0,7.2,17.3,150,14.84
2021-08-19,30.7,24.0,26.5,6.4,6.4,7.0,6.8,24.1,169,19.54
2021-08-20,29.9,22.4,26.1,4.9,4.9,9.0,9.7,24.8,167,19.2
2021-08-21,30.4,23.5,26.6,5.5,5.5,9.0,10.7,24.1,175,19.86
2021-08-22,30.4,22.8,26.4,3.8,3.8,10.0,10.2,24.1,185,22.34
2021-08-23,30.8,22.8,26.7,1.5,1.5,6.0,13.8,27.4,166,23.17
2021-08-24,30.7,23.3,26.4,8.8,8.8,7.0,11.8,33.5,171,19.63
2021-08-25,30.8,23.8,26.9,4.2,4.2,7.0,7.9,23.4,186,21.15
2021-08-26,30.7,24.1,27.1,2.0,2.0,5.0,14.0,30.6,17,22.1
2021-08-27,30.5,23.0,26.8,0.0,0.0,0.0,10.5,24.5,7,23.78
2021-08-28,31.1,22.9,27.0,0.0,0.0,0.0,9.7,23.4,8,24.32
2021-08-29,31.0,23.3,27.1,0.0,0.0,0.0,8.2,19.1,126,23.49
2021-08-30,29.9,24.2,26.9,1.4,1.4,3.0,8.1,22.0,139,15.05
2021-08-31,30.3,24.7,27.1,1.3,1.3,3.0,14.2,31.3,168,19.0
2021-09-01,30.8,23.8,26.7,1.7,1.7,5.0,9.4,23.8,156,19.5
2021-09-02,29.8,23.9,26.4,7.7,7.7,13.0,9.7,22.7,169,17.11
2021-09-03,29.6,23.3,26.0,6.5,6.5,15.0,9.8,22.3,184,18.02
2021-09-04,30.4,23.2,26.1,6.8,6.8,7.0,12.8,29.5,34,19.07
2021-09-05,30.4,23.2,26.6,2.7,2.7,4.0,9.9,21.6,178,18.37
2021-09-06,30.9,23.6,27.4,0.0,0.0,0.0,10.5,24.1,207,19.79
2021-09-07,31.5,23.7,27.0,7.7,7.7,10.0,12.6,28.4,53,20.39
2021-09-08,30.4,24.2,27.0,2.3,2.3,9.0,10.5,24.1,158,20.26
2021-09-09,31.3,23.5,27.7,0.0,0.0,0.0,9.7,21.2,156,20.73
2021-09-10,31.3,24.1,27.9,0.0,0.0,0.0,9.9,22.7,355,20.38
2021-09-11,32.5,23.9,28.4,0.1,0.1,1.0,12.7,29.5,180,20.2
2021-09-12,29.4,24.4,26.0,26.2,26.2,19.0,17.7,34.9,203,8.07
2021-09-13,31.8,24.0,26.6,19.2,19.2,13.0,14.0,41.4,166,18.35
2021-09-14,31.2,24.0,26.7,14.8,14.8,12.0,13.0,29.2,168,17.91
2021-09-15,31.8,23.6,26.7,14.4,14.4,15.0,12.2,23.4,163,20.73
2021-09-16,30.4,22.7,26.2,7.8,7.8,9.0,10.8,23.0,136,19.5
2021-09-17,29.8,23.2,26.5,3.7,3.7,11.0,8.3,25.6,155,19.44
2021-09-18,30.7,23.9,27.3,0.6,0.6,3.0,9.0,22.0,38,20.66
2021-09-19,31.3,23.5,27.5,0.0,0.0,0.0,6.6,17.6,192,21.25
2021-09-20,31.8,23.6,27.5,0.0,0.0,0.0,8.9,18.7,173,22.78
2021-09-21,30.5,24.0,27.0,1.2,1.2,6.0,8.5,20.2,122,17.76
2021-09-22,30.4,24.3,26.9,3.7,3.7,10.0,9.4,23.0,45,18.18
2021-09-23,31.0,23.8,27.0,1.4,1.4,4.0,6.1,17.6,117,18.54
2021-09-24,30.6,23.9,27.0,0.3,0.3,3.0,12.6,28.4,126,18.15
2021-09-25,31.7,23.2,27.7,0.6,0.6,2.0,9.8,20.9,70,20.36
2021-09-26,31.8,23.4,27.5,0.0,0.0,0.0,16.2,33.1,33,20.7
2021-09-27,31.4,23.2,27.0,0.3,0.3,3.0,12.7,26.6,16,19.45
2021-09-28,31.7,23.2,27.1,0.0,0.0,0.0,12.0,25.2,24,18.29
2021-09-29,31.2,24.3,27.2,0.0,0.0,0.0,12.6,28.8,358,17.55
2021-09-30,32.4,23.9,27.4,0.1,0.1,1.0,11.6,25.6,146,20.04
2021-10-01,31.3,23.2,27.0,1.7,1.7,9.0,8.5,22.3,152,18.86
2021-10-02,31.5,22.5,27.1,0.0,0.0,0.0,10.8,26.6,87,20.09
2021-10-03,32.5,22.8,27.6,0.0,0.0,0.0,11.2,27.0,185,22.09
2021-10-04,33.2,22.7,27.6,0.0,0.0,0.0,14.1,32.4,315,21.44
2021-10-05,33.0,23.1,27.7,0.0,0.0,0.0,12.6,31.0,229,21.71
2021-10-06,33.5,23.8,28.5,0.0,0.0,0.0,13.7,32.4,214,21.65
2021-10-07,34.2,24.2,28.6,0.1,0.1,1.0,11.0,28.4,161,19.74
2021-10-08,34.2,25.6,29.0,0.0,0.0,0.0,14.0,33.1,264,18.12
2021-10-09,34.5,24.8,29.0,0.0,0.0,0.0,17.7,40.0,242,18.02
2021-10-10,34.3,23.7,29.3,0.0,0.0,0.0,11.3,29.9,286,21.05
2021-10-11,34.2,24.8,27.8,2.9,2.9,11.0,23.2,47.2,21,12.37
2021-10-12,32.8,24.8,27.7,14.4,14.4,14.0,11.2,28.1,187,11.62
2021-10-13,29.7,26.4,27.4,1.1,1.1,3.0,11.3,23.0,155,7.37
2021-10-14,27.0,24.5,25.6,29.5,29.5,23.0,10.1,20.2,173,4.94
2021-10-15,30.6,23.3,26.6,1.5,1.5,3.0,11.9,27.4,245,15.72
2021-10-16,31.1,23.0,26.2,0.9,0.9,4.0,28.2,53.3,5,17.08
2021-10-17,27.5,20.2,23.3,0.0,0.0,0.0,30.0,60.1,15,19.16
2021-10-18,29.6,19.6,23.5,0.0,0.0,0.0,20.5,40.0,18,16.47
2021-10-19,30.0,19.6,24.4,0.0,0.0,0.0,18.0,37.4,11,19.44
2021-10-20,31.2,20.9,25.1,2.6,2.6,7.0,11.4,25.9,348,18.17
2021-10-21,27.9,19.8,23.2,0.0,0.0,0.0,23.6,49.3,7,19.22
2021-10-22,24.2,19.1,20.5,10.8,10.8,11.0,20.2,40.7,15,11.7
2021-10-23,29.2,19.7,23.4,2.3,2.3,7.0,9.1,25.6,41,15.38
2021-10-24,26.6,19.7,22.4,16.3,16.3,13.0,21.2,42.1,14,14.91
2021-10-25,28.3,19.2,22.8,0.0,0.0,0.0,19.5,40.0,17,18.84
2021-10-26,30.2,19.5,24.4,0.5,0.5,4.0,9.0,19.4,121,17.97
2021-10-27,30.0,19.6,24.0,0.2,0.2,1.0,15.5,31.7,18,18.74
2021-10-28,29.3,19.7,23.7,0.2,0.2,2.0,18.8,40.3,16,18.89
2021-10-29,29.6,17.7,22.6,0.0,0.0,0.0,23.5,47.2,17,18.66
2021-10-30,28.8,19.0,23.0,0.0,0.0,0.0,18.5,39.2,18,14.91
2021-10-31,30.6,19.1,23.8,0.0,0.0,0.0,22.1,43.6,18,18.04
2021-11-01,31.1,19.6,24.4,2.5,2.5,4.0,13.3,28.4,12,17.84
2021-11-02,30.7,18.9,24.2,0.4,0.4,2.0,16.3,34.6,18,17.78
2021-11-03,30.4,20.3,25.2,0.0,0.0,0.0,10.9,20.9,48,16.14
2021-11-04,30.8,22.4,26.0,0.0,0.0,0.0,12.5,29.5,182,16.29
2021-11-05,32.3,19.7,25.2,0.0,0.0,0.0,12.5,29.5,209,18.02
2021-11-06,32.7,20.4,25.4,1.1,1.1,3.0,12.7,29.5,40,18.0
2021-11-07,33.4,19.2,25.5,0.0,0.0,0.0,13.5,25.9,12,18.24
2021-11-08,25.6,16.1,20.9,0.6,0.6,3.0,32.5,66.6,9,15.9
2021-11-09,24.5,15.3,18.5,0.0,0.0,0.0,23.4,45.7,358,15.36
2021-11-10,23.5,14.2,18.0,0.8,0.8,2.0,20.6,45.7,4,10.47
2021-11-11,27.5,11.0,18.6,0.0,0.0,0.0,20.8,40.7,18,18.85
2021-11-12,26.0,16.2,20.4,7.5,7.5,6.0,15.5,34.6,35,12.5
2021-11-13,22.2,15.8,18.6,33.5,33.5,17.0,20.8,39.6,6,8.22
2021-11-14,23.8,15.3,18.6,0.0,0.0,0.0,18.9,39.2,17,16.95
2021-11-15,27.2,16.7,21.4,0.0,0.0,0.0,8.0,16.9,70,14.72
2021-11-16,28.3,17.0,22.1,0.0,0.0,0.0,12.6,27.4,60,16.75
2021-11-17,29.2,18.2,22.7,0.0,0.0,0.0,14.1,31.3,188,16.1
2021-11-18,25.9,18.5,20.9,2.0,2.0,5.0,24.5,49.7,7,13.65
2021-11-19,28.0,18.0,21.8,0.0,0.0,0.0,21.4,42.8,11,16.6
2021-11-20,29.6,18.0,23.5,0.1,0.1,1.0,7.7,17.6,67,16.23
2021-11-21,28.5,19.2,23.7,0.7,0.7,5.0,9.6,24.1,351,16.26
2021-11-22,24.7,14.4,19.2,0.3,0.3,3.0,34.2,67.3,10,15.58
2021-11-23,19.7,13.7,15.7,3.4,3.4,8.0,24.3,51.1,12,10.08
2021-11-24,25.5,13.2,18.3,0.0,0.0,0.0,19.1,37.1,20,15.92
2021-11-25,25.0,15.0,19.7,0.0,0.0,0.0,14.3,30.2,17,9.65
2021-11-26,26.1,17.2,19.8,4.6,4.6,6.0,23.1,45.0,9,13.31
2021-11-27,27.8,16.2,21.0,4.5,4.5,4.0,15.6,34.2,17,12.88
2021-11-28,24.9,20.3,22.0,1.4,1.4,3.0,10.2,20.2,167,5.06
2021-11-29,28.4,19.7,23.3,0.0,0.0,0.0,10.5,23.8,221,15.26
2021-11-30,24.4,16.3,20.5,0.5,0.5,5.0,33.6,66.6,8,13.36
2021-12-01,19.0,12.0,14.7,0.0,0.0,0.0,29.9,59.4,10,16.12
2021-12-02,22.5,12.3,15.7,0.0,0.0,0.0,28.0,55.1,14,15.56
2021-12-03,21.5,10.4,15.3,0.0,0.0,0.0,25.9,52.6,16,17.13
2021-12-04,23.1,9.4,15.5,0.0,0.0,0.0,17.6,34.9,28,16.96
2021-12-05,25.5,11.7,18.1,0.0,0.0,0.0,14.8,31.0,27,16.35
2021-12-06,25.9,12.9,18.5,0.0,0.0,0.0,21.6,43.6,13,16.19
2021-12-07,25.3,14.2,18.9,0.0,0.0,0.0,18.0,35.6,17,16.06
2021-12-08,26.2,14.6,19.3,0.0,0.0,0.0,18.4,35.6,16,15.12
2021-12-09,26.1,16.4,20.2,0.0,0.0,0.0,18.8,37.1,33,13.03
2021-12-10,26.8,14.5,20.4,0.0,0.0,0.0,13.9,30.2,302,15.65
2021-12-11,27.0,15.3,20.3,0.0,0.0,0.0,17.4,34.6,2,15.28
2021-12-12,26.5,14.7,19.3,0.0,0.0,0.0,25.0,50.0,13,15.83
2021-12-13,24.4,15.1,18.3,0.0,0.0,0.0,22.4,46.8,12,15.7
2021-12-14,27.8,13.6,20.1,0.0,0.0,0.0,12.1,24.8,13,15.56
2021-12-15,28.9,15.3,20.9,0.0,0.0,0.0,11.3,24.1,357,15.65
2021-12-16,29.1,15.9,21.6,0.0,0.0,0.0,17.7,36.0,6,15.62
2021-12-17,23.8,13.8,18.4,0.0,0.0,0.0,33.7,67.3,8,15.49
2021-12-18,20.4,12.0,15.0,0.0,0.0,0.0,27.8,55.8,13,15.41
2021-12-19,24.3,14.5,18.0,0.0,0.0,0.0,12.3,24.1,32,9.82
2021-12-20,21.1,15.1,18.1,0.4,0.4,2.0,5.9,14.8,169,4.89
2021-12-21,20.7,16.4,18.0,31.4,31.4,19.0,26.2,50.8,12,4.97
2021-12-22,22.4,16.0,18.5,1.9,1.9,7.0,21.4,43.2,6,12.21
2021-12-23,25.2,16.6,20.3,2.2,2.2,11.0,9.5,23.4,343,12.63
2021-12-24,22.4,17.1,19.3,2.0,2.0,5.0,19.8,37.8,356,8.78
2021-12-25,21.6,13.8,17.0,1.4,1.4,3.0,26.3,51.1,10,12.83
2021-12-26,16.8,12.0,13.8,0.0,0.0,0.0,21.7,42.5,10,5.35
2021-12-27,14.3,10.1,12.2,7.8,7.8,22.0,17.8,36.0,15,4.39
2021-12-28,23.3,11.3,15.7,0.4,0.4,3.0,21.0,40.3,11,14.99
2021-12-29,22.7,12.1,16.3,0.0,0.0,0.0,22.2,44.6,11,14.61
2021-12-30,21.6,12.3,15.9,0.0,0.0,0.0,20.2,40.3,7,15.82
2021-12-31,21.6,10.7,14.9,0.0,0.0,0.0,19.7,39.2,19,15.48
2022-01-01,21.9,11.9,16.0,0.0,0.0,0.0,18.4,38.9,12,16.08
2022-01-02,22.9,11.3,16.2,0.0,0.0,0.0,19.7,41.0,17,15.94
2022-01-03,23.6,11.3,16.8,0.0,0.0,0.0,17.5,34.6,21,16.01
2022-01-04,25.9,12.2,18.0,0.0,0.0,0.0,10.5,20.9,29,16.05
2022-01-05,25.2,13.8,18.9,0.0,0.0,0.0,14.1,28.8,23,10.62
2022-01-06,20.6,14.1,17.0,7.6,7.6,10.0,27.3,55.4,11,12.1
2022-01-07,20.0,13.4,15.6,6.5,6.5,9.0,22.8,45.4,8,12.93
2022-01-08,21.7,13.0,16.2,1.9,1.9,6.0,17.7,36.7,8,15.9
2022-01-09,22.9,12.4,16.5,2.1,2.1,7.0,19.4,38.9,4,16.05
2022-01-10,23.5,11.5,16.8,0.6,0.6,2.0,15.8,29.2,14,15.26
2022-01-11,15.7,10.3,13.5,0.1,0.1,1.0,32.9,65.2,7,13.06
2022-01-12,19.0,10.6,13.8,1.7,1.7,7.0,13.7,26.6,18,12.68
2022-01-13,18.1,10.3,13.1,0.0,0.0,0.0,27.1,54.0,11,15.84
2022-01-14,22.0,7.9,14.3,0.0,0.0,0.0,10.4,20.2,8,16.95
2022-01-15,23.1,11.3,16.5,0.0,0.0,0.0,16.2,32.4,15,16.6
2022-01-16,24.6,12.2,17.8,0.0,0.0,0.0,13.3,28.1,16,16.68
2022-01-17,22.7,13.1,16.7,15.4,15.4,9.0,18.8,38.2,9,11.42
2022-01-18,22.2,13.1,16.5,3.1,3.1,3.0,13.7,31.3,16,11.33
2022-01-19,22.6,13.8,16.8,0.2,0.2,2.0,18.8,36.4,12,15.94
2022-01-20,23.8,12.2,17.8,0.0,0.0,0.0,10.5,23.8,17,16.59
2022-01-21,19.9,15.3,17.4,14.5,14.5,20.0,10.5,23.8,347,7.27
2022-01-22,21.7,15.5,17.6,6.2,6.2,13.0,10.4,24.1,356,6.31
2022-01-23,24.1,14.7,19.1,6.5,6.5,14.0,11.4,30.6,119,10.91
2022-01-24,18.8,15.2,17.3,0.4,0.4,3.0,21.1,40.7,7,4.37
2022-01-25,24.0,15.1,18.4,7.1,7.1,11.0,16.9,33.1,5,16.06
2022-01-26,25.2,14.0,18.9,0.0,0.0,0.0,12.7,23.4,358,16.55
2022-01-27,25.9,15.9,19.6,0.0,0.0,0.0,18.0,36.0,1,17.51
2022-01-28,22.1,15.3,18.0,5.8,5.8,10.0,16.6,34.6,8,9.76
2022-01-29,19.1,14.8,16.3,2.5,2.5,7.0,18.4,36.4,10,5.41
2022-01-30,17.2,10.3,13.5,0.3,0.3,2.0,33.8,67.3,5,13.89
2022-01-31,21.9,8.5,15.2,0.0,0.0,0.0,11.9,25.9,337,17.06
2022-02-01,19.9,14.5,16.3,12.5,12.5,14.0,13.5,27.4,6,7.57
2022-02-02,24.3,13.7,17.7,2.2,2.2,3.0,22.3,47.9,7,14.66
2022-02-03,20.5,14.5,16.3,32.4,32.4,19.0,20.1,45.0,5,9.03
2022-02-04,20.8,11.2,15.1,2.1,2.1,6.0,23.2,45.4,11,16.98
2022-02-05,19.7,10.5,13.8,0.0,0.0,0.0,21.5,42.8,22,15.71
2022-02-06,20.5,10.0,14.2,0.0,0.0,0.0,13.7,31.3,21,17.88
2022-02-07,21.3,10.4,15.3,13.7,13.7,8.0,23.9,49.0,27,8.42
2022-02-08,20.2,12.2,15.5,0.3,0.3,1.0,25.9,51.1,3,15.71
2022-02-09,23.8,12.6,16.9,8.5,8.5,11.0,15.3,31.7,357,16.05
2022-02-10,23.2,13.7,17.0,0.0,0.0,0.0,15.5,33.5,5,18.39
2022-02-11,24.3,13.1,18.0,0.0,0.0,0.0,14.4,29.5,11,19.26
2022-02-12,22.0,15.0,17.6,0.0,0.0,0.0,18.1,37.8,8,17.64
2022-02-13,24.1,14.0,17.5,5.5,5.5,9.0,21.6,41.4,359,12.5
2022-02-14,17.6,10.6,14.1,19.2,19.2,13.0,23.5,45.4,5,7.85
2022-02-15,21.9,10.9,16.1,1.9,1.9,6.0,15.8,29.9,344,17.57
2022-02-16,22.0,11.7,16.0,0.0,0.0,0.0,15.5,33.1,23,19.89
2022-02-17,22.7,11.7,17.0,0.8,0.8,2.0,13.3,28.1,14,12.78
2022-02-18,24.3,14.4,17.7,1.5,1.5,5.0,20.5,41.0,357,18.41
2022-02-19,20.0,11.0,15.3,15.8,15.8,18.0,29.5,51.1,8,10.48
2022-02-20,10.5,8.3,9.1,33.0,33.0,21.0,30.3,59.8,6,3.37
2022-02-21,14.2,8.7,11.8,17.5,17.5,23.0,16.7,31.7,15,3.42
2022-02-22,17.0,12.8,14.3,29.1,29.1,24.0,16.9,34.6,9,3.68
2022-02-23,14.2,10.6,12.6,64.0,64.0,19.0,30.0,63.4,12,3.26
2022-02-24,18.0,9.8,12.8,0.0,0.0,0.0,22.3,43.9,20,17.38
2022-02-25,21.3,9.4,15.0,0.0,0.0,0.0,15.0,31.7,21,17.96
2022-02-26,22.4,11.7,16.8,0.2,0.2,2.0,14.4,30.2,12,20.52
2022-02-27,24.4,11.4,17.3,0.0,0.0,0.0,8.2,15.5,46,21.26
2022-02-28,25.3,12.3,18.6,0.0,0.0,0.0,8.2,16.9,48,21.24
2022-03-01,26.3,14.3,19.8,0.1,0.1,1.0,9.6,21.6,39,20.27
2022-03-02,24.8,15.2,20.1,0.0,0.0,0.0,17.2,35.6,23,19.92
2022-03-03,26.3,15.6,20.2,0.6,0.6,3.0,9.2,21.2,249,20.58
2022-03-04,26.4,16.2,20.7,0.0,0.0,0.0,10.4,22.3,265,20.84
2022-03-05,26.3,15.0,20.5,0.0,0.0,0.0,7.4,19.8,39,20.98
2022-03-06,26.2,15.1,20.6,0.2,0.2,2.0,7.7,21.6,205,17.77
2022-03-07,18.2,10.2,14.9,15.6,15.6,13.0,30.6,62.3,360,4.46
2022-03-08,21.6,8.7,14.7,0.0,0.0,0.0,22.7,43.9,17,22.35
2022-03-09,22.4,11.3,16.6,0.0,0.0,0.0,15.9,32.8,40,21.43
2022-03-10,22.8,13.9,18.1,0.0,0.0,0.0,9.7,20.5,175,21.66
2022-03-11,24.4,11.7,18.0,0.0,0.0,0.0,11.2,23.4,35,21.7
2022-03-12,25.6,13.2,19.3,0.0,0.0,0.0,7.6,20.2,187,21.94
2022-03-13,28.1,15.1,21.2,0.0,0.0,0.0,9.9,22.0,47,22.2
2022-03-14,28.0,16.1,21.8,0.3,0.3,2.0,10.0,22.3,24,21.81
2022-03-15,28.1,17.4,22.1,0.0,0.0,0.0,15.7,33.5,13,21.79
2022-03-16,28.0,17.8,22.0,0.0,0.0,0.0,9.0,22.3,187,19.06
2022-03-17,24.9,18.6,21.6,61.4,61.4,13.0,14.8,29.2,137,12.19
2022-03-18,25.5,19.5,21.9,6.3,6.3,11.0,19.9,40.7,15,19.88
2022-03-19,27.6,16.9,21.9,0.0,0.0,0.0,12.9,26.6,349,20.96
2022-03-20,27.8,19.2,22.7,1.3,1.3,5.0,11.0,22.7,326,21.66
2022-03-21,28.4,19.5,23.2,8.2,8.2,11.0,10.5,27.4,290,20.18
2022-03-22,26.6,17.9,21.7,26.4,26.4,11.0,18.2,36.7,351,19.34
2022-03-23,18.2,14.8,16.5,27.3,27.3,24.0,21.4,43.6,359,4.76
2022-03-24,22.6,14.7,18.2,8.1,8.1,16.0,10.8,22.0,267,9.16
2022-03-25,27.5,18.1,22.7,1.6,1.6,5.0,13.5,27.4,177,18.19
2022-03-26,27.1,22.3,24.0,36.3,36.3,11.0,16.5,36.7,140,9.51
2022-03-27,22.9,17.3,19.8,108.2,108.2,24.0,15.5,36.7,1,8.22
2022-03-28,18.4,16.0,16.9,93.8,93.8,20.0,13.1,31.7,4,4.9
2022-03-29,25.9,16.4,20.7,3.4,3.4,6.0,12.2,24.1,0,19.36
2022-03-30,26.2,19.0,22.1,5.6,5.6,2.0,19.5,39.6,8,15.81
2022-03-31,28.3,17.7,22.9,0.4,0.4,3.0,21.3,40.0,5,20.23
2022-04-01,21.3,13.8,17.0,1.2,1.2,6.0,24.4,49.3,11,18.09
2022-04-02,14.3,12.5,13.3,19.5,19.5,22.0,24.4,47.5,12,3.83
2022-04-03,16.5,12.2,13.9,17.8,17.8,15.0,18.6,35.6,16,6.17
2022-04-04,24.2,11.0,17.7,0.0,0.0,0.0,9.0,18.0,18,24.25
2022-04-05,24.7,13.4,19.0,0.5,0.5,3.0,11.8,26.3,24,24.02
2022-04-06,25.0,15.2,19.9,0.0,0.0,0.0,7.3,18.7,42,22.27
2022-04-07,25.6,16.2,20.5,0.0,0.0,0.0,16.3,32.0,16,21.36
2022-04-08,25.6,17.5,21.5,0.0,0.0,0.0,10.2,21.6,136,22.68
2022-04-09,26.2,17.2,21.7,0.2,0.2,2.0,11.0,26.6,347,22.65
2022-04-10,27.5,18.8,23.0,0.1,0.1,1.0,10.5,23.8,23,22.65
2022-04-11,28.2,18.9,23.5,0.3,0.3,2.0,12.6,27.0,4,22.96
2022-04-12,28.1,19.7,23.4,0.0,0.0,0.0,11.8,24.8,6,23.48
2022-04-13,28.4,19.0,23.2,0.3,0.3,2.0,11.3,25.2,193,22.8
2022-04-14,27.2,19.6,22.6,11.9,11.9,9.0,19.5,38.9,5,22.15
2022-04-15,25.1,16.5,20.2,0.0,0.0,0.0,28.1,55.1,10,23.79
2022-04-16,25.3,16.2,20.3,0.3,0.3,3.0,18.8,36.4,14,20.83
2022-04-17,24.9,17.1,20.1,3.5,3.5,7.0,17.5,34.6,5,20.32
2022-04-18,26.6,18.1,21.4,0.3,0.3,2.0,17.8,35.6,357,20.06
2022-04-19,23.3,17.4,19.1,9.1,9.1,12.0,16.0,33.1,356,11.99
2022-04-20,26.4,17.6,21.6,6.0,6.0,8.0,11.2,23.8,307,21.67
2022-04-21,27.9,18.4,22.9,0.4,0.4,4.0,8.5,22.0,332,23.3
2022-04-22,29.4,19.1,24.5,0.4,0.4,2.0,8.9,23.0,121,22.56
2022-04-23,28.2,21.2,24.3,9.4,9.4,7.0,16.9,35.6,176,16.6
2022-04-24,30.1,21.2,25.3,2.4,2.4,5.0,8.9,23.0,166,20.78
2022-04-25,29.5,21.8,25.2,2.0,2.0,7.0,12.5,28.8,178,20.29
2022-04-26,31.4,21.3,26.1,0.6,0.6,3.0,17.7,41.4,182,23.59
2022-04-27,30.9,21.6,25.8,0.2,0.2,2.0,11.8,24.1,294,25.11
2022-04-28,30.6,21.9,25.7,1.7,1.7,6.0,10.3,24.1,196,23.09
2022-04-29,30.8,21.4,25.3,2.2,2.2,6.0,18.6,38.2,47,23.57
2022-04-30,29.2,20.7,23.9,1.2,1.2,5.0,17.7,36.0,352,22.08
2022-05-01,22.7,16.6,19.8,6.6,6.6,15.0,20.9,41.0,6,9.11
2022-05-02,19.3,15.4,16.7,56.9,56.9,23.0,21.0,39.2,7,5.77
2022-05-03,25.4,15.7,21.0,0.8,0.8,3.0,8.8,18.0,238,19.48
2022-05-04,27.8,20.2,23.6,0.2,0.2,1.0,8.5,21.6,294,21.56
2022-05-05,28.8,20.4,23.7,0.1,0.1,1.0,19.5,39.6,9,23.02
2022-05-06,28.5,20.0,24.3,0.6,0.6,4.0,16.5,33.8,19,23.14
2022-05-07,28.6,22.0,25.0,0.8,0.8,5.0,12.6,27.7,7,21.5
2022-05-08,28.4,22.1,24.3,2.7,2.7,8.0,14.8,30.2,8,15.69
2022-05-09,25.6,21.6,23.1,14.8,14.8,11.0,12.6,27.7,12,7.93
2022-05-10,28.9,20.1,23.8,28.5,28.5,16.0,14.8,34.2,147,20.43
2022-05-11,28.3,21.7,23.9,13.1,13.1,16.0,9.9,23.8,102,15.96
2022-05-12,28.2,19.9,23.5,22.4,22.4,13.0,14.7,31.3,158,13.38
2022-05-13,26.7,21.8,23.9,19.5,19.5,14.0,18.2,42.1,126,10.51
2022-05-14,23.4,21.2,22.1,120.9,120.9,23.0,14.1,40.0,72,3.33
2022-05-15,25.9,17.4,21.5,26.5,26.5,20.0,16.3,36.7,4,15.57
2022-05-16,19.1,16.7,17.7,67.4,67.4,24.0,17.5,40.3,13,4.72
2022-05-17,26.2,17.0,21.0,5.5,5.5,10.0,16.2,33.8,10,21.36
2022-05-18,29.0,17.8,23.8,0.2,0.2,1.0,7.2,16.6,82,23.93
2022-05-19,29.3,20.8,25.2,0.6,0.6,3.0,9.4,25.2,193,24.55
2022-05-20,29.2,22.1,25.3,0.0,0.0,0.0,15.2,31.3,2,24.72
2022-05-21,28.7,20.7,24.4,0.4,0.4,2.0,13.8,30.6,1,23.29
2022-05-22,28.4,21.3,24.6,2.7,2.7,7.0,8.4,23.4,217,20.98
2022-05-23,27.9,22.4,24.4,20.4,20.4,15.0,13.8,28.8,6,15.44
2022-05-24,28.6,22.2,24.6,22.0,22.0,22.0,7.1,26.6,276,14.57
2022-05-25,28.2,22.7,24.1,65.2,65.2,24.0,10.5,31.7,200,11.23
2022-05-26,26.7,21.5,23.9,44.8,44.8,21.0,15.9,35.6,181,10.77
2022-05-27,27.0,22.3,24.1,77.0,77.0,23.0,15.6,34.6,197,10.82
2022-05-28,30.7,21.9,26.3,0.2,0.2,2.0,14.8,35.6,174,20.15
2022-05-29,30.9,22.4,26.6,4.3,4.3,9.0,14.6,36.0,165,23.77
2022-05-30,30.0,24.0,26.7,12.5,12.5,7.0,13.9,34.2,169,22.31
2022-05-31,29.3,22.9,25.8,15.7,15.7,7.0,14.9,38.9,156,16.75
2022-06-01,30.9,23.1,26.4,12.9,12.9,7.0,17.2,37.1,167,23.84
2022-06-02,30.0,23.9,26.2,27.5,27.5,7.0,12.4,29.9,173,18.18
2022-06-03,30.3,23.5,25.9,14.4,14.4,11.0,15.8,36.7,156,22.0
2022-06-04,29.2,23.6,25.8,26.7,26.7,8.0,16.4,37.8,168,19.98
2022-06-05,30.7,23.8,26.9,2.7,2.7,3.0,20.9,46.8,179,24.28
2022-06-06,29.7,24.2,26.0,11.3,11.3,9.0,18.4,40.0,164,12.93
2022-06-07,28.4,22.9,24.8,40.1,40.1,16.0,16.8,33.5,187,12.06
2022-06-08,26.4,22.0,23.8,36.4,36.4,18.0,10.2,28.1,142,8.67
2022-06-09,28.0,21.9,24.2,19.1,19.1,17.0,10.6,28.1,150,9.95
2022-06-10,29.5,22.4,25.8,4.0,4.0,8.0,14.6,38.5,165,15.61
2022-06-11,30.0,22.9,25.9,45.0,45.0,13.0,13.8,31.3,161,18.89
2022-06-12,29.8,23.2,25.4,22.7,22.7,12.0,15.9,41.8,143,16.61
2022-06-13,31.0,23.0,26.6,0.7,0.7,6.0,22.0,43.6,168,20.08
2022-06-14,30.9,23.8,26.7,3.5,3.5,8.0,17.7,36.7,166,22.77
2022-06-15,30.0,22.7,25.1,11.3,11.3,8.0,10.9,24.8,149,10.76
2022-06-16,29.5,23.0,25.5,12.1,12.1,10.0,20.4,40.3,143,16.12
2022-06-17,30.1,22.9,26.2,1.9,1.9,7.0,13.3,34.6,152,17.92
2022-06-18,31.9,23.4,27.4,0.5,0.5,5.0,15.1,32.8,166,26.12
2022-06-19,31.2,24.2,27.1,5.6,5.6,6.0,14.9,32.4,162,25.21
2022-06-20,31.3,23.2,26.7,2.0,2.0,4.0,16.9,37.4,158,25.13
2022-06-21,30.7,23.2,26.6,5.4,5.4,6.0,12.1,31.0,156,21.32
2022-06-22,31.4,22.7,27.2,0.7,0.7,1.0,10.1,23.4,164,24.9
2022-06-23,31.8,24.8,27.3,2.4,2.4,5.0,11.4,27.7,162,23.39
2022-06-24,30.8,23.3,26.2,16.4,16.4,8.0,12.4,29.9,167,20.61
2022-06-25,29.8,23.5,25.8,5.6,5.6,9.0,12.3,32.0,185,16.01
2022-06-26,30.8,23.6,26.7,1.3,1.3,6.0,8.7,22.3,178,23.42
2022-06-27,31.0,22.8,26.8,0.9,0.9,4.0,10.5,23.4,14,23.19
2022-06-28,30.8,23.5,26.8,1.6,1.6,4.0,14.3,31.0,1,22.11
2022-06-29,29.2,24.2,26.3,12.3,12.3,11.0,9.2,24.1,22,16.43
2022-06-30,30.6,23.3,27.0,11.9,11.9,8.0,15.8,29.5,27,24.38
2022-07-01,31.2,23.6,27.2,10.2,10.2,6.0,10.4,29.5,148,23.84
2022-07-02,29.1,23.8,26.0,42.2,42.2,21.0,8.0,19.4,75,13.87
2022-07-03,31.1,23.2,26.5,20.7,20.7,7.0,15.7,32.0,165,20.86
2022-07-04,30.7,23.2,26.6,24.4,24.4,9.0,11.3,39.6,163,20.59
2022-07-05,30.3,23.8,26.4,22.0,22.0,7.0,14.7,38.9,168,17.86
2022-07-06,30.0,22.8,26.3,6.8,6.8,6.0,17.9,39.2,167,21.48
2022-07-07,30.6,23.4,26.5,7.2,7.2,9.0,7.2,19.4,156,22.74
2022-07-08,30.3,23.4,27.1,3.6,3.6,7.0,13.0,28.1,3,22.75
2022-07-09,31.0,24.5,27.5,0.8,0.8,3.0,11.2,22.3,183,21.96
2022-07-10,31.8,25.0,27.9,0.7,0.7,4.0,9.0,21.2,196,22.45
2022-07-11,31.1,24.7,27.9,0.2,0.2,2.0,8.3,20.2,204,21.96
2022-07-12,30.0,25.8,27.6,1.3,1.3,8.0,7.7,18.0,222,18.64
2022-07-13,30.5,24.4,27.4,1.1,1.1,7.0,13.2,28.1,343,22.44
2022-07-14,31.6,24.3,27.6,2.0,2.0,8.0,14.2,29.2,163,22.19
2022-07-15,29.3,24.5,27.0,0.9,0.9,6.0,14.1,29.5,167,14.56
2022-07-16,30.5,24.5,27.2,12.6,12.6,7.0,14.8,32.4,162,19.22
2022-07-17,30.7,23.6,27.4,18.6,18.6,11.0,19.1,40.0,167,20.06
2022-07-18,31.2,24.7,27.6,1.6,1.6,7.0,15.5,35.6,167,20.39
2022-07-19,30.8,24.5,27.3,2.8,2.8,6.0,13.0,27.0,161,19.35
2022-07-20,32.6,24.1,27.7,5.9,5.9,4.0,9.4,22.0,165,24.95
2022-07-21,33.0,24.8,28.2,0.5,0.5,4.0,12.4,28.1,181,24.62
2022-07-22,32.2,24.6,28.3,0.0,0.0,0.0,8.3,19.1,215,24.57
2022-07-23,32.7,26.0,28.8,0.0,0.0,0.0,9.9,23.0,204,25.99
2022-07-24,33.5,25.7,28.6,0.2,0.2,2.0,10.9,23.8,189,24.31
2022-07-25,33.0,25.0,28.4,0.1,0.1,1.0,10.1,20.9,216,21.65
2022-07-26,30.7,24.5,27.0,4.3,4.3,6.0,8.1,22.3,146,18.2
2022-07-27,30.6,25.0,27.3,2.1,2.1,11.0,10.0,21.6,191,20.03
2022-07-28,31.1,24.6,27.6,3.4,3.4,9.0,11.5,28.1,72,21.2
2022-07-29,30.7,24.5,27.4,3.8,3.8,13.0,10.3,24.5,8,19.07
2022-07-30,30.4,23.1,26.5,12.3,12.3,8.0,9.5,23.0,118,17.57
2022-07-31,31.6,24.1,27.2,10.8,10.8,6.0,14.5,29.2,157,20.08
2022-08-01,32.1,24.8,27.3,7.4,7.4,3.0,8.5,21.6,173,17.46
2022-08-02,28.0,24.4,25.7,12.2,12.2,15.0,8.4,22.7,170,7.85
2022-08-03,29.7,22.8,26.4,4.5,4.5,7.0,14.1,31.3,342,20.77
2022-08-04,31.9,23.7,26.8,10.4,10.4,6.0,9.1,24.1,52,21.28
2022-08-05,31.5,23.3,27.1,1.2,1.2,5.0,11.9,25.9,18,23.75
2022-08-06,31.3,23.8,27.3,0.3,0.3,3.0,9.3,23.0,24,23.54
2022-08-07,31.4,23.9,27.2,0.7,0.7,2.0,11.4,25.6,27,23.43
2022-08-08,31.6,22.9,27.0,1.6,1.6,3.0,11.1,25.2,33,21.92
2022-08-09,30.7,23.6,26.9,3.5,3.5,3.0,10.3,24.1,140,21.51
2022-08-10,30.9,23.6,27.3,0.7,0.7,7.0,12.4,28.1,9,23.45
2022-08-11,31.1,23.8,26.7,27.9,27.9,10.0,11.4,24.5,118,20.64
2022-08-12,30.7,23.5,26.7,3.9,3.9,7.0,7.3,20.9,169,21.39
2022-08-13,31.2,24.2,27.4,3.1,3.1,3.0,6.9,18.0,170,21.52
2022-08-14,31.1,24.4,27.6,1.1,1.1,6.0,10.6,24.8,26,22.04
2022-08-15,31.3,23.5,27.2,3.5,3.5,5.0,13.0,27.4,112,20.83
2022-08-16,31.6,23.9,27.8,0.7,0.7,4.0,16.6,35.6,360,22.88
2022-08-17,30.5,24.3,26.5,17.3,17.3,14.0,10.9,22.3,158,15.76
2022-08-18,29.9,24.2,26.6,3.5,3.5,10.0,10.2,20.2,146,16.6
2022-08-19,31.9,23.4,27.4,3.5,3.5,6.0,7.6,18.4,142,22.77
2022-08-20,31.7,23.8,27.5,0.5,0.5,4.0,8.2,18.7,182,22.65
2022-08-21,31.5,24.6,27.8,0.0,0.0,0.0,8.0,20.5,200,23.61
2022-08-22,33.0,24.6,28.3,0.0,0.0,0.0,8.4,19.8,190,23.79
2022-08-23,32.0,25.4,28.4,0.0,0.0,0.0,11.1,22.3,210,19.96
2022-08-24,32.9,24.0,27.6,9.7,9.7,6.0,13.1,28.4,140,18.86
2022-08-25,33.3,23.9,27.7,2.0,2.0,5.0,12.4,26.3,150,22.93
2022-08-26,32.0,23.7,27.9,0.2,0.2,2.0,7.9,20.9,173,23.49
2022-08-27,33.9,24.4,28.6,16.2,16.2,2.0,13.5,27.0,156,23.34
2022-08-28,31.8,23.8,26.4,20.0,20.0,13.0,10.0,22.7,87,14.67
2022-08-29,30.5,22.8,26.3,20.9,20.9,10.0,11.2,24.8,144,20.76
2022-08-30,31.0,24.2,27.0,1.0,1.0,5.0,9.9,22.3,167,19.87
2022-08-31,32.1,24.8,27.8,0.1,0.1,1.0,6.3,16.6,92,19.2
2022-09-01,31.1,23.6,27.0,0.8,0.8,2.0,38.4,75.2,8,22.55
2022-09-02,29.1,25.1,26.4,1.0,1.0,7.0,44.2,88.2,5,16.59
2022-09-03,28.5,24.0,25.9,4.5,4.5,16.0,37.2,72.7,357,17.3
2022-09-04,28.3,24.1,25.8,17.2,17.2,21.0,26.4,50.8,275,10.28
2022-09-05,31.7,24.2,26.9,15.8,15.8,15.0,14.1,33.1,156,18.98
2022-09-06,30.0,24.5,26.4,18.4,18.4,14.0,9.4,25.9,30,15.55
2022-09-07,30.3,24.5,26.2,19.2,19.2,17.0,11.4,23.0,93,12.06
2022-09-08,30.8,23.8,26.7,1.4,1.4,3.0,9.9,22.7,51,23.06
2022-09-09,30.3,24.0,26.4,0.2,0.2,2.0,11.3,23.4,17,21.93
2022-09-10,30.0,22.0,25.7,0.0,0.0,0.0,22.0,42.8,11,21.18
2022-09-11,29.6,21.7,25.3,0.3,0.3,3.0,24.3,49.0,14,15.08
2022-09-12,28.4,23.3,25.3,2.9,2.9,19.0,32.5,63.7,360,19.82
2022-09-13,27.8,21.7,24.4,8.7,8.7,16.0,18.1,39.2,3,18.34
2022-09-14,30.5,22.4,26.3,1.4,1.4,4.0,10.1,23.4,160,23.48
2022-09-15,30.8,23.0,26.3,0.3,0.3,1.0,9.2,19.4,101,22.48
2022-09-16,30.5,22.3,25.9,0.1,0.1,1.0,7.9,20.2,39,21.03
2022-09-17,30.4,20.6,25.3,0.2,0.2,2.0,11.7,26.6,26,21.54
2022-09-18,31.1,21.5,25.6,1.3,1.3,2.0,9.0,23.4,148,21.86
2022-09-19,30.8,21.1,26.1,1.7,1.7,3.0,13.2,31.0,20,20.03
2022-09-20,30.2,22.1,25.6,1.6,1.6,2.0,20.0,40.7,18,21.61
2022-09-21,30.6,20.4,25.0,0.0,0.0,0.0,22.0,44.6,18,22.15
2022-09-22,31.6,21.6,25.9,0.1,0.1,1.0,17.9,36.7,14,22.21
2022-09-23,31.9,20.5,25.6,0.0,0.0,0.0,24.2,47.5,11,22.48
2022-09-24,31.0,22.8,25.9,0.0,0.0,0.0,22.1,43.6,12,17.93
2022-09-25,33.3,22.3,27.0,0.0,0.0,0.0,17.1,35.3,18,21.3
2022-09-26,33.6,23.3,28.3,0.4,0.4,2.0,11.7,26.6,288,20.36
2022-09-27,33.3,23.3,28.1,0.0,0.0,0.0,11.4,26.6,33,19.33
2022-09-28,33.9,22.8,28.5,0.0,0.0,0.0,13.4,30.2,29,21.36
2022-09-29,33.9,24.3,28.8,0.2,0.2,2.0,10.3,23.4,187,20.3
2022-09-30,34.2,24.1,28.8,0.0,0.0,0.0,13.0,31.0,263,19.53
2022-10-01,34.5,23.2,28.7,0.0,0.0,0.0,12.0,28.8,327,21.82
2022-10-02,34.5,23.3,28.6,0.0,0.0,0.0,14.7,32.4,345,21.72
2022-10-03,34.4,24.0,28.6,0.0,0.0,0.0,14.3,32.4,257,21.16
2022-10-04,32.5,25.4,28.5,0.0,0.0,0.0,12.9,26.6,287,14.5
2022-10-05,35.2,24.5,29.5,0.0,0.0,0.0,11.5,27.7,179,19.63
2022-10-06,33.5,23.9,28.5,0.5,0.5,2.0,10.6,24.5,165,19.44
2022-10-07,32.0,23.5,27.0,1.0,1.0,3.0,11.7,27.7,17,15.75
2022-10-08,32.8,22.3,26.7,0.6,0.6,5.0,15.6,33.8,35,16.57
2022-10-09,32.1,23.1,26.3,0.2,0.2,2.0,23.8,46.4,12,13.27
2022-10-10,26.8,19.4,22.3,0.0,0.0,0.0,31.7,63.7,10,19.12
2022-10-11,27.4,19.0,22.3,0.0,0.0,0.0,25.9,52.2,15,16.77
2022-10-12,31.0,19.1,23.9,0.0,0.0,0.0,27.4,55.1,6,20.93
2022-10-13,30.9,20.8,24.9,0.0,0.0,0.0,27.8,56.2,13,21.09
2022-10-14,31.7,21.9,25.4,0.0,0.0,0.0,27.2,53.6,15,19.84
2022-10-15,30.0,22.1,25.2,0.0,0.0,0.0,30.0,59.8,12,14.84
2022-10-16,31.4,23.5,26.3,1.0,1.0,4.0,15.2,32.0,19,10.9
2022-10-17,29.3,20.9,24.2,0.0,0.0,0.0,39.1,75.2,12,18.03
2022-10-18,26.4,19.3,21.6,0.0,0.0,0.0,32.0,64.1,10,17.37
2022-10-19,28.2,18.9,22.6,0.0,0.0,0.0,20.0,41.8,14,19.44
2022-10-20,31.3,20.2,24.5,0.0,0.0,0.0,23.1,46.1,7,17.27
2022-10-21,31.5,19.6,25.1,0.0,0.0,0.0,15.8,32.4,348,18.98
2022-10-22,34.1,22.6,27.3,0.5,0.5,1.0,12.3,29.2,15,18.69
2022-10-23,27.5,20.9,23.4,25.4,25.4,12.0,22.1,43.6,11,12.93
2022-10-24,26.1,18.9,21.8,0.0,0.0,0.0,24.5,48.2,15,17.34
2022-10-25,26.5,18.5,21.6,0.1,0.1,1.0,16.6,33.5,16,13.35
2022-10-26,28.3,19.0,23.2,0.0,0.0,0.0,12.4,26.6,8,17.17
2022-10-27,28.5,19.7,24.1,0.0,0.0,0.0,17.7,32.4,6,18.21
2022-10-28,30.8,20.1,24.7,0.0,0.0,0.0,21.2,41.8,18,19.26
2022-10-29,31.3,20.7,24.5,0.0,0.0,0.0,19.9,40.3,16,18.9
2022-10-30,31.4,19.4,24.3,0.0,0.0,0.0,19.3,36.7,14,15.82
2022-10-31,24.2,19.4,22.0,30.5,30.5,18.0,26.3,51.8,10,5.81
2022-11-01,26.6,19.3,22.1,3.6,3.6,4.0,23.5,47.2,9,15.69
2022-11-02,29.6,18.9,23.6,0.0,0.0,0.0,14.3,29.9,13,17.04
2022-11-03,29.3,20.9,24.5,0.0,0.0,0.0,17.4,35.3,13,17.73
2022-11-04,27.4,19.4,23.2,0.0,0.0,0.0,19.7,40.0,11,16.93
2022-11-05,26.3,18.0,21.2,3.1,3.1,4.0,14.8,31.7,15,14.62
2022-11-06,27.6,17.2,21.5,0.5,0.5,3.0,15.3,29.9,7,16.55
2022-11-07,28.6,18.7,23.2,0.0,0.0,0.0,11.1,23.4,133,16.07
2022-11-08,24.3,20.6,22.5,3.0,3.0,8.0,11.0,24.5,18,5.77
2022-11-09,29.7,18.8,24.0,0.0,0.0,0.0,12.6,29.5,179,17.79
2022-11-10,29.4,20.0,24.3,0.0,0.0,0.0,13.0,28.8,0,17.33
2022-11-11,30.2,20.9,24.9,0.0,0.0,0.0,8.5,18.4,20,17.26
2022-11-12,30.9,20.2,24.8,0.0,0.0,0.0,9.7,21.6,357,17.38
2022-11-13,31.2,20.0,24.6,0.0,0.0,0.0,14.5,31.0,21,17.68
2022-11-14,30.9,18.9,24.2,0.0,0.0,0.0,10.8,22.0,26,16.62
2022-11-15,31.0,19.0,23.8,0.8,0.8,3.0,15.5,32.0,14,17.02
2022-11-16,29.7,18.9,23.5,0.0,0.0,0.0,13.7,31.3,15,15.72
2022-11-17,29.7,19.8,24.0,1.5,1.5,4.0,12.3,27.0,2,16.32
2022-11-18,31.0,19.2,24.2,0.0,0.0,0.0,16.6,36.7,9,16.96
2022-11-19,30.3,18.9,24.0,0.6,0.6,3.0,17.4,37.1,12,16.65
2022-11-20,30.8,19.3,24.5,0.0,0.0,0.0,13.0,29.9,18,16.24
2022-11-21,31.2,20.0,25.2,0.0,0.0,0.0,9.1,24.8,267,15.87
2022-11-22,30.3,21.3,25.1,0.3,0.3,2.0,11.8,28.4,300,13.36
2022-11-23,29.4,21.1,23.5,25.9,25.9,12.0,18.7,37.4,1,13.06
2022-11-24,25.2,20.9,22.6,115.9,115.9,23.0,10.3,26.3,36,8.32
2022-11-25,27.9,19.4,22.9,19.2,19.2,12.0,10.9,24.5,287,14.39
2022-11-26,24.5,19.1,21.4,7.8,7.8,7.0,22.4,44.6,23,8.95
2022-11-27,27.6,19.3,22.6,19.6,19.6,5.0,10.5,20.9,124,13.09
2022-11-28,29.5,18.7,23.5,0.0,0.0,0.0,8.7,19.1,153,16.2
2022-11-29,29.7,20.2,24.3,0.0,0.0,0.0,9.8,21.6,134,15.11
2022-11-30,23.7,17.1,20.8,2.3,2.3,2.0,25.0,49.7,12,14.83
2022-12-01,21.5,15.8,18.0,70.2,70.2,14.0,24.5,48.6,9,12.97
2022-12-02,22.1,16.3,18.5,33.0,33.0,12.0,19.2,38.9,9,11.3
2022-12-03,25.3,17.2,20.8,0.0,0.0,0.0,16.7,34.2,5,14.99
2022-12-04,23.6,18.2,20.3,0.0,0.0,0.0,20.5,40.0,6,11.8
2022-12-05,21.1,15.6,18.2,0.0,0.0,0.0,31.1,61.6,7,14.22
2022-12-06,24.2,15.3,18.6,0.6,0.6,3.0,21.4,43.2,23,12.63
2022-12-07,24.3,15.5,19.1,1.7,1.7,9.0,23.1,45.4,9,15.23
2022-12-08,22.8,14.5,17.9,0.0,0.0,0.0,23.8,47.2,13,15.83
2022-12-09,22.4,15.8,18.3,0.0,0.0,0.0,27.5,54.4,12,13.4
2022-12-10,22.4,14.2,18.1,0.0,0.0,0.0,18.9,37.4,20,12.77
2022-12-11,21.0,15.5,17.7,0.0,0.0,0.0,27.7,54.7,12,15.34
2022-12-12,18.6,14.3,16.2,0.6,0.6,2.0,27.0,52.2,9,7.57
2022-12-13,19.5,13.7,16.2,0.7,0.7,4.0,19.1,38.2,9,9.38
2022-12-14,18.6,12.9,15.0,0.4,0.4,4.0,22.5,46.8,18,12.84
2022-12-15,20.6,14.3,17.0,8.9,8.9,11.0,15.4,29.2,27,8.53
2022-12-16,24.1,16.6,19.2,1.7,1.7,4.0,22.9,43.6,8,13.64
2022-12-17,16.5,9.1,12.9,29.2,29.2,17.0,40.1,78.1,6,5.62
2022-12-18,11.5,5.7,8.6,0.0,0.0,0.0,35.8,71.6,7,14.48
2022-12-19,18.1,6.2,11.6,0.0,0.0,0.0,12.9,25.2,47,16.08
2022-12-20,21.0,9.5,14.8,0.0,0.0,0.0,6.6,15.8,133,15.95
2022-12-21,19.4,11.0,14.8,0.0,0.0,0.0,25.6,49.3,12,14.25
2022-12-22,18.5,7.7,13.0,0.0,0.0,0.0,23.9,47.5,13,16.79
2022-12-23,17.4,8.3,11.5,0.0,0.0,0.0,23.8,47.5,19,16.45
2022-12-24,16.4,7.0,10.9,0.0,0.0,0.0,23.6,47.5,15,16.61
2022-12-25,17.4,5.7,10.9,0.0,0.0,0.0,18.5,36.4,21,16.57
2022-12-26,19.1,7.1,12.7,0.0,0.0,0.0,18.5,35.6,26,15.83
2022-12-27,21.0,8.5,14.0,0.0,0.0,0.0,11.2,23.4,43,15.87
2022-12-28,22.4,10.4,15.7,0.0,0.0,0.0,15.9,30.6,14,15.77
2022-12-29,20.4,12.5,16.0,0.0,0.0,0.0,19.1,37.1,11,6.08
2022-12-30,20.3,13.2,15.5,0.0,0.0,0.0,21.8,41.8,11,10.14
2022-12-31,21.7,11.5,16.4,0.0,0.0,0.0,16.8,35.6,18,15.54
2023-01-01,20.7,16.0,18.0,1.0,1.0,4.0,6.2,13.3,352,5.12
2023-01-02,20.5,15.8,17.5,13.1,13.1,6.0,11.2,23.4,14,5.29
2023-01-03,20.7,13.4,16.3,0.0,0.0,0.0,26.1,51.1,15,12.48
2023-01-04,21.3,12.8,16.2,0.0,0.0,0.0,14.2,27.0,27,11.07
2023-01-05,23.5,13.6,17.7,0.0,0.0,0.0,19.8,41.0,8,15.85
2023-01-06,21.5,14.3,17.5,0.0,0.0,0.0,24.3,48.6,12,15.19
2023-01-07,24.2,12.9,17.8,0.1,0.1,1.0,10.5,21.2,38,15.81
2023-01-08,24.3,13.4,18.6,0.0,0.0,0.0,7.1,18.4,132,15.38
2023-01-09,24.4,14.5,19.0,4.6,4.6,4.0,13.9,27.4,9,11.75
2023-01-10,23.2,17.0,19.2,7.1,7.1,12.0,11.3,25.9,349,10.48
2023-01-11,22.7,16.6,19.0,2.6,2.6,7.0,10.9,27.0,10,8.22
2023-01-12,23.8,16.8,19.5,0.0,0.0,0.0,9.5,17.6,273,9.89
2023-01-13,27.4,15.8,21.3,0.0,0.0,0.0,8.2,16.6,148,15.42
2023-01-14,27.2,18.9,22.1,1.6,1.6,6.0,13.6,29.9,172,13.96
2023-01-15,21.0,11.8,17.3,2.0,2.0,5.0,25.3,51.1,9,16.38
2023-01-16,17.9,10.3,12.7,0.0,0.0,0.0,23.9,47.9,11,14.55
2023-01-17,20.8,9.7,14.1,0.0,0.0,0.0,23.4,46.4,7,17.15
2023-01-18,19.0,10.8,14.0,0.0,0.0,0.0,20.7,42.5,8,16.93
2023-01-19,22.5,9.4,15.4,0.0,0.0,0.0,19.5,38.2,8,17.31
2023-01-20,22.5,12.1,16.5,0.0,0.0,0.0,17.5,35.6,16,16.69
2023-01-21,24.2,13.0,17.7,0.0,0.0,0.0,9.1,25.9,25,15.86
2023-01-22,24.1,15.2,18.7,0.0,0.0,0.0,13.8,30.6,4,16.25
2023-01-23,25.8,15.1,18.9,0.3,0.3,3.0,18.4,37.4,5,17.33
2023-01-24,14.9,6.2,11.1,0.0,0.0,0.0,41.5,80.6,6,13.37
2023-01-25,19.2,5.5,11.4,0.0,0.0,0.0,21.5,40.3,18,17.88
2023-01-26,20.7,8.4,14.2,0.0,0.0,0.0,15.6,33.1,14,17.91
2023-01-27,16.7,8.0,11.9,0.0,0.0,0.0,38.3,76.3,9,18.11
2023-01-28,13.7,6.0,8.9,0.0,0.0,0.0,26.3,53.3,11,18.59
2023-01-29,19.8,5.7,12.2,0.0,0.0,0.0,20.9,41.8,7,18.42
2023-01-30,21.9,6.4,13.3,0.0,0.0,0.0,16.3,31.7,13,19.09
2023-01-31,21.7,9.5,14.2,0.0,0.0,0.0,12.9,30.2,194,18.83
2023-02-01,27.1,10.4,18.1,0.0,0.0,0.0,13.0,26.3,40,15.33
2023-02-02,25.6,13.9,18.5,0.0,0.0,0.0,21.0,43.9,14,18.42
2023-02-03,24.3,12.3,17.3,0.0,0.0,0.0,17.8,38.2,3,17.07
2023-02-04,23.8,14.4,18.0,0.6,0.6,5.0,12.6,24.5,358,8.2
2023-02-05,22.2,15.6,17.7,0.8,0.8,5.0,17.7,36.4,7,10.02
2023-02-06,24.2,15.3,18.7,27.0,27.0,20.0,10.4,23.4,350,9.41
2023-02-07,25.7,16.8,20.4,7.2,7.2,10.0,16.9,34.2,13,17.92
2023-02-08,26.8,15.5,19.9,0.5,0.5,5.0,17.6,34.9,348,18.11
2023-02-09,26.5,16.1,19.7,0.0,0.0,0.0,12.5,27.7,356,16.98
2023-02-10,25.3,17.0,20.9,2.0,2.0,6.0,12.3,24.5,10,15.52
2023-02-11,25.9,17.2,20.8,0.0,0.0,0.0,11.1,24.1,330,16.75
2023-02-12,28.7,15.9,21.4,0.0,0.0,0.0,13.2,30.6,208,19.39
2023-02-13,30.6,16.5,22.0,1.1,1.1,3.0,19.0,38.5,25,18.66
2023-02-14,18.6,11.7,14.2,6.2,6.2,11.0,22.4,43.6,2,8.17
2023-02-15,17.1,10.1,12.5,0.0,0.0,0.0,27.1,54.0,8,16.96
2023-02-16,21.3,10.2,15.4,0.0,0.0,0.0,17.6,35.3,2,18.84
2023-02-17,22.4,12.9,16.8,0.0,0.0,0.0,12.0,27.4,346,18.98
2023-02-18,26.9,12.2,19.0,0.0,0.0,0.0,18.4,37.8,21,20.26
2023-02-19,24.2,13.5,17.7,0.0,0.0,0.0,28.1,56.2,10,19.93
2023-02-20,21.0,12.5,15.7,0.0,0.0,0.0,26.1,52.6,12,19.96
2023-02-21,20.4,11.7,14.7,0.0,0.0,0.0,29.3,57.6,12,16.09
2023-02-22,22.9,11.9,16.1,0.0,0.0,0.0,23.9,46.4,7,18.75
2023-02-23,23.4,11.4,16.7,0.0,0.0,0.0,18.7,40.3,8,20.84
2023-02-24,22.1,12.4,16.6,0.0,0.0,0.0,26.0,52.2,6,20.16
2023-02-25,18.3,11.3,13.9,0.0,0.0,0.0,32.3,63.4,13,16.06
2023-02-26,17.1,10.2,13.0,0.0,0.0,0.0,23.2,47.5,15,15.59
2023-02-27,23.7,10.6,16.3,0.0,0.0,0.0,15.9,34.2,9,20.71
2023-02-28,24.0,12.1,17.2,0.0,0.0,0.0,15.8,32.8,10,20.18
2023-03-01,25.0,12.6,18.3,0.0,0.0,0.0,18.0,37.8,5,20.9
2023-03-02,23.0,12.9,16.8,0.0,0.0,0.0,30.2,60.8,13,21.64
2023-03-03,24.6,11.1,16.9,0.0,0.0,0.0,23.7,49.0,1,20.91
2023-03-04,24.1,13.1,17.4,0.0,0.0,0.0,21.4,44.3,10,20.98
2023-03-05,24.9,9.8,16.7,0.0,0.0,0.0,21.0,43.6,15,22.46
2023-03-06,24.1,10.1,16.8,0.0,0.0,0.0,15.7,33.5,4,22.42
2023-03-07,25.1,12.0,17.9,0.0,0.0,0.0,14.8,33.5,213,22.11
2023-03-08,25.5,12.8,18.3,0.0,0.0,0.0,12.5,30.2,234,21.86
2023-03-09,26.3,12.8,19.1,0.0,0.0,0.0,17.3,36.0,3,22.13
2023-03-10,27.7,11.8,20.1,0.0,0.0,0.0,11.5,27.0,219,22.5
2023-03-11,28.7,16.5,21.1,0.0,0.0,0.0,17.8,39.2,192,21.49
2023-03-12,26.2,14.5,19.4,0.0,0.0,0.0,28.4,56.2,2,19.9
2023-03-13,22.6,13.4,16.9,0.0,0.0,0.0,24.5,50.8,8,19.92
2023-03-14,25.2,13.9,18.7,3.6,3.6,6.0,14.8,33.1,337,18.97
2023-03-15,27.0,14.9,20.4,0.0,0.0,0.0,14.7,32.4,358,21.38
2023-03-16,28.8,14.6,21.3,0.9,0.9,2.0,15.1,31.0,347,21.7
2023-03-17,27.3,16.3,21.8,0.0,0.0,0.0,16.1,36.7,340,21.2
2023-03-18,28.7,16.0,21.5,0.0,0.0,0.0,21.7,45.0,7,22.1
2023-03-19,27.2,15.9,21.1,0.6,0.6,2.0,16.5,34.9,340,21.57
2023-03-20,29.7,16.8,22.3,0.2,0.2,2.0,15.3,35.3,295,21.93
2023-03-21,30.2,18.9,23.6,2.2,2.2,2.0,19.3,39.6,212,20.38
2023-03-22,33.7,20.4,25.2,0.0,0.0,0.0,20.9,43.6,201,22.14
2023-03-23,32.1,19.3,24.1,0.0,0.0,0.0,20.9,45.0,206,22.05
2023-03-24,29.8,17.9,23.8,0.0,0.0,0.0,16.0,36.7,344,22.63
2023-03-25,30.6,18.2,22.8,18.1,18.1,6.0,20.9,42.5,358,18.82
2023-03-26,21.0,15.3,18.0,23.4,23.4,17.0,20.6,40.7,355,7.56
2023-03-27,25.1,14.4,18.2,8.1,8.1,6.0,17.6,33.8,3,15.84
2023-03-28,24.1,14.1,18.6,0.1,0.1,1.0,16.9,34.6,358,18.67
2023-03-29,24.7,15.6,19.2,4.7,4.7,5.0,20.6,40.7,2,12.36
2023-03-30,24.4,16.5,19.7,1.0,1.0,8.0,18.7,39.6,354,20.58
2023-03-31,23.2,16.5,19.2,2.8,2.8,11.0,14.5,31.0,352,12.3
2023-04-01,23.3,17.4,19.5,19.7,19.7,20.0,16.9,38.5,350,9.05
2023-04-02,26.9,16.6,21.2,0.5,0.5,5.0,13.3,28.8,9,23.4
2023-04-03,27.7,18.9,22.8,0.0,0.0,0.0,11.7,25.9,204,22.95
2023-04-04,26.9,17.8,22.0,0.1,0.1,1.0,11.7,25.9,299,21.29
2023-04-05,27.4,18.3,22.8,2.4,2.4,7.0,10.6,26.6,184,17.55
2023-04-06,29.1,20.6,23.5,6.5,6.5,13.0,13.8,31.0,167,18.94
2023-04-07,23.0,16.2,19.8,13.6,13.6,10.0,26.0,52.6,1,20.78
2023-04-08,22.3,14.9,17.8,0.0,0.0,0.0,20.8,41.8,23,21.7
2023-04-09,24.8,17.6,20.5,0.1,0.1,1.0,12.6,26.6,3,20.16
2023-04-10,26.2,17.9,20.7,0.0,0.0,0.0,12.4,26.6,194,23.51
2023-04-11,28.0,16.3,21.7,0.0,0.0,0.0,10.8,23.8,324,23.27
2023-04-12,28.2,17.5,22.3,0.0,0.0,0.0,14.8,32.8,9,22.07
2023-04-13,28.8,18.9,23.3,0.0,0.0,0.0,10.6,25.6,228,23.61
2023-04-14,30.7,19.4,24.2,0.0,0.0,0.0,12.7,28.1,247,23.54
2023-04-15,25.7,20.7,22.5,18.9,18.9,13.0,15.8,33.5,57,12.46
2023-04-16,30.4,18.4,23.7,0.0,0.0,0.0,11.0,24.8,82,25.89
2023-04-17,29.5,18.2,23.8,0.0,0.0,0.0,12.9,27.4,350,24.44
2023-04-18,32.4,20.1,25.7,0.1,0.1,1.0,10.8,22.3,202,21.14
2023-04-19,33.5,21.8,25.6,31.7,31.7,11.0,25.2,51.8,174,16.74
2023-04-20,24.3,20.8,22.0,138.5,138.5,24.0,15.8,32.4,172,6.5
2023-04-21,27.3,20.5,23.4,21.7,21.7,19.0,14.6,30.2,8,20.26
2023-04-22,27.5,20.1,23.4,4.2,4.2,8.0,9.0,26.6,124,17.72
2023-04-23,28.5,19.7,23.9,2.5,2.5,6.0,12.7,25.6,347,23.83
2023-04-24,27.6,19.8,23.0,1.6,1.6,8.0,17.7,35.3,353,23.09
2023-04-25,27.1,18.3,21.7,5.5,5.5,12.0,13.6,28.1,336,18.54
2023-04-26,25.9,18.6,21.3,7.6,7.6,12.0,18.2,38.2,2,23.3
2023-04-27,26.7,18.1,22.3,2.0,2.0,7.0,11.2,27.0,333,23.69
2023-04-28,28.7,18.9,23.9,0.0,0.0,0.0,11.5,25.9,9,25.29
2023-04-29,29.9,20.2,24.8,0.0,0.0,0.0,12.0,25.6,326,25.14
2023-04-30,27.2,20.2,23.3,0.4,0.4,2.0,16.3,33.8,359,21.55
2023-05-01,28.6,19.4,23.6,0.1,0.1,1.0,13.8,28.8,357,25.08
2023-05-02,29.6,20.2,24.5,0.0,0.0,0.0,11.0,25.6,300,23.31
2023-05-03,30.3,19.9,25.4,0.0,0.0,0.0,10.4,24.8,6,24.12
2023-05-04,32.3,21.1,26.1,0.0,0.0,0.0,13.3,27.4,342,25.57
2023-05-05,34.1,22.0,27.6,0.0,0.0,0.0,20.9,43.6,190,25.53
2023-05-06,34.5,22.2,27.9,7.3,7.3,5.0,17.1,35.6,187,25.0
2023-05-07,25.4,21.9,23.7,65.3,65.3,19.0,17.2,34.9,127,6.63
2023-05-08,25.3,19.0,21.8,15.0,15.0,11.0,21.6,42.8,3,20.28
2023-05-09,26.0,17.6,20.9,0.0,0.0,0.0,18.7,38.2,3,24.21
2023-05-10,26.9,17.5,21.9,0.0,0.0,0.0,14.1,28.4,4,21.62
2023-05-11,27.0,18.7,23.0,0.1,0.1,1.0,12.3,27.0,348,21.56
2023-05-12,27.0,20.7,23.1,3.3,3.3,8.0,10.3,22.7,18,14.32
2023-05-13,25.8,21.1,23.2,2.9,2.9,15.0,9.7,20.5,359,10.75
2023-05-14,24.9,20.7,22.4,3.7,3.7,7.0,9.8,20.5,3,6.92
2023-05-15,25.1,20.9,22.9,0.1,0.1,1.0,6.5,14.8,101,7.11
2023-05-16,29.3,19.9,24.4,0.0,0.0,0.0,10.1,22.0,5,24.5
2023-05-17,30.9,21.7,25.9,5.6,5.6,3.0,13.6,31.7,171,25.87
2023-05-18,31.5,23.6,25.8,62.0,62.0,14.0,20.6,47.5,156,19.06
2023-05-19,29.5,22.1,24.6,90.9,90.9,16.0,15.6,38.5,153,14.62
2023-05-20,30.0,21.2,24.9,18.4,18.4,15.0,10.3,26.6,152,24.12
2023-05-21,31.0,21.8,26.0,2.4,2.4,7.0,16.6,33.5,153,23.83
2023-05-22,29.8,23.6,26.0,18.1,18.1,8.0,20.5,41.8,148,17.9
2023-05-23,27.4,21.1,23.8,35.9,35.9,15.0,16.6,33.5,354,19.12
2023-05-24,28.7,20.0,23.9,7.9,7.9,10.0,15.2,32.0,190,17.73
2023-05-25,29.5,20.6,25.4,1.1,1.1,10.0,9.2,23.4,353,25.21
2023-05-26,29.3,21.4,25.6,1.2,1.2,6.0,10.1,23.0,18,22.46
2023-05-27,29.1,23.3,25.9,1.2,1.2,7.0,12.2,27.0,278,21.76
2023-05-28,30.6,22.1,25.9,0.2,0.2,2.0,10.7,22.7,186,24.24
2023-05-29,31.0,22.9,27.1,0.0,0.0,0.0,11.1,24.5,273,22.65
2023-05-30,33.1,23.1,27.9,0.0,0.0,0.0,18.3,36.7,11,25.44
2023-05-31,30.7,23.1,26.7,0.1,0.1,1.0,27.8,55.8,17,22.67
2023-06-01,28.7,24.3,26.4,0.8,0.8,8.0,32.8,65.2,1,25.43
2023-06-02,33.4,22.8,27.7,4.1,4.1,7.0,11.1,25.6,175,24.91
2023-06-03,30.8,23.5,26.4,13.7,13.7,12.0,10.6,24.5,178,17.84
2023-06-04,29.8,24.2,26.9,3.2,3.2,7.0,7.6,19.8,28,17.8
2023-06-05,30.8,24.5,27.1,6.3,6.3,12.0,8.9,27.7,248,23.21
2023-06-06,30.7,23.5,27.0,10.2,10.2,10.0,10.0,22.0,169,24.22
2023-06-07,31.6,23.5,27.0,10.1,10.1,8.0,8.4,20.5,179,24.26
2023-06-08,30.6,23.9,26.9,8.3,8.3,9.0,13.0,29.2,178,20.28
2023-06-09,30.5,24.0,26.2,26.1,26.1,17.0,13.0,29.9,145,20.49
2023-06-10,30.1,24.0,25.6,21.8,21.8,18.0,12.6,30.2,166,14.12
2023-06-11,29.5,23.9,25.9,42.9,42.9,17.0,9.1,20.9,18,14.95
2023-06-12,27.2,23.2,24.7,98.0,98.0,22.0,11.2,24.1,299,9.8
2023-06-13,29.1,23.3,25.2,36.2,36.2,20.0,9.1,25.9,355,13.48
2023-06-14,28.6,22.9,25.6,70.3,70.3,19.0,10.0,25.6,177,14.17
2023-06-15,29.0,23.5,25.2,39.2,39.2,15.0,10.5,25.2,145,13.91
2023-06-16,29.4,23.3,25.1,28.4,28.4,14.0,12.0,31.0,133,11.02
2023-06-17,29.6,23.3,26.0,8.2,8.2,8.0,9.8,38.9,159,12.6
2023-06-18,31.5,23.8,27.4,4.8,4.8,4.0,13.2,33.8,159,23.78
2023-06-19,32.0,23.8,27.6,0.6,0.6,4.0,14.5,30.6,175,26.28
2023-06-20,30.7,24.9,27.5,2.7,2.7,7.0,14.5,33.1,175,24.63
2023-06-21,31.1,24.8,27.4,2.5,2.5,7.0,14.1,33.8,166,22.65
2023-06-22,30.8,24.0,27.3,1.3,1.3,7.0,14.0,31.0,171,23.95
2023-06-23,31.1,24.5,26.7,5.3,5.3,5.0,15.8,32.8,154,23.19
2023-06-24,31.7,22.2,26.5,4.9,4.9,8.0,14.1,26.3,142,25.28
2023-06-25,30.9,23.6,27.4,0.0,0.0,0.0,14.3,29.2,358,26.72
2023-06-26,31.4,23.1,27.0,7.6,7.6,3.0,12.2,26.3,23,24.75
2023-06-27,30.9,23.1,26.8,0.6,0.6,2.0,14.4,29.9,22,22.69
2023-06-28,30.8,24.0,27.1,0.2,0.2,2.0,9.7,20.9,24,11.41
2023-06-29,30.6,23.8,26.6,4.2,4.2,10.0,14.0,28.8,180,20.64
2023-06-30,30.7,24.1,26.6,19.3,19.3,8.0,16.8,40.3,173,20.28
2023-07-01,31.1,23.5,26.9,10.0,10.0,7.0,16.2,40.0,164,18.89
2023-07-02,31.9,23.5,27.3,3.3,3.3,6.0,15.3,38.2,168,23.68
2023-07-03,31.9,22.6,27.1,4.3,4.3,8.0,17.9,37.4,165,24.67
2023-07-04,32.8,23.4,27.8,1.8,1.8,3.0,14.2,32.8,174,25.93
2023-07-05,31.2,24.7,27.6,14.9,14.9,5.0,17.1,37.4,166,24.81
2023-07-06,31.3,24.9,28.0,2.1,2.1,7.0,13.6,28.8,188,25.38
2023-07-07,32.5,24.4,28.1,0.8,0.8,3.0,15.3,31.3,183,26.85
2023-07-08,31.8,24.7,28.1,0.8,0.8,4.0,12.6,26.6,176,25.73
2023-07-09,31.3,24.6,27.5,3.6,3.6,7.0,15.4,30.2,169,24.07
2023-07-10,31.0,24.9,27.8,1.4,1.4,6.0,11.6,24.8,167,23.09
2023-07-11,31.3,24.8,26.9,4.0,4.0,7.0,11.1,25.9,167,21.38
2023-07-12,30.3,23.7,27.2,3.9,3.9,5.0,9.2,21.6,20,21.36
2023-07-13,30.9,23.8,27.4,0.6,0.6,3.0,13.7,27.7,355,23.86
2023-07-14,31.6,24.1,27.9,0.0,0.0,0.0,10.4,23.0,355,23.72
2023-07-15,31.9,24.9,28.3,0.0,0.0,0.0,7.6,18.7,158,23.26
2023-07-16,32.9,25.2,28.0,5.4,5.4,3.0,12.8,28.4,146,21.42
2023-07-17,33.0,24.5,28.2,1.0,1.0,3.0,7.7,23.8,77,22.47
2023-07-18,31.0,25.0,27.3,7.8,7.8,10.0,11.3,23.0,84,17.0
2023-07-19,31.1,24.1,27.3,6.7,6.7,5.0,10.6,24.5,37,19.3
2023-07-20,31.2,24.3,27.1,9.4,9.4,10.0,11.5,21.6,210,21.18
2023-07-21,31.6,24.3,27.5,3.2,3.2,11.0,10.3,20.9,161,22.21
2023-07-22,30.8,24.2,27.5,1.8,1.8,8.0,11.0,25.6,49,22.15
2023-07-23,31.2,24.0,27.0,6.1,6.1,10.0,11.9,28.4,354,20.39
2023-07-24,31.3,24.1,27.6,0.0,0.0,0.0,12.2,24.1,4,22.68
2023-07-25,32.9,23.7,28.1,0.3,0.3,1.0,12.5,23.8,152,25.15
2023-07-26,32.3,25.5,28.4,1.0,1.0,3.0,10.2,20.2,8,12.44
2023-07-27,31.6,24.7,27.3,2.3,2.3,4.0,15.4,30.2,203,16.78
2023-07-28,26.3,24.7,25.3,53.5,53.5,24.0,17.3,33.1,150,3.51
2023-07-29,31.0,23.7,26.5,5.2,5.2,11.0,10.4,26.6,33,17.2
2023-07-30,29.8,24.4,26.6,1.6,1.6,6.0,15.5,31.0,2,14.9
2023-07-31,30.7,24.1,26.6,12.3,12.3,9.0,12.3,25.2,13,18.86
2023-08-01,30.3,23.6,27.1,1.1,1.1,8.0,15.2,31.3,7,23.04
2023-08-02,30.5,24.2,27.3,0.7,0.7,3.0,28.8,54.0,2,23.99
2023-08-03,30.1,23.4,26.4,20.0,20.0,17.0,19.9,36.7,148,16.37
2023-08-04,26.7,24.0,25.0,71.2,71.2,23.0,19.8,41.8,157,8.64
2023-08-05,28.6,23.6,26.0,31.0,31.0,20.0,18.4,37.4,144,13.87
2023-08-06,29.2,23.9,26.4,18.5,18.5,17.0,19.2,37.4,143,21.75
2023-08-07,31.2,25.3,27.5,5.6,5.6,9.0,16.1,36.4,176,23.88
2023-08-08,29.9,25.3,27.3,9.5,9.5,8.0,15.8,34.9,161,16.87
2023-08-09,30.9,24.5,27.3,44.2,44.2,20.0,14.7,35.3,176,21.23
2023-08-10,30.2,24.6,26.5,17.7,17.7,14.0,14.5,35.3,172,16.5
2023-08-11,30.0,23.4,26.2,16.3,16.3,8.0,14.4,32.8,178,15.54
2023-08-12,30.6,23.6,26.9,17.2,17.2,6.0,18.6,41.0,180,22.49
2023-08-13,30.1,24.1,27.0,26.6,26.6,6.0,15.2,42.5,179,20.83
2023-08-14,30.0,24.5,27.0,20.0,20.0,7.0,18.2,37.1,175,19.7
2023-08-15,30.7,24.7,27.4,12.3,12.3,10.0,13.4,35.6,170,22.65
2023-08-16,29.0,24.2,26.0,52.1,52.1,18.0,14.8,32.8,154,13.2
2023-08-17,29.9,23.4,26.2,8.5,8.5,11.0,12.6,27.4,162,20.07
2023-08-18,29.4,23.2,25.5,13.1,13.1,11.0,10.3,24.1,166,16.96
2023-08-19,28.5,22.6,25.1,23.5,23.5,11.0,10.4,34.2,93,14.31
2023-08-20,30.4,23.6,26.1,4.7,4.7,11.0,10.6,26.3,194,18.75
2023-08-21,30.6,23.0,26.7,3.5,3.5,9.0,10.3,23.0,180,22.3
2023-08-22,30.2,23.1,26.7,11.0,11.0,11.0,11.1,24.8,167,22.06
2023-08-23,30.8,23.8,26.6,2.3,2.3,6.0,8.1,18.7,148,19.45
2023-08-24,30.4,24.2,26.7,9.9,9.9,9.0,5.4,15.5,118,17.54
2023-08-25,30.9,23.6,27.0,2.2,2.2,5.0,10.5,23.0,26,21.4
2023-08-26,30.2,24.1,26.5,3.9,3.9,4.0,13.3,29.2,158,17.4
2023-08-27,30.3,23.5,26.4,11.3,11.3,5.0,7.6,22.0,171,21.48
2023-08-28,30.3,23.3,26.6,6.6,6.6,7.0,9.2,18.0,150,21.28
2023-08-29,31.5,24.3,27.6,0.3,0.3,3.0,15.6,30.6,0,21.93
2023-08-30,32.8,25.4,28.9,0.0,0.0,0.0,9.0,20.2,342,22.23
2023-08-31,30.7,25.6,27.5,0.9,0.9,2.0,13.0,25.6,182,15.5
2023-09-01,31.4,23.8,27.2,13.9,13.9,8.0,5.7,15.5,124,21.23
2023-09-02,30.2,24.2,27.2,0.8,0.8,5.0,10.5,20.5,59,18.85
2023-09-03,27.6,25.4,26.3,23.8,23.8,14.0,35.9,69.8,48,5.98
2023-09-04,30.4,24.6,26.7,23.8,23.8,14.0,20.0,43.2,140,11.93
2023-09-05,29.9,24.1,26.3,22.9,22.9,15.0,8.9,20.2,187,15.37
2023-09-06,29.3,24.0,26.0,18.8,18.8,12.0,11.5,24.5,24,13.72
2023-09-07,28.9,24.0,25.6,11.5,11.5,15.0,9.4,19.1,180,13.49
2023-09-08,29.2,23.5,25.4,64.5,64.5,20.0,12.5,25.6,201,16.16
2023-09-09,29.4,23.5,25.5,10.3,10.3,14.0,8.6,31.7,24,16.62
2023-09-10,29.0,23.3,25.0,46.1,46.1,11.0,10.8,26.6,344,13.67
2023-09-11,29.4,21.9,25.6,0.3,0.3,3.0,9.2,21.6,250,23.11
2023-09-12,28.9,22.3,25.8,0.2,0.2,1.0,7.0,18.0,223,21.64
2023-09-13,29.0,23.2,26.3,0.5,0.5,4.0,8.4,20.2,240,20.91
2023-09-14,29.5,22.6,26.4,0.0,0.0,0.0,8.2,19.8,352,20.46
2023-09-15,30.2,22.2,26.2,0.5,0.5,1.0,8.5,17.6,138,20.47
2023-09-16,31.2,22.4,26.4,0.0,0.0,0.0,9.0,19.1,25,23.43
2023-09-17,30.9,22.9,26.8,0.0,0.0,0.0,8.2,19.8,351,22.93
2023-09-18,30.5,23.7,27.0,0.1,0.1,1.0,9.1,20.9,4,19.81
2023-09-19,30.5,23.4,26.8,0.7,0.7,2.0,7.0,18.0,186,21.15
2023-09-20,30.8,23.6,27.1,0.6,0.6,3.0,8.7,19.8,192,21.38
2023-09-21,30.4,24.1,27.2,0.6,0.6,6.0,6.5,18.0,171,19.06
2023-09-22,31.4,23.9,27.2,0.5,0.5,1.0,10.6,19.8,153,19.51
2023-09-23,31.1,24.1,27.3,1.0,1.0,4.0,8.9,22.7,159,18.66
2023-09-24,32.1,24.2,27.8,0.4,0.4,2.0,10.2,22.7,38,19.55
2023-09-25,31.5,24.0,27.7,0.4,0.4,3.0,13.2,28.4,150,19.45
2023-09-26,31.3,24.4,27.4,1.2,1.2,6.0,13.0,28.4,164,18.63
2023-09-27,30.8,24.0,27.0,0.2,0.2,1.0,9.5,23.4,17,17.8
2023-09-28,31.2,22.9,27.1,0.1,0.1,1.0,11.9,25.6,178,18.56
2023-09-29,32.4,23.9,28.0,0.8,0.8,2.0,11.8,26.3,170,21.22
2023-09-30,31.8,24.4,27.9,1.1,1.1,5.0,12.7,28.1,3,19.76
2023-10-01,33.3,24.2,28.0,0.0,0.0,0.0,16.3,33.8,16,19.92
2023-10-02,32.2,23.9,27.0,0.0,0.0,0.0,28.6,55.1,11,19.87
2023-10-03,32.5,22.0,26.4,0.0,0.0,0.0,33.3,63.4,16,20.02
2023-10-04,28.8,24.5,25.9,1.2,1.2,11.0,49.7,94.0,6,11.88
2023-10-05,31.9,24.3,27.7,0.3,0.3,3.0,45.1,86.8,9,13.5
2023-10-06,32.8,24.7,27.1,15.9,15.9,6.0,22.0,41.4,131,14.74
2023-10-07,28.5,23.2,25.3,19.8,19.8,15.0,12.7,26.3,8,12.74
2023-10-08,29.7,23.1,25.7,0.3,0.3,2.0,18.7,36.7,13,17.27
2023-10-09,29.4,22.6,25.4,7.5,7.5,9.0,13.1,27.7,16,13.89
2023-10-10,29.8,22.0,25.4,7.5,7.5,4.0,17.4,31.3,13,15.88
2023-10-11,29.9,21.3,24.9,4.1,4.1,3.0,16.7,32.4,16,19.94
2023-10-12,30.2,21.4,25.0,0.0,0.0,0.0,21.3,42.5,12,20.53
2023-10-13,29.5,21.9,25.1,1.5,1.5,5.0,14.4,29.2,360,18.95
2023-10-14,29.5,21.3,24.7,0.6,0.6,5.0,15.8,29.9,27,19.9
2023-10-15,29.6,20.2,24.4,0.0,0.0,0.0,16.6,34.9,18,16.78
2023-10-16,26.7,20.7,23.7,0.0,0.0,0.0,5.9,13.7,99,6.95
2023-10-17,29.0,21.2,24.9,0.1,0.1,1.0,6.3,16.2,171,11.55
2023-10-18,29.9,20.8,25.3,0.0,0.0,0.0,9.7,22.7,177,16.76
2023-10-19,31.4,21.3,25.5,0.0,0.0,0.0,13.2,28.1,230,18.28
2023-10-20,30.1,21.8,25.0,0.8,0.8,3.0,22.7,44.3,3,17.0
2023-10-21,28.3,21.0,23.8,0.9,0.9,8.0,18.7,38.2,17,14.17
2023-10-22,30.4,20.7,24.8,6.6,6.6,6.0,7.6,19.4,88,15.99
2023-10-23,30.7,21.0,25.6,4.1,4.1,2.0,9.8,21.2,164,18.0
2023-10-24,31.5,20.9,25.5,0.0,0.0,0.0,13.7,25.9,15,17.65
2023-10-25,32.5,21.3,25.8,0.1,0.1,1.0,14.2,29.2,23,19.28
2023-10-26,31.1,20.5,25.2,0.6,0.6,3.0,10.5,25.9,170,18.51
2023-10-27,30.2,20.8,24.9,0.0,0.0,0.0,12.2,25.6,12,17.82
2023-10-28,27.1,20.5,23.2,72.9,72.9,16.0,10.0,23.4,80,14.09
2023-10-29,28.1,18.8,22.7,3.1,3.1,6.0,9.0,22.3,48,17.52
2023-10-30,27.6,19.8,23.2,0.9,0.9,7.0,17.9,35.3,15,18.46
2023-10-31,28.8,18.0,23.3,0.0,0.0,0.0,9.5,22.7,40,18.66
2023-11-01,29.0,19.2,24.1,0.0,0.0,0.0,6.9,18.0,60,18.1
2023-11-02,29.1,19.6,23.8,0.2,0.2,2.0,8.3,20.5,250,18.69
2023-11-03,28.9,19.3,23.3,0.0,0.0,0.0,12.2,24.8,19,17.94
2023-11-04,30.4,19.1,23.9,0.0,0.0,0.0,10.5,23.4,22,18.64
2023-11-05,30.9,19.8,24.8,0.0,0.0,0.0,8.2,19.4,56,18.49
2023-11-06,30.9,20.9,25.3,0.0,0.0,0.0,18.1,35.6,12,16.46
2023-11-07,30.2,20.8,24.5,0.0,0.0,0.0,17.7,37.8,16,17.94
2023-11-08,30.8,20.3,25.0,0.0,0.0,0.0,6.6,20.2,193,17.73
2023-11-09,31.0,21.0,25.2,0.3,0.3,2.0,9.0,22.0,269,16.58
2023-11-10,32.3,20.6,25.4,0.0,0.0,0.0,18.2,37.8,16,17.35
2023-11-11,30.6,20.2,24.1,0.0,0.0,0.0,20.6,42.1,12,16.87
2023-11-12,27.5,19.6,22.3,0.4,0.4,2.0,28.5,55.4,11,16.11
2023-11-13,23.6,16.9,19.3,0.0,0.0,0.0,27.9,55.8,14,16.97
2023-11-14,26.1,17.4,20.6,0.8,0.8,8.0,12.6,25.2,14,10.13
2023-11-15,28.5,18.0,22.6,0.0,0.0,0.0,7.9,17.6,11,16.09
2023-11-16,25.4,17.1,20.9,0.9,0.9,6.0,30.9,56.9,7,12.59
2023-11-17,21.4,12.0,16.8,0.0,0.0,0.0,34.8,67.7,8,16.17
2023-11-18,22.2,11.8,15.7,0.0,0.0,0.0,24.1,48.6,17,18.32
2023-11-19,24.2,11.3,17.3,0.0,0.0,0.0,16.9,32.0,11,17.67
2023-11-20,25.6,12.9,19.3,0.0,0.0,0.0,9.1,21.2,81,16.62
2023-11-21,26.5,15.1,20.6,0.0,0.0,0.0,12.6,25.2,60,16.86
2023-11-22,27.1,15.4,20.8,0.0,0.0,0.0,12.0,25.6,39,17.02
2023-11-23,27.3,15.4,20.7,0.0,0.0,0.0,19.1,36.7,12,17.11
2023-11-24,26.8,16.2,20.2,0.0,0.0,0.0,23.8,46.8,19,16.87
2023-11-25,27.8,16.2,21.0,0.0,0.0,0.0,16.5,31.3,0,15.3
2023-11-26,26.9,16.9,20.6,0.0,0.0,0.0,24.9,47.5,20,16.08
2023-11-27,27.8,15.6,21.0,0.0,0.0,0.0,21.3,42.5,19,16.43
2023-11-28,29.8,16.3,22.6,0.0,0.0,0.0,10.9,20.2,104,16.7
2023-11-29,28.8,20.0,23.6,0.5,0.5,3.0,14.2,29.5,6,14.07
2023-11-30,29.2,18.4,22.5,2.3,2.3,3.0,26.9,54.4,16,14.45
2023-12-01,24.2,15.5,18.6,0.1,0.1,1.0,22.0,45.4,13,14.09
2023-12-02,25.3,15.5,18.7,1.1,1.1,5.0,22.7,45.0,2,12.74
2023-12-03,25.7,16.4,19.8,19.6,19.6,9.0,17.5,36.0,10,12.13
2023-12-04,22.5,18.2,19.6,68.6,68.6,21.0,13.7,25.9,359,5.9
2023-12-05,23.0,16.7,19.2,1.2,1.2,1.0,19.1,38.2,5,15.59
2023-12-06,21.5,16.3,18.4,4.4,4.4,9.0,17.6,32.8,11,6.84
2023-12-07,24.9,14.2,19.1,0.2,0.2,2.0,9.5,22.0,59,15.98
2023-12-08,24.9,14.3,18.9,0.0,0.0,0.0,7.7,19.1,151,15.68
2023-12-09,26.3,15.5,20.5,0.0,0.0,0.0,8.7,20.9,40,15.55
2023-12-10,28.5,17.7,22.5,0.0,0.0,0.0,10.5,22.7,33,14.97
2023-12-11,29.2,19.0,23.9,0.0,0.0,0.0,8.4,22.0,153,14.62
2023-12-12,27.0,18.4,22.2,1.2,1.2,4.0,20.2,39.2,17,14.65
2023-12-13,27.1,17.2,21.3,0.3,0.3,3.0,14.5,28.8,13,15.36
2023-12-14,26.7,17.0,21.4,0.0,0.0,0.0,11.7,23.4,27,13.78
2023-12-15,27.8,17.1,21.7,0.0,0.0,0.0,8.1,18.7,46,15.66
2023-12-16,20.6,12.1,17.1,1.6,1.6,2.0,34.0,66.6,13,15.07
2023-12-17,19.3,10.9,14.1,0.6,0.6,3.0,26.0,48.2,18,13.47
2023-12-18,25.2,13.2,18.8,0.0,0.0,0.0,7.4,20.2,19,14.64
2023-12-19,24.7,15.4,19.1,0.0,0.0,0.0,25.6,49.7,3,14.01
2023-12-20,17.0,12.7,14.8,2.5,2.5,5.0,30.1,57.6,10,5.07
2023-12-21,15.2,8.5,11.8,4.9,4.9,9.0,28.1,53.6,13,7.57
2023-12-22,13.8,6.2,9.5,0.2,0.2,1.0,30.0,55.8,13,13.31
2023-12-23,17.6,10.4,14.1,2.1,2.1,7.0,11.9,22.0,35,4.55
2023-12-24,19.3,11.2,14.2,0.4,0.4,2.0,33.4,63.7,13,14.61
2023-12-25,18.9,10.2,13.2,0.0,0.0,0.0,20.1,40.3,14,15.5
2023-12-26,22.4,9.7,16.5,0.0,0.0,0.0,5.8,16.2,77,14.44
2023-12-27,22.4,13.0,18.0,0.3,0.3,2.0,13.7,25.9,25,7.28
2023-12-28,20.5,17.0,18.2,22.2,22.2,15.0,18.6,36.0,14,4.26
2023-12-29,24.5,13.3,18.1,0.0,0.0,0.0,16.8,30.6,25,15.5
2023-12-30,24.8,15.7,19.3,0.5,0.5,1.0,14.2,29.5,10,12.72
2023-12-31,25.0,15.7,19.5,1.0,1.0,4.0,21.7,42.5,18,15.6
2024-01-01,21.7,13.5,16.8,1.0,1.0,4.0,21.7,42.8,12,15.56
2024-01-02,24.0,11.7,17.0,0.0,0.0,0.0,13.1,25.9,359,15.77
2024-01-03,19.5,11.8,15.6,0.0,0.0,0.0,33.7,64.8,8,14.32
2024-01-04,22.5,10.8,15.7,0.0,0.0,0.0,12.4,25.9,338,15.97
2024-01-05,22.1,11.0,15.8,0.0,0.0,0.0,10.3,24.1,353,16.11
2024-01-06,24.1,11.0,16.5,0.0,0.0,0.0,18.2,35.6,20,16.42
2024-01-07,22.2,10.6,15.8,0.0,0.0,0.0,20.6,41.4,24,16.12
2024-01-08,24.2,11.3,17.0,0.0,0.0,0.0,11.9,23.0,11,16.0
2024-01-09,24.5,14.6,18.4,2.7,2.7,5.0,17.0,34.9,14,15.65
2024-01-10,21.1,12.9,15.9,2.2,2.2,3.0,36.4,70.2,10,16.35
2024-01-11,21.4,9.8,14.5,0.0,0.0,0.0,17.1,36.4,10,16.79
2024-01-12,22.7,9.6,15.1,0.0,0.0,0.0,13.0,26.3,27,16.37
2024-01-13,23.9,10.1,16.9,0.0,0.0,0.0,9.2,22.0,93,16.93
2024-01-14,24.6,13.2,17.9,0.0,0.0,0.0,10.4,25.6,161,15.54
2024-01-15,24.3,12.1,17.0,0.0,0.0,0.0,24.9,48.6,14,17.05
2024-01-16,23.9,12.0,17.4,0.0,0.0,0.0,15.9,33.5,10,15.62
2024-01-17,24.6,13.7,18.5,0.0,0.0,0.0,10.3,24.1,339,16.18
2024-01-18,26.4,15.2,19.9,0.0,0.0,0.0,16.3,35.3,28,16.61
2024-01-19,27.1,15.2,20.4,0.0,0.0,0.0,16.3,33.5,17,15.89
2024-01-20,25.0,16.5,19.7,0.9,0.9,4.0,20.9,42.8,10,13.01
2024-01-21,22.1,13.3,16.5,7.3,7.3,5.0,26.7,52.2,8,15.84
2024-01-22,17.7,8.8,13.5,6.1,6.1,8.0,29.3,56.9,13,13.46
2024-01-23,9.9,5.9,7.4,9.3,9.3,15.0,34.9,65.9,8,4.2
2024-01-24,16.0,5.9,9.9,0.0,0.0,0.0,23.0,44.3,12,15.12
2024-01-25,16.8,7.4,11.6,0.0,0.0,0.0,19.5,37.1,10,9.91
2024-01-26,19.5,8.4,13.2,0.0,0.0,0.0,18.5,35.3,7,17.55
2024-01-27,18.7,10.2,13.8,0.1,0.1,1.0,18.2,37.4,2,13.69
2024-01-28,18.6,11.6,14.3,1.0,1.0,6.0,18.8,37.8,360,12.99
2024-01-29,23.5,11.9,17.0,0.0,0.0,0.0,16.6,33.5,355,16.23
2024-01-30,23.8,15.0,18.8,0.0,0.0,0.0,11.5,26.6,9,15.3
2024-01-31,26.2,14.8,20.0,0.0,0.0,0.0,13.3,29.5,28,15.54
2024-02-01,27.5,15.3,20.9,0.0,0.0,0.0,13.2,25.6,23,17.52
2024-02-02,26.1,16.7,20.2,0.0,0.0,0.0,17.0,36.4,15,15.82
2024-02-03,28.2,15.1,20.5,0.4,0.4,2.0,13.9,30.2,4,17.85
2024-02-04,27.8,15.7,20.9,0.2,0.2,1.0,17.0,32.8,325,15.67
2024-02-05,23.9,16.3,19.3,11.3,11.3,11.0,18.7,39.6,11,14.24
2024-02-06,24.9,14.8,18.5,5.6,5.6,7.0,17.3,34.2,342,16.34
2024-02-07,22.4,11.7,15.9,6.1,6.1,17.0,27.7,54.0,4,14.08
2024-02-08,18.5,11.7,14.2,23.9,23.9,12.0,21.6,43.2,3,14.43
2024-02-09,16.7,10.5,12.9,9.3,9.3,7.0,23.4,46.8,3,17.31
2024-02-10,19.4,10.1,13.7,0.4,0.4,4.0,19.5,38.9,9,19.34
2024-02-11,20.5,8.8,13.5,0.0,0.0,0.0,21.2,41.8,18,20.74
2024-02-12,22.1,8.4,14.2,0.0,0.0,0.0,12.6,25.9,168,20.09
2024-02-13,21.7,8.7,14.7,0.0,0.0,0.0,9.0,21.2,72,20.23
2024-02-14,24.5,11.7,17.7,0.0,0.0,0.0,10.6,21.2,38,20.19
2024-02-15,26.8,13.1,19.2,0.0,0.0,0.0,12.5,26.3,11,20.05
2024-02-16,23.2,13.1,17.1,0.0,0.0,0.0,17.7,36.7,2,20.05
2024-02-17,24.8,13.7,18.1,0.0,0.0,0.0,11.6,24.8,344,20.06
2024-02-18,27.0,13.6,19.7,0.0,0.0,0.0,9.8,19.8,44,20.19
2024-02-19,30.3,16.4,22.6,0.0,0.0,0.0,13.4,28.8,178,19.56
2024-02-20,29.7,17.2,22.9,0.3,0.3,2.0,14.1,31.3,198,18.25
2024-02-21,29.0,16.6,22.6,0.0,0.0,0.0,11.3,23.8,239,20.13
2024-02-22,28.9,16.9,21.8,0.0,0.0,0.0,16.9,36.0,2,19.85
2024-02-23,25.1,14.4,18.2,0.0,0.0,0.0,23.1,45.0,1,20.55
2024-02-24,23.3,13.3,17.6,0.0,0.0,0.0,23.7,49.0,352,20.72
2024-02-25,23.2,13.9,17.1,0.0,0.0,0.0,22.7,46.8,354,18.6
2024-02-26,21.6,10.8,15.4,0.0,0.0,0.0,21.0,43.2,354,16.83
2024-02-27,20.7,13.2,15.5,0.7,0.7,2.0,18.4,36.7,358,11.68
2024-02-28,24.9,12.8,17.2,0.0,0.0,0.0,17.2,34.9,350,18.63
2024-02-29,27.2,13.6,19.5,0.8,0.8,4.0,18.4,36.0,358,20.37
2024-03-01,17.8,9.7,13.5,11.4,11.4,15.0,31.7,61.6,6,13.84
2024-03-02,14.5,9.4,11.8,14.1,14.1,19.0,24.1,49.3,8,6.0
2024-03-03,22.2,10.5,15.6,0.1,0.1,1.0,14.8,27.4,346,19.77
2024-03-04,25.7,11.8,18.2,0.0,0.0,0.0,15.8,29.2,168,21.18
2024-03-05,31.2,18.1,24.3,0.9,0.9,4.0,22.9,44.6,176,20.7
2024-03-06,25.6,16.1,21.1,8.1,8.1,13.0,18.2,41.0,8,14.51
2024-03-07,21.4,13.6,16.4,5.1,5.1,9.0,20.8,42.5,357,17.95
2024-03-08,20.7,11.6,15.4,0.8,0.8,2.0,26.4,51.8,9,20.67
2024-03-09,17.9,11.3,14.2,0.0,0.0,0.0,16.2,32.4,3,7.84
2024-03-10,20.2,12.4,15.7,4.6,4.6,11.0,6.4,14.0,59,7.59
2024-03-11,19.8,13.7,16.8,15.9,15.9,15.0,11.8,24.8,360,8.7
2024-03-12,23.2,13.1,17.3,1.3,1.3,2.0,22.0,42.8,12,23.37
2024-03-13,24.3,11.9,18.1,0.8,0.8,3.0,13.1,26.6,196,19.61
2024-03-14,21.4,14.3,17.4,0.4,0.4,1.0,10.2,22.7,21,9.27
2024-03-15,24.7,14.4,18.7,0.0,0.0,0.0,12.3,26.6,14,16.04
2024-03-16,26.8,14.9,20.5,0.0,0.0,0.0,11.6,23.8,359,19.02
2024-03-17,27.7,16.4,21.8,0.0,0.0,0.0,12.3,26.6,343,21.42
2024-03-18,26.2,15.6,20.2,0.0,0.0,0.0,17.9,37.1,351,22.06
2024-03-19,19.4,14.4,16.9,3.3,3.3,7.0,29.4,57.6,6,17.47
2024-03-20,22.2,13.9,16.9,0.0,0.0,0.0,22.2,42.8,26,20.25
2024-03-21,25.5,12.7,18.4,0.0,0.0,0.0,16.3,35.3,212,22.61
2024-03-22,26.9,14.6,20.4,0.0,0.0,0.0,13.0,28.1,219,20.33
2024-03-23,31.6,18.2,24.0,2.8,2.8,7.0,18.4,42.5,167,20.33
2024-03-24,31.6,19.2,24.9,1.2,1.2,5.0,13.9,33.5,218,21.71
2024-03-25,31.0,20.5,25.1,2.0,2.0,5.0,17.0,35.6,210,21.75
2024-03-26,31.2,19.5,24.2,0.0,0.0,0.0,20.9,42.8,7,21.27
2024-03-27,29.8,17.8,22.7,0.0,0.0,0.0,16.5,35.3,335,23.09
2024-03-28,29.1,19.0,23.6,3.9,3.9,5.0,17.3,46.1,191,18.18
2024-03-29,30.8,20.5,25.2,0.0,0.0,0.0,13.1,28.8,345,19.84
2024-03-30,30.8,21.3,23.9,19.3,19.3,10.0,14.7,37.1,176,17.33
2024-03-31,28.8,21.1,23.8,15.0,15.0,6.0,18.6,41.4,147,11.38
2024-04-01,28.1,20.9,23.4,44.0,44.0,12.0,12.5,31.3,210,16.73
2024-04-02,30.6,19.7,24.8,0.0,0.0,0.0,14.3,38.9,190,23.03
2024-04-03,31.6,21.4,25.6,0.0,0.0,0.0,18.3,37.1,196,23.98
2024-04-04,30.0,19.1,24.4,0.0,0.0,0.0,12.1,29.5,250,23.72
2024-04-05,29.0,20.1,23.7,0.0,0.0,0.0,18.9,38.2,6,20.31
2024-04-06,28.9,19.8,23.0,5.6,5.6,10.0,17.3,35.3,354,17.72
2024-04-07,29.3,20.6,23.9,10.0,10.0,13.0,10.0,31.7,352,15.8
2024-04-08,29.2,20.7,24.1,21.7,21.7,15.0,17.0,31.7,8,16.63
2024-04-09,24.4,18.5,21.1,0.8,0.8,4.0,22.6,46.8,4,19.75
2024-04-10,27.4,18.3,22.8,1.0,1.0,5.0,10.8,26.3,220,22.81
2024-04-11,27.9,19.5,23.6,0.8,0.8,5.0,13.6,28.4,346,21.23
2024-04-12,29.3,20.3,24.6,0.8,0.8,5.0,9.6,24.5,199,22.63
2024-04-13,29.9,20.6,24.9,0.5,0.5,4.0,9.8,22.7,297,23.8
2024-04-14,30.6,20.7,25.0,0.5,0.5,2.0,15.6,32.8,203,21.32
2024-04-15,30.8,21.0,25.3,3.9,3.9,2.0,14.4,29.9,213,23.62
2024-04-16,30.8,21.6,25.2,0.0,0.0,0.0,14.2,30.2,263,22.42
2024-04-17,30.4,19.1,24.8,1.0,1.0,2.0,17.7,40.3,206,24.35
2024-04-18,30.1,21.6,25.6,6.3,6.3,10.0,15.8,33.5,25,22.17
2024-04-19,29.5,21.7,24.7,10.7,10.7,9.0,12.3,32.0,181,18.87
2024-04-20,29.9,20.8,25.3,0.5,0.5,5.0,12.3,27.4,198,21.18
2024-04-21,31.6,21.2,25.9,0.0,0.0,0.0,13.8,28.8,187,22.17
2024-04-22,29.8,22.3,25.7,1.7,1.7,6.0,10.5,31.0,178,15.04
2024-04-23,31.2,21.8,25.9,19.7,19.7,8.0,21.2,39.2,188,17.6
2024-04-24,27.6,21.0,23.6,82.9,82.9,20.0,12.0,32.8,200,15.45
2024-04-25,27.2,20.2,22.9,48.6,48.6,14.0,12.0,25.2,173,8.91
2024-04-26,27.8,21.5,23.6,38.8,38.8,16.0,17.9,39.2,150,8.36
2024-04-27,27.9,21.4,24.8,2.9,2.9,11.0,13.8,36.0,161,16.9
2024-04-28,27.8,21.6,24.0,13.8,13.8,14.0,12.8,25.6,161,14.82
2024-04-29,30.7,21.2,26.0,1.2,1.2,5.0,14.3,29.2,195,24.93
2024-04-30,31.7,22.1,25.1,25.1,25.1,5.0,20.0,39.6,160,21.56
2024-05-01,26.8,21.3,23.3,36.1,36.1,17.0,19.7,40.7,45,12.0
2024-05-02,28.1,20.0,23.7,1.8,1.8,11.0,13.3,30.2,10,22.25
2024-05-03,28.0,19.6,23.9,0.3,0.3,2.0,11.2,24.5,15,20.71
2024-05-04,29.0,20.6,24.9,2.4,2.4,4.0,7.6,19.4,13,23.62
2024-05-05,28.0,21.4,24.4,7.7,7.7,10.0,12.3,35.6,169,15.92
2024-05-06,29.4,21.3,25.2,2.5,2.5,6.0,9.5,23.0,177,25.42
2024-05-07,29.2,20.2,24.8,0.0,0.0,0.0,8.0,19.1,29,18.32
2024-05-08,29.2,21.6,25.2,0.8,0.8,3.0,11.5,25.9,48,23.38
2024-05-09,28.2,20.5,23.9,0.0,0.0,0.0,13.3,25.9,20,24.06
2024-05-10,28.9,19.9,24.4,0.0,0.0,0.0,7.3,18.7,201,24.91
2024-05-11,29.1,21.4,24.9,0.8,0.8,3.0,7.2,16.9,194,18.52
2024-05-12,31.0,22.4,25.5,21.6,21.6,9.0,12.2,30.6,185,22.43
2024-05-13,25.9,19.4,22.5,11.2,11.2,7.0,26.4,51.8,10,20.29
2024-05-14,26.2,19.4,22.4,3.6,3.6,11.0,13.5,36.4,0,20.18
2024-05-15,28.3,18.0,23.0,0.0,0.0,0.0,16.2,31.7,11,27.1
2024-05-16,28.0,19.2,22.9,0.0,0.0,0.0,13.0,27.4,24,24.57
2024-05-17,27.6,21.3,23.9,1.5,1.5,5.0,9.2,20.9,243,24.03
2024-05-18,28.4,19.7,24.3,0.0,0.0,0.0,11.0,24.5,359,24.75
2024-05-19,29.0,20.9,25.1,0.0,0.0,0.0,5.8,16.2,143,16.61
2024-05-20,29.5,21.5,25.1,8.6,8.6,8.0,12.8,26.3,349,15.64
2024-05-21,26.2,22.7,24.0,27.8,27.8,22.0,6.9,23.0,314,5.76
2024-05-22,27.7,22.4,24.5,30.8,30.8,15.0,10.6,24.8,350,13.91
2024-05-23,29.4,22.8,25.5,11.8,11.8,13.0,9.4,27.4,190,13.56
2024-05-24,29.2,22.8,25.6,9.3,9.3,13.0,8.2,23.4,338,13.25
2024-05-25,29.4,23.1,25.7,5.0,5.0,8.0,11.7,25.2,10,14.65
2024-05-26,28.1,22.9,25.2,22.7,22.7,19.0,12.6,28.4,170,14.1
2024-05-27,29.1,22.7,25.3,31.1,31.1,18.0,18.6,37.1,161,15.44
2024-05-28,28.6,21.5,24.7,35.2,35.2,15.0,17.1,34.6,48,15.94
2024-05-29,29.3,21.9,25.6,3.1,3.1,5.0,8.7,24.8,217,16.98
2024-05-30,31.1,24.1,26.5,19.8,19.8,10.0,12.7,32.0,196,21.6
2024-05-31,31.5,23.4,27.3,17.5,17.5,4.0,12.1,37.1,153,19.68
2024-06-01,31.6,24.6,27.0,22.3,22.3,11.0,11.8,32.4,151,15.21
2024-06-02,26.1,22.4,24.5,75.8,75.8,21.0,15.9,33.5,177,4.26
2024-06-03,26.4,20.6,23.2,2.1,2.1,5.0,20.3,38.9,2,19.58
2024-06-04,28.8,21.4,24.6,8.4,8.4,3.0,12.0,29.5,162,16.63
2024-06-05,27.2,22.6,24.7,7.4,7.4,16.0,8.9,22.0,360,16.05
2024-06-06,28.5,22.0,24.6,9.8,9.8,13.0,14.9,30.2,1,17.89
2024-06-07,29.5,22.6,25.3,15.1,15.1,16.0,10.0,22.7,2,21.64
2024-06-08,29.3,22.6,26.0,4.9,4.9,12.0,13.0,24.5,191,21.98
2024-06-09,28.8,22.7,25.7,44.9,44.9,10.0,10.8,27.0,161,17.16
2024-06-10,28.7,23.9,26.3,26.8,26.8,10.0,14.5,40.0,163,16.79
2024-06-11,29.6,24.4,26.5,24.1,24.1,10.0,16.3,42.8,169,18.36
2024-06-12,30.1,24.8,27.0,32.1,32.1,8.0,19.2,42.1,176,21.52
2024-06-13,29.7,24.5,27.0,6.3,6.3,10.0,15.8,36.0,154,15.53
2024-06-14,29.6,24.4,27.0,13.4,13.4,8.0,16.9,37.4,159,15.47
2024-06-15,32.1,24.6,28.0,0.3,0.3,1.0,20.1,46.1,172,24.14
2024-06-16,30.7,24.2,27.3,3.9,3.9,5.0,18.0,43.9,162,18.5
2024-06-17,30.1,25.3,27.1,17.4,17.4,8.0,16.3,37.8,165,13.33
2024-06-18,31.1,23.9,27.3,17.0,17.0,4.0,13.5,31.3,160,22.44
2024-06-19,30.7,24.5,27.1,5.8,5.8,11.0,12.2,32.8,170,20.18
2024-06-20,30.8,23.9,27.5,2.7,2.7,10.0,13.0,31.0,179,23.89
2024-06-21,31.9,24.7,27.9,3.0,3.0,6.0,15.8,31.3,180,22.68
2024-06-22,32.2,25.3,28.3,1.6,1.6,8.0,17.4,34.9,169,22.81
2024-06-23,32.7,25.2,28.3,2.5,2.5,10.0,18.7,36.4,179,23.95
2024-06-24,32.3,24.4,27.5,5.3,5.3,7.0,14.2,32.0,169,23.55
2024-06-25,31.7,23.9,27.0,5.8,5.8,5.0,10.3,23.8,156,22.28
2024-06-26,31.3,24.5,27.8,0.3,0.3,2.0,12.2,25.9,3,23.28
2024-06-27,31.9,24.0,28.0,2.9,2.9,5.0,10.0,23.0,18,24.4
2024-06-28,32.9,24.4,27.8,12.1,12.1,5.0,12.9,31.0,161,21.86
2024-06-29,32.3,25.0,28.1,1.3,1.3,6.0,22.2,48.2,184,24.11
2024-06-30,31.9,25.3,27.8,8.0,8.0,6.0,18.0,41.0,168,24.66
2024-07-01,32.8,24.3,28.2,1.6,1.6,6.0,17.7,34.9,171,25.42
2024-07-02,33.0,24.6,27.9,3.6,3.6,5.0,14.3,31.3,163,25.49
2024-07-03,31.7,23.9,27.8,1.3,1.3,3.0,8.8,20.5,317,23.6
2024-07-04,31.2,24.7,28.1,0.3,0.3,2.0,12.2,27.4,346,24.05
2024-07-05,31.8,23.5,27.9,0.0,0.0,0.0,12.2,27.0,338,26.2
2024-07-06,32.3,24.4,27.7,1.8,1.8,3.0,11.8,28.4,34,23.22
2024-07-07,32.1,24.5,27.7,1.7,1.7,3.0,8.2,23.0,44,23.82
2024-07-08,31.0,23.4,26.5,3.5,3.5,4.0,8.0,23.0,98,21.98
2024-07-09,31.7,22.8,27.5,0.4,0.4,3.0,9.7,22.0,217,26.71
2024-07-10,32.3,24.6,27.4,11.4,11.4,5.0,17.1,41.0,174,21.81
2024-07-11,31.7,24.5,27.2,6.2,6.2,6.0,17.2,35.6,165,21.34
2024-07-12,31.8,24.5,28.0,2.9,2.9,8.0,13.8,27.7,174,24.46
2024-07-13,32.2,24.9,27.9,1.9,1.9,7.0,9.8,23.4,177,23.09
2024-07-14,32.6,24.5,28.5,0.0,0.0,0.0,11.5,25.2,12,23.97
2024-07-15,32.7,25.0,28.8,0.0,0.0,0.0,14.0,31.3,6,25.42
2024-07-16,32.5,24.6,28.5,0.4,0.4,4.0,9.1,22.7,26,24.27
2024-07-17,32.9,24.2,28.6,0.9,0.9,3.0,10.4,25.2,65,23.51
2024-07-18,32.7,24.8,28.7,0.1,0.1,1.0,8.8,23.0,350,23.13
2024-07-19,33.4,24.7,28.5,0.6,0.6,4.0,13.2,30.6,353,22.18
2024-07-20,32.0,24.6,28.5,1.4,1.4,7.0,10.7,27.0,20,22.67
2024-07-21,32.5,24.7,28.3,4.4,4.4,7.0,16.7,34.9,17,21.29
2024-07-22,33.8,25.6,28.9,1.2,1.2,5.0,16.5,36.0,2,23.25
2024-07-23,33.0,26.1,29.2,7.3,7.3,4.0,11.6,24.8,162,18.33
2024-07-24,28.5,25.2,26.4,52.8,52.8,24.0,41.4,83.2,346,7.55
2024-07-25,26.9,24.4,25.7,135.0,135.0,24.0,40.2,87.8,197,3.72
2024-07-26,27.2,24.9,25.9,43.3,43.3,23.0,35.8,73.4,179,5.35
2024-07-27,31.1,24.2,27.2,25.3,25.3,11.0,13.4,28.8,160,17.42
2024-07-28,31.7,24.9,27.9,0.0,0.0,0.0,20.9,41.0,16,23.91
2024-07-29,30.6,24.3,26.8,2.7,2.7,7.0,11.6,24.1,179,16.3
2024-07-30,30.9,24.5,27.0,3.5,3.5,10.0,10.5,20.5,192,21.6
2024-07-31,31.0,24.1,26.9,3.4,3.4,8.0,16.1,36.0,185,21.5
2024-08-01,31.3,24.7,27.7,1.9,1.9,9.0,13.4,28.1,185,23.86
2024-08-02,31.4,25.0,28.1,0.5,0.5,3.0,10.6,24.5,184,24.89
2024-08-03,32.1,25.0,28.2,0.0,0.0,0.0,7.6,16.9,210,24.74
2024-08-04,32.1,24.6,28.2,0.1,0.1,1.0,8.2,17.6,213,24.2
2024-08-05,31.3,24.7,27.6,1.3,1.3,5.0,10.7,22.0,140,22.22
2024-08-06,30.1,24.2,26.8,10.0,10.0,14.0,12.2,23.4,128,19.76
2024-08-07,30.1,24.5,27.0,1.1,1.1,7.0,7.5,18.7,235,19.23
2024-08-08,29.5,24.6,26.9,21.8,21.8,10.0,8.7,20.9,173,17.05
2024-08-09,31.0,24.1,26.7,27.6,27.6,9.0,13.8,29.9,175,19.97
2024-08-10,29.9,23.8,26.1,14.0,14.0,13.0,14.3,29.5,168,19.39
2024-08-11,30.2,24.8,27.1,2.2,2.2,6.0,12.2,27.0,170,21.57
2024-08-12,30.9,24.1,27.2,8.5,8.5,7.0,11.5,25.6,172,21.72
2024-08-13,30.7,24.8,26.8,26.0,26.0,8.0,11.2,27.4,177,19.85
2024-08-14,30.5,23.8,25.7,18.9,18.9,12.0,13.5,33.5,182,15.26
2024-08-15,29.2,23.7,25.7,14.0,14.0,10.0,10.6,25.2,178,13.25
2024-08-16,28.9,23.7,26.0,20.8,20.8,14.0,11.6,22.3,167,16.24
2024-08-17,29.6,23.8,25.6,40.6,40.6,18.0,13.6,26.6,183,13.91
2024-08-18,28.3,23.4,25.7,28.5,28.5,10.0,13.0,27.7,176,12.25
2024-08-19,29.8,24.2,26.3,23.2,23.2,13.0,17.5,38.5,177,16.53
2024-08-20,32.0,24.1,27.2,3.1,3.1,4.0,20.5,42.1,173,20.49
2024-08-21,32.5,24.3,27.3,9.1,9.1,4.0,18.0,38.2,164,22.76
2024-08-22,32.2,23.9,27.8,0.1,0.1,1.0,9.4,21.2,180,25.53
2024-08-23,30.7,24.6,27.3,3.2,3.2,7.0,8.8,21.6,178,21.52
2024-08-24,31.1,23.5,26.8,3.4,3.4,7.0,9.7,20.9,158,22.92
2024-08-25,30.1,23.4,26.7,2.9,2.9,6.0,7.3,18.0,154,18.98
2024-08-26,30.3,23.7,26.6,2.7,2.7,6.0,8.5,22.3,160,21.84
2024-08-27,31.4,24.2,27.3,0.7,0.7,5.0,12.1,24.5,187,25.35
2024-08-28,31.5,24.5,27.8,2.4,2.4,10.0,12.0,22.7,175,23.95
2024-08-29,31.4,24.5,27.3,5.0,5.0,7.0,6.5,18.4,137,20.66
2024-08-30,30.4,25.3,27.7,0.7,0.7,6.0,10.7,24.8,65,19.98
2024-08-31,32.0,24.7,27.9,1.6,1.6,3.0,10.4,23.0,34,21.31
2024-09-01,31.3,23.7,26.5,5.4,5.4,10.0,9.6,22.3,126,18.69
2024-09-02,31.4,22.9,27.2,0.3,0.3,3.0,8.0,20.2,103,21.8
2024-09-03,31.7,24.8,28.2,0.0,0.0,0.0,14.7,30.6,81,21.79
2024-09-04,32.1,24.4,28.4,0.0,0.0,0.0,11.1,24.5,255,23.37
2024-09-05,32.5,24.8,28.2,0.2,0.2,2.0,9.2,19.8,146,19.04
2024-09-06,32.1,24.0,28.1,1.4,1.4,4.0,10.6,25.9,147,21.83
2024-09-07,29.7,24.4,26.2,8.1,8.1,13.0,9.7,22.3,188,15.71
2024-09-08,28.8,23.3,25.7,19.7,19.7,14.0,11.2,26.6,343,16.76
2024-09-09,30.0,22.7,26.0,1.4,1.4,6.0,10.8,22.0,172,18.53
2024-09-10,30.3,23.2,26.6,1.0,1.0,6.0,13.0,27.0,23,19.8
2024-09-11,30.7,24.0,26.8,7.6,7.6,5.0,11.2,26.6,156,20.54
2024-09-12,30.6,24.8,27.0,4.9,4.9,4.0,15.7,33.1,22,15.98
2024-09-13,30.7,22.7,26.6,4.6,4.6,5.0,11.3,25.9,101,20.36
2024-09-14,28.9,23.2,25.4,13.2,13.2,8.0,9.8,22.7,74,16.66
2024-09-15,30.9,22.5,26.4,0.0,0.0,0.0,9.0,20.9,40,22.16
2024-09-16,31.4,24.2,27.6,0.0,0.0,0.0,10.7,20.2,257,17.46
2024-09-17,33.2,25.3,28.6,0.0,0.0,0.0,14.1,29.2,32,23.83
2024-09-18,31.2,23.8,27.4,0.5,0.5,5.0,11.0,24.5,119,17.08
2024-09-19,31.0,23.8,27.0,4.9,4.9,14.0,13.5,27.0,161,18.07
2024-09-20,30.3,24.5,26.8,10.3,10.3,10.0,16.0,33.5,349,17.24
2024-09-21,28.1,24.7,25.8,84.5,84.5,24.0,11.9,22.0,232,8.08
2024-09-22,27.7,24.5,25.5,43.6,43.6,23.0,16.6,39.2,183,5.81
2024-09-23,30.1,24.3,25.8,16.4,16.4,19.0,13.5,33.1,143,13.3
2024-09-24,30.6,23.4,25.8,16.7,16.7,10.0,9.4,25.6,206,16.52
2024-09-25,29.5,24.2,26.4,7.6,7.6,7.0,9.0,20.9,317,14.25
2024-09-26,30.5,22.7,26.4,9.4,9.4,12.0,11.1,25.9,3,20.95
2024-09-27,29.2,22.4,25.6,24.5,24.5,8.0,14.6,31.0,15,15.45
2024-09-28,30.2,22.1,26.1,0.0,0.0,0.0,14.5,29.5,27,20.59
2024-09-29,31.3,23.2,27.1,0.0,0.0,0.0,7.8,18.0,128,18.45
2024-09-30,31.4,24.8,27.7,0.0,0.0,0.0,7.6,16.6,100,17.85
2024-10-01,31.5,23.7,27.4,0.7,0.7,2.0,20.6,41.8,134,17.16
2024-10-02,29.1,22.3,25.1,8.7,8.7,15.0,34.9,65.9,11,9.6
2024-10-03,25.0,22.0,23.1,7.0,7.0,14.0,41.6,79.2,12,4.95
2024-10-04,26.4,22.1,23.7,1.0,1.0,3.0,22.3,46.4,18,9.67
2024-10-05,28.7,22.2,25.0,5.4,5.4,2.0,11.5,27.4,8,14.99
2024-10-06,30.0,22.9,25.9,1.1,1.1,3.0,9.9,22.3,157,17.13
2024-10-07,29.3,22.6,25.6,1.4,1.4,4.0,7.8,20.2,88,16.08
2024-10-08,28.8,22.6,25.2,0.5,0.5,4.0,18.2,34.2,17,17.5
2024-10-09,29.0,21.3,24.5,0.4,0.4,4.0,12.1,25.6,20,20.12
2024-10-10,27.5,20.1,23.1,0.0,0.0,0.0,21.5,41.4,11,21.28
2024-10-11,28.3,18.7,23.2,0.0,0.0,0.0,16.6,31.7,15,20.26
2024-10-12,29.5,21.2,25.0,0.0,0.0,0.0,8.4,20.2,11,20.17
2024-10-13,29.2,21.5,25.3,0.5,0.5,3.0,7.3,18.7,168,19.38
2024-10-14,29.3,21.9,25.6,0.2,0.2,2.0,7.1,18.4,131,17.94
2024-10-15,30.2,22.1,25.8,1.4,1.4,4.0,10.3,22.0,122,17.84
2024-10-16,30.0,22.9,26.3,0.0,0.0,0.0,6.7,17.3,20,16.7
2024-10-17,30.7,22.7,26.5,0.0,0.0,0.0,8.5,15.8,116,18.01
2024-10-18,29.7,22.8,26.1,0.0,0.0,0.0,9.2,16.9,108,16.38
2024-10-19,30.4,22.3,26.3,0.0,0.0,0.0,10.3,19.4,357,18.68
2024-10-20,30.0,22.4,25.6,0.0,0.0,0.0,16.5,32.0,15,18.89
2024-10-21,29.9,21.8,25.5,0.0,0.0,0.0,16.8,32.0,9,15.81
2024-10-22,30.0,21.8,25.0,0.0,0.0,0.0,22.9,43.2,14,14.68
2024-10-23,26.7,20.8,22.9,0.0,0.0,0.0,30.6,59.0,13,19.0
2024-10-24,26.2,20.6,22.7,1.3,1.3,3.0,34.9,66.2,9,13.45
2024-10-25,31.6,21.7,26.1,0.0,0.0,0.0,23.5,43.6,15,17.77
2024-10-26,29.7,24.1,26.2,12.5,12.5,6.0,13.0,24.5,176,11.38
2024-10-27,28.5,23.7,25.3,7.3,7.3,11.0,10.9,24.5,310,10.56
2024-10-28,26.8,21.8,24.0,1.7,1.7,7.0,24.5,47.5,14,13.87
2024-10-29,27.2,21.1,23.2,0.0,0.0,0.0,25.8,48.2,15,16.3
2024-10-30,27.6,20.2,23.6,0.0,0.0,0.0,25.5,47.9,13,16.46
2024-10-31,25.5,23.7,24.6,161.0,161.0,22.0,74.5,146.2,17,2.3
2024-11-01,25.4,21.9,23.4,87.7,87.7,20.0,54.4,105.5,191,3.28
2024-11-02,28.3,20.9,24.1,0.0,0.0,0.0,12.9,24.8,20,17.54
2024-11-03,28.4,21.8,24.4,0.0,0.0,0.0,11.5,23.8,360,17.06
2024-11-04,27.2,22.2,24.1,0.0,0.0,0.0,14.4,26.6,7,11.73
2024-11-05,26.1,20.1,22.4,0.0,0.0,0.0,26.7,50.0,12,16.48
2024-11-06,24.4,18.0,20.4,0.0,0.0,0.0,25.6,49.7,13,18.16
2024-11-07,25.6,16.7,20.4,0.0,0.0,0.0,18.6,37.1,14,18.32
2024-11-08,26.7,18.7,21.8,0.0,0.0,0.0,20.2,38.9,8,14.84
2024-11-09,29.1,21.0,23.9,0.0,0.0,0.0,18.3,34.9,14,15.06
2024-11-10,27.4,21.1,23.5,0.0,0.0,0.0,17.9,36.7,13,15.45
2024-11-11,28.1,20.3,23.3,0.0,0.0,0.0,16.4,31.3,18,17.13
2024-11-12,26.3,21.8,23.7,6.1,6.1,11.0,9.8,24.5,28,4.61
2024-11-13,30.8,23.0,26.2,0.0,0.0,0.0,10.7,27.0,211,13.01
2024-11-14,30.8,21.5,25.9,0.0,0.0,0.0,8.2,26.3,288,13.72
2024-11-15,31.2,22.9,26.1,0.4,0.4,1.0,10.3,24.5,333,12.04
2024-11-16,27.6,22.2,24.1,16.5,16.5,10.0,22.1,52.6,7,11.68
2024-11-17,27.8,21.2,24.1,0.0,0.0,0.0,19.0,47.9,8,15.53
2024-11-18,23.5,17.9,20.4,2.2,2.2,5.0,17.4,41.4,6,8.02
2024-11-19,22.2,17.7,19.4,0.4,0.4,3.0,11.4,35.6,7,6.75
2024-11-20,25.5,17.8,20.8,0.9,0.9,4.0,15.2,36.4,4,14.64
2024-11-21,24.8,17.4,20.1,0.0,0.0,0.0,19.1,46.8,4,15.03
2024-11-22,24.8,17.0,19.6,0.5,0.5,4.0,15.7,38.2,13,15.16
2024-11-23,26.5,17.0,20.4,5.2,5.2,9.0,14.1,32.4,16,14.52
2024-11-24,27.0,18.0,21.6,0.1,0.1,1.0,10.3,22.0,21,16.16
2024-11-25,26.6,18.0,21.8,1.1,1.1,5.0,9.9,24.5,71,15.79
2024-11-26,22.8,15.1,19.3,0.0,0.0,0.0,22.3,51.5,6,15.83
2024-11-27,22.4,14.8,17.3,0.0,0.0,0.0,18.7,44.6,5,16.75
2024-11-28,21.7,12.8,16.4,0.0,0.0,0.0,16.8,42.1,5,16.76
2024-11-29,21.8,12.1,15.9,0.0,0.0,0.0,18.1,40.0,11,17.07
2024-11-30,24.5,11.1,17.2,0.0,0.0,0.0,8.1,24.8,342,16.68
2024-12-01,25.7,12.0,18.3,0.0,0.0,0.0,11.3,29.2,25,16.43
2024-12-02,27.8,14.9,20.5,0.0,0.0,0.0,9.6,27.4,29,16.32
2024-12-03,28.0,16.2,21.4,0.0,0.0,0.0,6.1,20.5,66,16.28
2024-12-04,28.6,16.8,21.4,0.0,0.0,0.0,14.9,36.4,28,16.06
2024-12-05,26.3,14.9,20.2,0.3,0.3,1.0,13.4,33.8,22,15.82
2024-12-06,28.3,14.0,20.3,0.0,0.0,0.0,14.0,36.4,17,16.1
2024-12-07,25.9,16.2,19.6,0.0,0.0,0.0,18.6,45.0,11,16.14
2024-12-08,22.5,13.9,17.0,0.0,0.0,0.0,21.7,54.0,13,15.72
2024-12-09,26.1,14.6,18.8,0.0,0.0,0.0,13.7,36.4,18,15.35
2024-12-10,26.5,13.5,19.7,0.0,0.0,0.0,10.3,27.0,43,15.79
2024-12-11,27.0,15.8,20.0,0.0,0.0,0.0,16.9,40.7,12,15.57
2024-12-12,23.7,14.9,18.3,0.4,0.4,2.0,16.5,42.1,12,15.74
2024-12-13,21.0,13.7,17.1,2.2,2.2,5.0,22.0,52.9,4,11.32
2024-12-14,17.8,10.9,13.3,0.0,0.0,0.0,24.3,58.7,5,15.2
2024-12-15,18.6,10.2,13.2,0.0,0.0,0.0,18.5,45.4,14,15.78
2024-12-16,17.1,11.5,13.6,0.0,0.0,0.0,12.1,26.3,12,4.42
2024-12-17,23.5,9.7,15.6,0.0,0.0,0.0,18.9,46.4,11,15.75
2024-12-18,20.4,12.3,15.1,0.0,0.0,0.0,20.6,51.1,8,13.27
2024-12-19,16.7,11.4,13.0,1.3,1.3,7.0,15.0,37.4,9,6.76
2024-12-20,22.0,10.6,15.5,0.3,0.3,2.0,15.0,36.7,15,15.66
2024-12-21,21.0,12.1,15.6,0.2,0.2,2.0,19.3,46.1,13,10.34
2024-12-22,18.0,11.6,13.7,0.0,0.0,0.0,20.0,48.6,8,12.23
2024-12-23,15.3,11.1,13.6,11.4,11.4,15.0,9.7,23.8,14,2.49
2024-12-24,18.7,13.5,15.6,7.8,7.8,12.0,14.9,31.0,24,4.21
2024-12-25,22.1,14.7,18.2,0.0,0.0,0.0,12.1,30.6,5,11.25
2024-12-26,23.9,15.7,18.6,0.0,0.0,0.0,16.6,40.0,7,14.89
2024-12-27,17.9,14.8,16.1,2.1,2.1,8.0,13.3,28.8,7,3.64
2024-12-28,17.4,9.5,13.2,0.0,0.0,0.0,24.6,58.3,7,15.63
2024-12-29,20.9,8.7,14.3,0.0,0.0,0.0,9.4,22.7,351,15.97
2024-12-30,22.9,12.3,17.0,0.0,0.0,0.0,10.5,27.4,12,14.28
2024-12-31,22.6,13.8,17.1,0.0,0.0,0.0,16.2,40.3,9,14.36
2025-01-01,17.7,14.8,16.2,10.8,10.8,14.0,8.6,20.5,331,3.3
2025-01-02,18.0,15.0,16.0,9.8,9.8,11.0,15.4,36.0,8,3.16
2025-01-03,18.6,12.5,14.9,0.0,0.0,0.0,21.5,50.4,10,9.36
2025-01-04,23.5,9.7,16.6,0.0,0.0,0.0,9.3,19.1,54,16.24
2025-01-05,23.5,12.0,16.5,0.2,0.2,2.0,17.9,42.8,5,12.6
2025-01-06,20.6,12.1,15.7,0.0,0.0,0.0,22.3,53.3,11,16.92
2025-01-07,22.8,9.7,15.4,0.0,0.0,0.0,11.2,30.6,4,16.12
2025-01-08,22.7,13.5,16.7,0.1,0.1,1.0,13.5,34.2,357,16.21
2025-01-09,20.4,10.9,14.8,0.0,0.0,0.0,17.9,42.8,10,12.39
2025-01-10,16.8,9.2,11.8,0.0,0.0,0.0,22.1,54.4,8,15.65
2025-01-11,18.3,9.3,12.5,0.3,0.3,2.0,20.7,51.5,10,15.16
2025-01-12,18.6,8.7,12.6,0.0,0.0,0.0,20.0,50.8,11,17.4
2025-01-13,22.4,7.0,14.2,0.0,0.0,0.0,6.9,18.4,56,17.56
2025-01-14,24.4,11.3,17.2,2.5,2.5,5.0,9.3,23.8,356,16.87
2025-01-15,16.2,10.8,13.6,7.4,7.4,17.0,26.5,57.6,11,3.48
2025-01-16,18.5,9.3,12.4,0.0,0.0,0.0,22.4,52.2,10,16.4
2025-01-17,19.8,8.1,12.9,0.0,0.0,0.0,14.4,34.9,19,17.44
2025-01-18,22.7,8.5,14.9,0.8,0.8,3.0,9.3,24.1,350,10.38
2025-01-19,20.1,13.7,16.0,0.5,0.5,2.0,16.0,40.7,2,13.01
2025-01-20,23.7,10.6,16.3,0.0,0.0,0.0,16.1,40.3,6,17.01
2025-01-21,24.6,10.2,17.5,0.0,0.0,0.0,6.9,22.0,195,17.4
2025-01-22,23.2,12.7,17.5,5.4,5.4,8.0,9.2,24.8,359,12.31
2025-01-23,22.9,14.2,17.2,4.2,4.2,7.0,18.4,43.2,2,15.46
2025-01-24,24.3,11.5,17.1,0.0,0.0,0.0,15.7,38.9,10,17.56
2025-01-25,23.8,12.6,17.0,0.0,0.0,0.0,16.2,41.0,9,17.23
2025-01-26,22.0,11.6,15.6,0.0,0.0,0.0,23.8,58.3,3,16.71
2025-01-27,13.5,8.8,10.8,1.4,1.4,7.0,27.0,64.8,3,7.88
2025-01-28,18.2,7.0,11.8,0.0,0.0,0.0,19.8,49.0,8,16.56
2025-01-29,21.7,5.8,13.5,0.0,0.0,0.0,12.0,29.9,18,18.24
2025-01-30,23.5,9.9,16.3,0.0,0.0,0.0,10.8,28.8,20,18.35
2025-01-31,20.4,13.2,16.3,5.2,5.2,9.0,6.7,18.4,29,7.93
2025-02-01,25.7,15.5,19.2,11.4,11.4,9.0,17.6,40.3,13,14.41
2025-02-02,22.8,14.0,17.0,3.2,3.2,10.0,15.8,38.9,3,14.88
2025-02-03,16.8,10.2,13.5,19.0,19.0,13.0,24.6,59.0,7,13.84
2025-02-04,17.1,8.7,11.7,1.2,1.2,4.0,22.8,52.6,12,13.75
2025-02-05,21.5,11.1,15.5,1.2,1.2,6.0,7.1,20.2,323,15.73
2025-02-06,21.4,13.8,16.8,0.0,0.0,0.0,10.8,27.4,13,11.46
2025-02-07,19.5,10.6,14.6,0.0,0.0,0.0,21.9,52.9,7,15.79
2025-02-08,14.3,7.1,10.1,0.1,0.1,1.0,24.2,57.6,9,17.7
2025-02-09,17.8,8.0,11.6,0.0,0.0,0.0,18.5,44.3,8,18.92
2025-02-10,22.4,8.8,15.1,0.0,0.0,0.0,11.9,29.2,355,19.68
2025-02-11,25.1,11.2,17.9,0.0,0.0,0.0,9.4,28.1,13,19.62
2025-02-12,20.0,16.1,17.7,30.1,30.1,17.0,9.0,22.3,356,3.15
2025-02-13,16.8,13.1,14.9,33.9,33.9,18.0,16.4,38.5,4,3.83
2025-02-14,22.4,13.7,17.2,0.3,0.3,2.0,7.2,18.7,319,10.79
2025-02-15,24.5,14.6,18.8,0.0,0.0,0.0,7.8,22.7,331,18.37
2025-02-16,24.6,13.7,18.8,0.0,0.0,0.0,16.6,38.5,6,18.94
2025-02-17,24.3,12.8,17.8,0.0,0.0,0.0,12.4,29.9,5,20.42
2025-02-18,22.2,12.8,16.2,0.0,0.0,0.0,17.8,43.6,8,19.96
2025-02-19,23.0,12.7,17.2,0.0,0.0,0.0,7.4,24.5,330,19.54
2025-02-20,22.3,14.2,17.5,0.0,0.0,0.0,11.3,26.6,339,16.51
2025-02-21,21.0,12.8,16.2,1.1,1.1,5.0,18.7,46.1,4,19.93
2025-02-22,24.4,12.2,17.0,0.0,0.0,0.0,13.1,31.7,357,20.15
2025-02-23,20.8,12.2,15.3,1.5,1.5,10.0,25.4,59.4,5,14.71
2025-02-24,18.9,10.6,13.4,0.2,0.2,1.0,17.6,43.9,17,19.67
2025-02-25,22.9,11.3,16.3,0.0,0.0,0.0,9.0,25.9,279,20.31
2025-02-26,21.3,14.1,16.5,1.6,1.6,7.0,17.7,42.1,360,10.54
2025-02-27,22.5,14.4,18.0,0.2,0.2,1.0,11.2,31.3,329,15.41
2025-02-28,25.9,13.4,19.5,0.0,0.0,0.0,9.3,28.4,20,20.55
2025-03-01,28.7,16.0,21.6,0.0,0.0,0.0,10.6,31.7,36,21.29
2025-03-02,30.7,18.6,23.7,0.0,0.0,0.0,10.0,28.4,86,20.39
2025-03-03,30.2,20.6,24.2,15.3,15.3,6.0,13.5,35.3,173,14.64
2025-03-04,30.1,19.6,22.7,23.8,23.8,14.0,15.3,34.9,121,13.26
2025-03-05,23.6,16.1,18.5,30.2,30.2,14.0,17.5,42.8,356,13.35
2025-03-06,17.0,12.0,14.3,14.5,14.5,11.0,24.4,57.2,6,10.35
2025-03-07,20.8,11.9,15.1,2.0,2.0,11.0,15.7,36.7,9,9.28
2025-03-08,21.7,13.2,15.9,0.7,0.7,5.0,18.5,47.2,359,21.28
2025-03-09,23.8,13.1,17.7,0.0,0.0,0.0,12.5,33.5,354,21.29
2025-03-10,24.9,14.5,19.2,0.0,0.0,0.0,8.5,23.0,336,20.67
2025-03-11,26.2,16.0,20.5,1.7,1.7,2.0,8.1,27.7,359,16.82
2025-03-12,28.3,17.1,22.6,0.0,0.0,0.0,11.7,30.6,248,21.32
2025-03-13,25.7,18.9,21.9,17.4,17.4,10.0,12.4,29.5,343,11.22
2025-03-14,26.5,18.5,21.4,41.2,41.2,12.0,9.0,32.0,348,14.5
2025-03-15,26.7,15.7,20.1,55.2,55.2,19.0,15.4,42.1,359,11.78
2025-03-16,17.2,11.9,13.8,3.3,3.3,8.0,24.1,57.2,2,13.94
2025-03-17,13.4,10.2,12.0,1.2,1.2,7.0,14.9,32.8,8,4.76
2025-03-18,17.4,10.9,13.6,0.1,0.1,1.0,13.9,33.8,18,7.08
2025-03-19,22.0,10.6,15.0,0.0,0.0,0.0,15.5,37.1,13,21.88
2025-03-20,22.4,9.8,15.5,0.0,0.0,0.0,18.5,46.8,10,23.63
2025-03-21,24.1,9.0,16.1,0.0,0.0,0.0,11.6,32.0,18,23.99
2025-03-22,25.0,10.4,17.7,0.0,0.0,0.0,9.4,28.4,31,24.11
2025-03-23,26.3,13.2,19.7,0.0,0.0,0.0,8.2,23.8,178,23.72
2025-03-24,27.8,15.2,21.3,0.0,0.0,0.0,9.4,29.9,191,23.48
2025-03-25,30.0,16.4,23.0,0.0,0.0,0.0,10.4,31.7,194,23.53
2025-03-26,31.2,18.4,24.4,0.0,0.0,0.0,13.2,33.8,195,23.38
2025-03-27,34.0,20.1,25.8,0.2,0.2,2.0,17.2,47.9,195,23.04
2025-03-28,27.5,17.0,22.6,0.0,0.0,0.0,18.5,47.5,12,22.51
2025-03-29,25.0,13.9,18.4,0.3,0.3,1.0,18.4,46.8,5,19.65
2025-03-30,17.5,12.7,14.6,11.9,11.9,14.0,18.9,42.5,17,7.02
2025-03-31,20.0,12.9,15.6,39.4,39.4,23.0,15.0,36.7,9,11.79
2025-04-01,19.7,12.7,15.2,4.4,4.4,8.0,20.7,50.4,2,19.21
2025-04-02,21.8,12.4,16.1,0.3,0.3,3.0,14.9,37.8,9,15.85
2025-04-03,23.9,15.3,19.3,2.7,2.7,10.0,7.6,23.8,36,20.66
2025-04-04,25.8,14.1,20.2,1.6,1.6,4.0,7.6,21.6,179,22.19
2025-04-05,21.7,17.0,19.0,13.0,13.0,17.0,10.4,20.9,359,5.8
2025-04-06,26.7,17.2,20.7,5.4,5.4,6.0,15.9,38.2,358,18.44
2025-04-07,27.2,18.6,22.7,3.2,3.2,6.0,9.8,28.1,190,22.77
2025-04-08,27.9,19.6,23.0,0.1,0.1,1.0,9.8,26.3,241,22.26
2025-04-09,27.9,18.6,22.9,4.9,4.9,9.0,9.3,25.9,194,21.61
2025-04-10,25.4,19.6,22.2,12.4,12.4,17.0,11.8,33.8,163,13.56
2025-04-11,29.7,18.4,23.1,12.6,12.6,7.0,11.8,32.4,183,23.04
2025-04-12,28.7,20.5,24.3,14.3,14.3,11.0,20.6,48.6,179,16.21
2025-04-13,21.5,16.2,18.2,32.5,32.5,6.0,23.9,61.6,359,12.21
2025-04-14,25.5,16.4,20.6,0.0,0.0,0.0,9.5,26.6,212,26.16
2025-04-15,27.7,15.2,20.9,0.0,0.0,0.0,15.0,37.1,28,26.38
2025-04-16,27.4,15.6,21.3,0.0,0.0,0.0,9.7,26.6,172,26.09
2025-04-17,29.1,15.9,22.9,0.0,0.0,0.0,9.5,25.9,181,23.95
2025-04-18,30.6,20.3,24.6,1.0,1.0,3.0,10.9,38.9,187,18.24
2025-04-19,30.5,22.2,25.1,10.0,10.0,8.0,12.0,34.6,178,16.45
2025-04-20,29.9,21.9,25.6,11.2,11.2,9.0,12.2,28.8,173,20.85
2025-04-21,31.4,22.1,25.9,0.1,0.1,1.0,10.3,30.2,203,24.16
2025-04-22,32.5,20.5,25.9,0.0,0.0,0.0,12.2,33.1,186,25.68
2025-04-23,29.9,22.0,25.0,8.3,8.3,14.0,13.0,29.2,158,15.61
2025-04-24,29.5,20.9,24.5,14.9,14.9,19.0,12.2,33.8,215,19.29
2025-04-25,27.0,19.4,22.8,19.3,19.3,14.0,16.0,40.0,25,14.77
2025-04-26,25.9,18.5,21.7,2.1,2.1,6.0,10.7,23.0,12,10.41
2025-04-27,29.4,19.1,23.8,1.8,1.8,4.0,9.2,24.5,181,23.81
2025-04-28,25.7,20.1,22.6,30.7,30.7,14.0,13.0,32.8,42,14.66
2025-04-29,28.6,19.1,23.4,0.1,0.1,1.0,8.1,24.1,26,23.69
2025-04-30,29.8,18.3,23.7,1.5,1.5,4.0,8.3,23.0,190,23.62
2025-05-01,27.0,20.6,23.7,0.0,0.0,0.0,7.4,19.1,199,12.02
2025-05-02,30.4,19.2,24.8,0.0,0.0,0.0,6.3,19.8,231,26.67
2025-05-03,29.7,21.2,25.8,0.0,0.0,0.0,9.2,29.9,73,18.23
2025-05-04,31.9,22.1,26.5,5.4,5.4,7.0,12.1,34.9,37,22.72
2025-05-05,31.8,23.0,26.9,1.3,1.3,6.0,11.8,36.0,181,23.48
2025-05-06,32.5,22.8,26.5,17.8,17.8,9.0,11.7,29.2,180,21.94
2025-05-07,28.6,22.1,24.6,27.9,27.9,19.0,9.3,28.1,156,15.99
2025-05-08,30.3,21.5,25.7,1.8,1.8,5.0,8.7,28.8,167,23.01
2025-05-09,32.3,22.7,25.9,53.4,53.4,9.0,15.1,41.4,158,20.13
2025-05-10,28.3,22.8,24.6,67.4,67.4,16.0,6.5,24.5,27,13.54
2025-05-11,22.6,19.0,20.5,58.5,58.5,20.0,14.0,32.0,356,3.59
2025-05-12,27.9,19.2,23.2,7.1,7.1,9.0,10.5,26.6,173,13.08
2025-05-13,30.6,19.8,25.3,0.0,0.0,0.0,7.9,26.3,286,26.55
2025-05-14,32.2,20.2,26.6,0.0,0.0,0.0,9.0,27.4,20,27.73
2025-05-15,32.1,20.9,27.3,0.0,0.0,0.0,9.2,30.2,21,26.31
2025-05-16,32.7,23.0,27.7,1.4,1.4,4.0,9.7,29.9,169,24.57
2025-05-17,32.5,24.0,27.8,2.6,2.6,7.0,11.5,36.0,176,23.35
2025-05-18,32.2,24.7,27.6,3.2,3.2,5.0,13.9,40.7,176,21.0
2025-05-19,32.3,23.8,27.5,4.8,4.8,8.0,11.9,32.8,165,22.04
2025-05-20,33.9,24.1,28.9,0.0,0.0,0.0,10.2,32.4,192,26.53
2025-05-21,32.3,24.6,28.8,1.7,1.7,4.0,11.6,35.6,182,19.98
2025-05-22,34.2,24.7,29.3,0.0,0.0,0.0,7.6,26.6,194,24.93
2025-05-23,34.4,25.4,29.7,0.5,0.5,2.0,14.8,43.9,189,23.07
2025-05-24,29.8,22.8,26.3,16.4,16.4,18.0,11.1,32.8,352,12.96
2025-05-25,25.1,20.8,22.9,85.7,85.7,20.0,11.6,38.2,7,10.94
2025-05-26,24.7,19.5,21.2,7.2,7.2,10.0,14.0,31.7,1,8.55
2025-05-27,29.5,19.6,24.4,0.0,0.0,0.0,9.2,25.6,45,25.45
2025-05-28,27.4,22.1,23.9,23.0,23.0,15.0,11.4,29.2,11,9.33
2025-05-29,24.7,21.0,22.7,86.8,86.8,24.0,12.4,26.3,359,5.35
2025-05-30,29.6,20.4,24.9,2.1,2.1,7.0,14.4,35.6,3,26.77
2025-05-31,31.0,22.8,26.9,1.0,1.0,4.0,10.2,28.8,250,26.7
2025-06-01,32.2,23.2,27.3,3.4,3.4,7.0,12.7,36.4,193,20.27
2025-06-02,31.7,24.4,27.8,12.9,12.9,18.0,16.5,44.6,184,21.89
2025-06-03,29.7,24.8,26.3,38.8,38.8,15.0,10.4,28.1,174,10.76
2025-06-04,29.6,24.2,26.0,17.6,17.6,24.0,10.8,28.1,218,13.87
2025-06-05,29.0,23.9,25.6,17.9,17.9,13.0,7.1,29.2,198,14.05
2025-06-06,28.5,23.4,25.9,19.6,19.6,10.0,8.8,27.7,181,14.91
2025-06-07,31.1,23.9,27.1,5.0,5.0,6.0,13.9,34.9,178,21.56
2025-06-08,31.1,24.5,27.7,4.2,4.2,7.0,9.9,27.0,188,24.12
2025-06-09,31.7,24.6,28.1,0.2,0.2,2.0,10.7,28.1,246,23.77
2025-06-10,32.7,23.6,28.5,1.2,1.2,1.0,8.9,23.4,19,25.97
2025-06-11,33.1,24.5,29.0,0.1,0.1,1.0,8.7,28.1,20,24.63
2025-06-12,32.3,25.0,27.7,11.3,11.3,11.0,12.8,29.5,149,13.58
2025-06-13,26.0,24.1,24.9,101.0,101.0,19.0,18.8,49.0,174,4.18
2025-06-14,33.0,22.9,27.9,8.1,8.1,6.0,17.5,47.5,184,24.87
2025-06-15,33.3,23.3,28.4,0.0,0.0,0.0,19.4,46.4,191,27.99
2025-06-16,31.3,24.5,26.8,10.0,10.0,10.0,14.6,39.2,165,17.13
2025-06-17,30.7,24.4,26.7,19.5,19.5,5.0,12.6,37.1,160,17.02
2025-06-18,31.3,23.2,27.2,2.4,2.4,4.0,7.4,26.6,159,25.22
2025-06-19,32.4,24.2,27.6,0.4,0.4,2.0,11.3,31.7,25,24.13
2025-06-20,32.6,23.5,27.5,0.3,0.3,2.0,9.2,27.4,175,22.73
2025-06-21,31.8,23.7,27.6,2.3,2.3,5.0,12.2,29.9,178,22.48
2025-06-22,32.1,23.9,28.2,0.2,0.2,2.0,9.7,28.1,181,24.38
2025-06-23,33.2,24.2,29.0,0.3,0.3,2.0,10.9,33.1,187,25.16
2025-06-24,34.6,25.7,29.9,0.3,0.3,1.0,9.7,29.5,198,24.74
2025-06-25,33.0,25.8,28.8,1.4,1.4,6.0,10.8,32.4,164,19.33
2025-06-26,32.2,24.7,28.4,0.7,0.7,5.0,11.4,34.2,2,20.61
2025-06-27,32.3,25.2,28.0,0.7,0.7,2.0,8.3,27.7,20,21.46
2025-06-28,33.8,22.6,28.2,0.9,0.9,5.0,9.6,30.2,43,23.75
2025-06-29,33.4,24.7,28.5,0.5,0.5,4.0,9.5,32.4,24,20.16
2025-06-30,35.0,24.5,29.4,0.9,0.9,2.0,11.4,33.8,240,25.77
2025-07-01,35.2,24.3,29.8,0.6,0.6,1.0,9.2,29.5,173,24.82
2025-07-02,34.9,25.9,30.6,0.0,0.0,0.0,10.5,30.6,239,23.39
2025-07-03,34.4,25.6,30.5,0.9,0.9,4.0,9.3,30.2,313,23.94
2025-07-04,36.1,25.4,28.7,9.6,9.6,7.0,10.6,28.1,183,21.53
2025-07-05,32.4,24.4,27.5,4.3,4.3,7.0,15.9,43.9,33,21.55
2025-07-06,30.1,24.3,26.0,30.6,30.6,10.0,13.1,26.3,121,7.74
2025-07-07,29.1,22.8,25.7,61.7,61.7,17.0,21.6,43.2,173,15.42
2025-07-08,30.1,23.4,26.2,65.8,65.8,15.0,18.3,46.4,147,17.21
2025-07-09,27.1,23.4,25.2,22.5,22.5,21.0,13.9,36.0,152,7.82
2025-07-10,25.3,22.4,23.9,40.8,40.8,23.0,12.3,27.4,76,4.35
2025-07-11,30.7,23.1,26.4,12.3,12.3,13.0,8.2,33.5,128,17.5
2025-07-12,32.2,23.7,27.3,9.7,9.7,8.0,12.6,37.8,167,22.19
2025-07-13,31.5,24.8,28.1,3.1,3.1,6.0,12.2,32.0,189,24.37
2025-07-14,31.6,25.3,27.8,1.4,1.4,10.0,11.5,32.4,182,22.56
2025-07-15,30.5,24.0,27.3,25.9,25.9,15.0,14.3,40.0,175,21.54
2025-07-16,31.4,24.7,27.6,3.9,3.9,8.0,11.4,32.4,171,20.83
2025-07-17,31.6,24.9,27.8,6.3,6.3,6.0,7.6,24.1,168,22.26
2025-07-18,31.6,25.4,28.3,1.0,1.0,5.0,10.7,28.8,291,20.84
2025-07-19,30.3,25.6,27.4,1.8,1.8,13.0,9.2,28.1,197,12.98
2025-07-20,31.6,25.3,27.1,13.2,13.2,16.0,9.6,21.2,57,16.49
2025-07-21,28.6,24.4,25.9,2.8,2.8,9.0,9.1,19.4,28,7.52
2025-07-22,31.4,23.9,27.4,0.0,0.0,0.0,7.7,20.2,211,17.0
2025-07-23,32.1,24.3,28.5,0.0,0.0,0.0,10.3,28.4,223,25.57
2025-07-24,33.8,25.8,29.0,0.5,0.5,5.0,7.6,23.8,57,22.88
2025-07-25,30.9,24.3,27.5,9.1,9.1,15.0,22.0,53.3,2,20.92
2025-07-26,30.1,24.8,27.1,13.3,13.3,16.0,15.2,38.2,173,10.88
2025-07-27,30.2,24.3,26.8,24.8,24.8,20.0,15.7,45.0,168,15.06
2025-07-28,29.6,24.0,25.8,60.5,60.5,21.0,14.7,35.3,176,13.73
2025-07-29,30.5,23.5,25.8,22.8,22.8,16.0,11.1,29.2,181,16.7
2025-07-30,27.9,23.3,24.9,82.3,82.3,24.0,15.5,34.9,150,7.6
2025-07-31,29.2,23.5,25.6,68.8,68.8,18.0,15.5,37.8,157,10.92
2025-08-01,30.3,25.2,26.6,14.1,14.1,11.0,15.4,43.2,174,18.35
2025-08-02,29.5,23.6,25.7,91.6,91.6,23.0,15.3,35.6,152,12.3
2025-08-03,28.5,24.4,25.2,70.4,70.4,21.0,14.5,32.0,153,6.29
2025-08-04,27.0,24.1,25.4,11.2,11.2,15.0,14.1,29.9,166,6.92
2025-08-05,31.1,24.2,27.0,1.0,1.0,7.0,13.9,40.0,176,20.53
2025-08-06,32.1,23.6,27.4,1.2,1.2,4.0,8.9,23.8,187,24.59
2025-08-07,31.4,23.2,27.3,0.0,0.0,0.0,6.2,18.0,195,22.44
2025-08-08,31.3,23.5,27.7,0.0,0.0,0.0,9.2,25.6,230,24.03
2025-08-09,32.1,24.3,27.8,0.7,0.7,4.0,10.1,29.5,217,21.64
2025-08-10,31.6,25.8,27.5,6.2,6.2,8.0,10.9,32.8,194,18.64
2025-08-11,31.0,24.7,27.1,5.9,5.9,7.0,12.6,34.6,183,19.49
2025-08-12,31.0,23.9,27.7,1.0,1.0,5.0,8.2,22.0,207,20.31
2025-08-13,33.9,24.4,27.4,2.5,2.5,7.0,25.6,58.0,100,9.43
2025-08-14,32.7,23.9,28.5,0.0,0.0,0.0,19.7,48.6,8,24.83
2025-08-15,34.4,23.6,28.6,0.0,0.0,0.0,10.3,29.2,202,25.03
2025-08-16,34.1,24.3,29.2,0.0,0.0,0.0,11.7,34.6,217,23.56
2025-08-17,34.3,25.0,28.4,13.6,13.6,5.0,11.0,35.3,141,22.76
2025-08-18,34.1,25.3,28.6,10.6,10.6,3.0,11.0,28.8,171,23.04
2025-08-19,33.7,23.6,28.1,0.2,0.2,1.0,7.8,26.6,153,21.69
2025-08-20,33.7,24.1,27.6,1.8,1.8,5.0,12.9,36.4,175,18.09
2025-08-21,33.7,23.0,28.5,0.0,0.0,0.0,10.1,32.8,198,23.43
2025-08-22,35.7,23.9,29.8,0.0,0.0,0.0,10.4,30.6,315,24.87
2025-08-23,35.7,25.8,30.6,1.7,1.7,1.0,10.8,27.4,32,23.85
2025-08-24,35.0,26.0,29.9,0.0,0.0,0.0,11.6,36.4,317,21.44
2025-08-25,34.8,24.5,28.5,6.2,6.2,3.0,15.9,39.2,206,23.22
2025-08-26,33.3,23.8,27.9,1.1,1.1,3.0,13.1,36.4,156,18.72
2025-08-27,32.6,24.3,28.3,0.5,0.5,3.0,8.1,27.0,151,18.53
2025-08-28,33.4,25.4,29.2,0.0,0.0,0.0,11.0,27.4,172,16.47
2025-08-29,35.7,25.2,30.0,0.3,0.3,2.0,10.2,32.0,334,23.54
2025-08-30,35.9,25.1,29.4,0.9,0.9,3.0,9.9,32.0,159,22.44
2025-08-31,33.4,25.0,29.3,0.0,0.0,0.0,6.8,20.2,181,20.3
2025-09-01,31.6,26.0,28.7,1.1,1.1,3.0,8.4,20.9,250,13.14
2025-09-02,30.1,25.3,27.5,6.4,6.4,5.0,5.0,16.9,102,12.71
2025-09-03,31.1,24.5,27.7,0.5,0.5,5.0,7.3,23.4,198,19.6
2025-09-04,32.7,24.3,28.2,0.2,0.2,2.0,7.1,26.3,163,20.75
2025-09-05,33.1,25.1,28.8,0.2,0.2,2.0,10.8,32.4,331,20.35
2025-09-06,35.2,25.0,29.2,0.2,0.2,2.0,13.2,37.4,214,20.62
2025-09-07,33.8,25.1,27.9,15.9,15.9,9.0,8.9,31.0,173,16.86
2025-09-08,32.4,23.9,27.4,11.6,11.6,9.0,10.8,33.5,153,19.75
2025-09-09,32.3,23.7,27.2,7.1,7.1,2.0,8.7,28.1,161,19.07
2025-09-10,33.3,24.1,27.8,2.1,2.1,2.0,8.4,23.8,120,19.85
2025-09-11,33.2,24.3,27.8,3.1,3.1,3.0,10.3,30.2,37,20.4
2025-09-12,33.4,24.2,28.3,0.0,0.0,0.0,7.3,23.0,120,19.77
2025-09-13,33.1,25.5,28.5,0.3,0.3,2.0,8.9,29.9,156,18.86
2025-09-14,33.3,25.4,28.1,2.0,2.0,3.0,7.5,26.6,125,17.81
2025-09-15,34.2,25.7,29.2,0.7,0.7,3.0,13.4,37.8,14,20.87
2025-09-16,34.4,24.6,29.3,0.0,0.0,0.0,8.5,20.9,200,18.5
2025-09-17,34.5,24.7,29.5,0.3,0.3,1.0,8.3,23.4,171,20.59
2025-09-18,34.5,25.3,28.0,5.3,5.3,4.0,9.4,28.8,201,16.03
2025-09-19,32.5,24.8,27.2,3.9,3.9,7.0,10.2,28.1,101,17.74
2025-09-20,30.6,23.1,26.4,8.4,8.4,5.0,9.9,27.4,26,13.73
2025-09-21,32.6,23.1,28.0,0.0,0.0,0.0,8.0,22.3,148,20.2
2025-09-22,33.4,23.5,28.8,0.4,0.4,2.0,9.9,23.0,74,9.95
2025-09-23,30.2,24.0,27.1,6.4,6.4,16.0,7.2,22.0,145,12.71
2025-09-24,31.3,23.7,26.7,6.0,6.0,7.0,15.6,40.0,17,16.34
2025-09-25,33.2,22.6,28.0,1.4,1.4,5.0,9.0,24.5,337,20.34
2025-09-26,31.1,24.7,27.6,0.7,0.7,3.0,7.3,15.1,74,10.88
2025-09-27,33.4,22.9,27.8,0.0,0.0,0.0,10.3,23.4,110,21.69
2025-09-28,33.5,23.1,27.6,0.0,0.0,0.0,11.6,32.0,148,20.05
2025-09-29,32.7,24.4,28.3,0.9,0.9,3.0,9.7,29.9,318,19.4
2025-09-30,33.5,25.0,29.0,0.4,0.4,3.0,8.3,27.0,258,18.1
2025-10-01,34.4,24.4,29.0,0.0,0.0,0.0,10.8,31.3,351,19.53
2025-10-02,34.3,24.8,29.3,0.0,0.0,0.0,9.4,29.2,203,18.4
2025-10-03,35.0,24.1,28.9,0.1,0.1,1.0,9.4,30.2,22,20.83
2025-10-04,35.5,25.6,29.5,0.8,0.8,1.0,9.5,29.9,107,18.98
2025-10-05,35.7,23.8,29.6,0.7,0.7,3.0,9.7,28.4,11,20.2
2025-10-06,34.5,24.2,29.0,2.3,2.3,3.0,11.7,34.6,350,18.72
2025-10-07,34.1,24.4,29.2,0.0,0.0,0.0,11.0,27.4,207,16.95
2025-10-08,34.9,26.2,30.1,0.0,0.0,0.0,14.0,36.0,243,19.76
2025-10-09,35.5,25.0,29.3,0.0,0.0,0.0,12.2,29.9,342,19.39
2025-10-10,34.7,25.0,28.7,0.1,0.1,1.0,12.7,32.4,2,17.93
2025-10-11,35.2,24.8,29.2,0.0,0.0,0.0,10.5,28.4,63,20.2
2025-10-12,34.8,24.4,28.9,0.0,0.0,0.0,9.8,29.2,341,20.91
2025-10-13,35.3,24.0,29.2,0.0,0.0,0.0,11.1,30.6,19,20.38
2025-10-14,35.3,25.6,29.7,0.4,0.4,1.0,11.3,31.7,7,19.22
2025-10-15,34.8,24.8,28.9,0.8,0.8,2.0,7.6,25.2,170,17.69
2025-10-16,33.9,24.7,27.9,2.8,2.8,2.0,9.3,34.9,99,17.61
2025-10-17,34.9,23.5,28.9,0.2,0.2,2.0,7.7,24.8,346,19.42
2025-10-18,34.5,24.6,29.7,0.0,0.0,0.0,10.6,32.0,264,19.15
2025-10-19,33.5,24.3,28.5,1.2,1.2,2.0,15.0,32.8,102,11.28
2025-10-20,28.7,22.0,25.2,11.3,11.3,10.0,32.2,76.7,10,11.93
2025-10-21,27.0,21.9,23.5,0.2,0.2,2.0,33.4,78.8,10,17.12
2025-10-22,25.9,21.3,22.9,0.0,0.0,0.0,35.3,82.4,12,17.39
2025-10-23,28.4,21.1,24.1,0.2,0.2,2.0,29.0,67.3,11,13.43
2025-10-24,28.8,21.2,23.9,0.2,0.2,1.0,18.5,46.4,12,14.77
2025-10-25,31.6,21.3,25.3,0.0,0.0,0.0,13.2,30.2,15,17.77
2025-10-26,29.5,21.7,24.5,0.0,0.0,0.0,19.6,47.9,9,18.86
2025-10-27,30.0,20.7,23.2,3.8,3.8,8.0,13.5,33.5,8,9.13
2025-10-28,26.3,20.1,22.4,5.3,5.3,9.0,13.4,30.2,10,10.13
2025-10-29,30.9,20.1,24.5,0.0,0.0,0.0,10.1,23.4,351,17.19
2025-10-30,30.2,23.4,26.0,3.6,3.6,6.0,14.3,34.6,353,17.21
2025-10-31,28.1,20.8,23.7,0.0,0.0,0.0,19.1,48.6,4,17.95
2025-11-01,29.2,19.5,23.7,1.4,1.4,4.0,12.8,31.7,20,17.17
2025-11-02,27.1,19.9,23.1,0.3,0.3,3.0,12.4,29.9,26,10.11
2025-11-03,27.6,19.5,22.2,1.5,1.5,6.0,13.0,33.5,10,14.41
2025-11-04,28.3,19.6,22.9,0.4,0.4,4.0,13.3,33.5,7,14.98
2025-11-05,29.8,19.8,23.8,0.0,0.0,0.0,16.2,40.7,5,17.76
2025-11-06,31.8,19.9,25.4,0.0,0.0,0.0,10.7,24.1,11,18.19
2025-11-07,32.7,22.0,26.7,0.0,0.0,0.0,11.3,30.6,15,17.87
2025-11-08,31.5,22.7,26.4,0.0,0.0,0.0,11.1,28.4,343,14.31
2025-11-09,32.3,21.2,26.3,0.0,0.0,0.0,13.9,32.0,2,17.55
2025-11-10,27.9,21.2,23.5,3.0,3.0,5.0,14.6,35.6,10,8.35
2025-11-11,28.0,21.3,23.4,9.7,9.7,5.0,14.6,34.9,12,11.87
2025-11-12,25.2,20.9,22.5,1.2,1.2,6.0,30.4,72.0,8,6.01
2025-11-13,26.0,21.1,22.7,1.7,1.7,9.0,24.2,54.7,11,11.88
2025-11-14,27.5,18.7,22.2,0.6,0.6,2.0,13.9,31.0,12,16.53
2025-11-15,28.0,17.5,21.9,0.0,0.0,0.0,12.1,29.5,13,17.52
2025-11-16,28.2,17.9,22.6,0.0,0.0,0.0,9.3,25.9,9,17.2
2025-11-17,27.6,18.6,22.3,0.0,0.0,0.0,18.9,42.1,12,15.04
2025-11-18,22.8,15.3,19.0,14.5,14.5,9.0,28.8,69.8,10,15.3
2025-11-19,19.4,14.0,15.3,0.0,0.0,0.0,20.8,50.0,8,10.16
2025-11-20,22.1,13.6,17.5,0.0,0.0,0.0,12.8,31.3,13,10.17
2025-11-21,24.5,16.2,18.9,0.0,0.0,0.0,12.5,28.1,24,7.04
2025-11-22,26.9,15.0,20.0,0.0,0.0,0.0,14.0,32.4,30,16.98
2025-11-23,28.9,15.5,21.3,0.0,0.0,0.0,15.0,38.2,5,16.95
2025-11-24,28.6,17.7,22.1,0.0,0.0,0.0,13.1,34.6,9,16.85
2025-11-25,24.4,16.5,19.8,0.0,0.0,0.0,24.9,60.1,12,16.64
2025-11-26,26.9,14.7,20.2,0.0,0.0,0.0,9.4,20.9,29,16.13
2025-11-27,22.1,16.7,19.1,0.1,0.1,1.0,19.7,48.2,15,6.68
2025-11-28,24.4,16.4,19.8,0.1,0.1,1.0,11.1,23.4,11,9.8
2025-11-29,27.5,15.5,20.5,0.0,0.0,0.0,12.1,27.0,13,16.81
2025-11-30,28.2,14.5,20.8,0.0,0.0,0.0,14.7,38.2,29,12.02
2025-12-01,28.6,18.7,22.3,16.0,16.0,4.0,15.8,41.0,8,13.99
2025-12-02,30.6,18.7,22.9,0.4,0.4,2.0,16.7,41.0,13,15.97
2025-12-03,20.0,15.1,18.2,0.0,0.0,0.0,20.6,50.0,9,7.03
2025-12-04,25.9,13.9,19.0,0.0,0.0,0.0,13.5,29.5,10,15.39
2025-12-05,25.1,14.6,19.0,0.0,0.0,0.0,15.5,36.7,17,14.61
2025-12-06,25.8,14.8,19.7,0.0,0.0,0.0,14.4,38.9,14,16.12
2025-12-07,26.8,14.6,20.3,0.0,0.0,0.0,9.2,21.2,39,16.15
2025-12-08,25.1,14.9,19.3,0.0,0.0,0.0,23.7,58.3,14,16.14
2025-12-09,27.1,15.0,20.5,0.0,0.0,0.0,9.5,23.4,10,15.71
2025-12-10,26.9,15.7,20.1,0.0,0.0,0.0,13.3,36.0,10,15.35
2025-12-11,24.9,14.3,19.3,0.0,0.0,0.0,18.4,47.2,19,16.15
2025-12-12,26.8,15.8,20.3,0.0,0.0,0.0,16.4,40.0,28,15.33
2025-12-13,24.0,15.8,19.0,0.0,0.0,0.0,22.8,55.4,6,11.73
2025-12-14,20.4,13.4,16.0,0.6,0.6,1.0,20.9,53.6,4,15.07
2025-12-15,24.1,13.0,18.1,0.0,0.0,0.0,8.7,22.0,309,15.48
2025-12-16,24.9,12.3,18.2,0.0,0.0,0.0,13.7,34.2,18,15.78
2025-12-17,26.6,14.3,19.8,0.0,0.0,0.0,18.6,47.5,13,15.34
2025-12-18,27.0,15.4,20.8,0.0,0.0,0.0,7.8,21.6,27,13.09
2025-12-19,24.1,18.6,20.6,2.2,2.2,7.0,17.3,42.1,5,9.8
2025-12-20,24.5,18.4,20.4,0.4,0.4,1.0,9.4,22.7,16,8.9
2025-12-21,24.1,15.6,19.1,0.0,0.0,0.0,23.0,59.4,4,15.61
2025-12-22,25.4,14.7,18.9,0.0,0.0,0.0,11.6,25.2,15,15.21
2025-12-23,26.5,15.0,19.9,0.0,0.0,0.0,9.9,23.8,7,14.11
2025-12-24,27.4,14.8,20.8,1.0,1.0,2.0,10.0,27.0,357,13.93
2025-12-25,19.0,11.8,16.0,4.4,4.4,5.0,27.3,65.2,8,14.85
2025-12-26,16.5,10.8,13.3,14.1,14.1,12.0,17.8,39.2,20,5.55
2025-12-27,19.6,13.1,15.2,11.0,11.0,9.0,18.7,43.9,6,8.72
2025-12-28,20.7,12.8,16.1,0.0,0.0,0.0,13.7,30.2,14,5.8
2025-12-29,24.7,12.8,17.9,0.0,0.0,0.0,6.8,18.4,22,11.96
2025-12-30,23.6,13.7,17.5,0.0,0.0,0.0,16.2,39.6,12,15.85
2025-12-31,21.8,14.0,17.1,0.0,0.0,0.0,20.4,49.3,16,15.16
